ISO-10303-21;
HEADER;
/* Generated by software containing ST-Developer
 * from STEP Tools, Inc. (www.steptools.com) 
 */

FILE_DESCRIPTION(
/* description */ (''),
/* implementation_level */ '2;1');

FILE_NAME(
/* name */ 'boat hull.step',
/* time_stamp */ '2026-10-05T11:13:04+01:00',
/* author */ (''),
/* organization */ (''),
/* preprocessor_version */ 'ST-DEVELOPER v20.1',
/* originating_system */ 'Autodesk Translation Framework v15.8.0.0',
/* authorisation */ '');

FILE_SCHEMA (('AUTOMOTIVE_DESIGN { 1 0 10303 214 3 1 1 }'));
ENDSEC;

DATA;
#10=MECHANICAL_DESIGN_GEOMETRIC_PRESENTATION_REPRESENTATION('',(#13),#3400);
#11=SHAPE_REPRESENTATION_RELATIONSHIP('SRR','None',#3407,#12);
#12=ADVANCED_BREP_SHAPE_REPRESENTATION('',(#14),#3399);
#13=STYLED_ITEM('',(#3416),#14);
#14=MANIFOLD_SOLID_BREP('Body27',#258);
#15=LINE('',#1017,#16);
#16=VECTOR('',#278,10.);
#17=PLANE('',#272);
#18=PLANE('',#273);
#19=FACE_OUTER_BOUND('',#24,.T.);
#20=FACE_OUTER_BOUND('',#25,.T.);
#21=FACE_OUTER_BOUND('',#26,.T.);
#22=FACE_OUTER_BOUND('',#27,.T.);
#23=FACE_OUTER_BOUND('',#28,.T.);
#24=EDGE_LOOP('',(#160,#161,#162,#163,#164,#165,#166,#167,#168,#169,#170,
#171,#172,#173,#174,#175,#176,#177,#178,#179,#180,#181,#182,#183,#184,#185,
#186,#187,#188,#189,#190,#191,#192,#193,#194,#195,#196,#197,#198,#199));
#25=EDGE_LOOP('',(#200,#201,#202,#203));
#26=EDGE_LOOP('',(#204,#205,#206,#207,#208,#209,#210,#211,#212,#213,#214,
#215,#216,#217,#218,#219,#220,#221,#222,#223,#224));
#27=EDGE_LOOP('',(#225,#226,#227,#228));
#28=EDGE_LOOP('',(#229,#230,#231,#232,#233,#234,#235,#236,#237,#238,#239,
#240,#241,#242,#243,#244,#245,#246,#247,#248,#249));
#29=B_SPLINE_CURVE_WITH_KNOTS('',3,(#634,#635,#636,#637,#638,#639,#640,
#641,#642,#643,#644,#645,#646,#647,#648,#649),.UNSPECIFIED.,.F.,.F.,(4,
3,3,3,3,4),(0.,0.00517439704566287,0.00905520219887753,0.0103488018374846,
0.0168168103604276,0.0181104043977539),.UNSPECIFIED.);
#30=B_SPLINE_CURVE_WITH_KNOTS('',3,(#651,#652,#653,#654,#655,#656),
 .UNSPECIFIED.,.F.,.F.,(4,2,4),(-80.0304872657903,-75.925572472276,-75.9254357998179),
 .UNSPECIFIED.);
#31=B_SPLINE_CURVE_WITH_KNOTS('',3,(#658,#659,#660,#661,#662,#663,#664,
#665,#666,#667,#668,#669,#670,#671),.UNSPECIFIED.,.F.,.F.,(4,2,2,2,2,2,
4),(-75.9254357998179,-71.5509616025152,-68.4751479338384,-67.1788351451745,
-62.8041809457866,-45.2433795443538,-45.2432528890627),.UNSPECIFIED.);
#32=B_SPLINE_CURVE_WITH_KNOTS('',3,(#673,#674,#675,#676,#677,#678,#679,
#680),.UNSPECIFIED.,.F.,.F.,(4,2,2,4),(-45.2432528890627,-35.7457789404643,
-27.5622349311926,-27.5621832284797),.UNSPECIFIED.);
#33=B_SPLINE_CURVE_WITH_KNOTS('',3,(#682,#683,#684,#685,#686,#687),
 .UNSPECIFIED.,.F.,.F.,(4,2,4),(-27.5621832284797,-20.7851106988033,-20.7850887974391),
 .UNSPECIFIED.);
#34=B_SPLINE_CURVE_WITH_KNOTS('',3,(#689,#690,#691,#692),.UNSPECIFIED.,
 .F.,.F.,(4,4),(-20.7850887974391,-18.350572485918),.UNSPECIFIED.);
#35=B_SPLINE_CURVE_WITH_KNOTS('',3,(#694,#695,#696,#697,#698,#699,#700,
#701,#702),.UNSPECIFIED.,.F.,.F.,(4,2,1,2,4),(-18.350572485918,-18.3503721157766,
-15.8396840410215,-13.3289959662664,-13.3288043996823),.UNSPECIFIED.);
#36=B_SPLINE_CURVE_WITH_KNOTS('',3,(#704,#705,#706,#707,#708,#709),
 .UNSPECIFIED.,.F.,.F.,(4,2,4),(-13.3288043996823,-13.0800908640259,-13.0799347270235),
 .UNSPECIFIED.);
#37=B_SPLINE_CURVE_WITH_KNOTS('',3,(#711,#712,#713,#714),.UNSPECIFIED.,
 .F.,.F.,(4,4),(-13.0799347270235,-10.2193587915301),.UNSPECIFIED.);
#38=B_SPLINE_CURVE_WITH_KNOTS('',3,(#716,#717,#718,#719,#720,#721),
 .UNSPECIFIED.,.F.,.F.,(4,2,4),(-10.2193587915301,-10.219127490453,-8.96535455593101),
 .UNSPECIFIED.);
#39=B_SPLINE_CURVE_WITH_KNOTS('',3,(#723,#724,#725,#726,#727,#728,#729,
#730),.UNSPECIFIED.,.F.,.F.,(4,2,2,4),(-8.96535455593101,-8.9653323121311,
-7.84744912625345,-7.84740367389321),.UNSPECIFIED.);
#40=B_SPLINE_CURVE_WITH_KNOTS('',3,(#732,#733,#734,#735,#736,#737),
 .UNSPECIFIED.,.F.,.F.,(4,2,4),(-7.84740367389321,-5.72202966191354,-5.72194742230385),
 .UNSPECIFIED.);
#41=B_SPLINE_CURVE_WITH_KNOTS('',3,(#739,#740,#741,#742),.UNSPECIFIED.,
 .F.,.F.,(4,4),(-5.72194742230385,-4.18720480600216),.UNSPECIFIED.);
#42=B_SPLINE_CURVE_WITH_KNOTS('',3,(#744,#745,#746,#747,#748,#749),
 .UNSPECIFIED.,.F.,.F.,(4,2,4),(-4.18720480600216,-4.18712177217637,-3.71314142925193),
 .UNSPECIFIED.);
#43=B_SPLINE_CURVE_WITH_KNOTS('',3,(#751,#752,#753,#754,#755,#756,#757,
#758),.UNSPECIFIED.,.F.,.F.,(4,2,2,4),(-3.71314142925193,-3.71288902456769,
-1.76462879415763,-1.76405455063863),.UNSPECIFIED.);
#44=B_SPLINE_CURVE_WITH_KNOTS('',3,(#760,#761,#762,#763),.UNSPECIFIED.,
 .F.,.F.,(4,4),(-1.76405455063863,-0.800657471140087),.UNSPECIFIED.);
#45=B_SPLINE_CURVE_WITH_KNOTS('',3,(#765,#766,#767,#768,#769,#770),
 .UNSPECIFIED.,.F.,.F.,(4,2,4),(-0.800657471140087,-0.800627201366593,-0.305677754798851),
 .UNSPECIFIED.);
#46=B_SPLINE_CURVE_WITH_KNOTS('',3,(#772,#773,#774,#775,#776,#777),
 .UNSPECIFIED.,.F.,.F.,(4,2,4),(-0.305677754798851,-0.305413309035597,-0.0905588118753736),
 .UNSPECIFIED.);
#47=B_SPLINE_CURVE_WITH_KNOTS('',3,(#779,#780,#781,#782,#783,#784,#785),
 .UNSPECIFIED.,.F.,.F.,(4,2,1,4),(-0.0905588118753736,-0.0895402035937846,
-0.0227378778068053,-0.000476242859402405),.UNSPECIFIED.);
#48=B_SPLINE_CURVE_WITH_KNOTS('',3,(#787,#788,#789,#790),.UNSPECIFIED.,
 .F.,.F.,(4,4),(-0.000477686141752658,-0.000470435877812997),
 .UNSPECIFIED.);
#49=B_SPLINE_CURVE_WITH_KNOTS('',3,(#792,#793,#794,#795,#796,#797,#798,
#799,#800,#801,#802,#803,#804,#805,#806,#807,#808,#809,#810,#811,#812,#813,
#814,#815,#816,#817,#818,#819,#820,#821,#822,#823,#824,#825,#826,#827,#828,
#829,#830,#831,#832,#833,#834,#835,#836,#837,#838,#839,#840,#841,#842,#843),
 .UNSPECIFIED.,.F.,.F.,(4,3,3,3,3,3,3,3,3,3,3,3,3,3,3,3,3,4),(0.,0.0650457657683348,
0.124483746423052,0.18214579447619,0.242263229518601,0.303251903916893,
0.364240578315185,0.390232525575001,0.450257166349369,0.510502200461735,
0.546318914133704,0.606554469411144,0.650376718546344,0.710560759775557,
0.728413698218466,0.787922048594562,0.849240770843574,0.910559493092586),
 .UNSPECIFIED.);
#50=B_SPLINE_CURVE_WITH_KNOTS('',3,(#845,#846,#847,#848),.UNSPECIFIED.,
 .F.,.F.,(4,4),(0.000470435877813591,0.000477686141752658),
 .UNSPECIFIED.);
#51=B_SPLINE_CURVE_WITH_KNOTS('',3,(#850,#851,#852,#853,#854,#855,#856),
 .UNSPECIFIED.,.F.,.F.,(4,1,2,4),(0.000476242859404107,0.0227378778068053,
0.0895402035937846,0.0905587901730408),.UNSPECIFIED.);
#52=B_SPLINE_CURVE_WITH_KNOTS('',3,(#858,#859,#860,#861,#862,#863),
 .UNSPECIFIED.,.F.,.F.,(4,2,4),(0.0905587901730408,0.305413309035597,0.305677753162132),
 .UNSPECIFIED.);
#53=B_SPLINE_CURVE_WITH_KNOTS('',3,(#865,#866,#867,#868,#869,#870),
 .UNSPECIFIED.,.F.,.F.,(4,2,4),(0.305677753162132,0.800627201366593,0.800657471140088),
 .UNSPECIFIED.);
#54=B_SPLINE_CURVE_WITH_KNOTS('',3,(#872,#873,#874,#875),.UNSPECIFIED.,
 .F.,.F.,(4,4),(0.800657471140088,1.76405455063863),.UNSPECIFIED.);
#55=B_SPLINE_CURVE_WITH_KNOTS('',3,(#877,#878,#879,#880,#881,#882,#883,
#884),.UNSPECIFIED.,.F.,.F.,(4,2,2,4),(1.76405455063863,1.76462879415763,
3.71288902456769,3.71314142923904),.UNSPECIFIED.);
#56=B_SPLINE_CURVE_WITH_KNOTS('',3,(#886,#887,#888,#889,#890,#891),
 .UNSPECIFIED.,.F.,.F.,(4,2,4),(3.71314142923904,4.18712177217637,4.18720480657704),
 .UNSPECIFIED.);
#57=B_SPLINE_CURVE_WITH_KNOTS('',3,(#893,#894,#895,#896),.UNSPECIFIED.,
 .F.,.F.,(4,4),(4.18720480657704,5.72194742230385),.UNSPECIFIED.);
#58=B_SPLINE_CURVE_WITH_KNOTS('',3,(#898,#899,#900,#901,#902,#903),
 .UNSPECIFIED.,.F.,.F.,(4,2,4),(5.72194742230385,5.72202966191354,7.84740367389321),
 .UNSPECIFIED.);
#59=B_SPLINE_CURVE_WITH_KNOTS('',3,(#905,#906,#907,#908,#909,#910,#911,
#912),.UNSPECIFIED.,.F.,.F.,(4,2,2,4),(7.84740367389321,7.84744912625345,
8.9653323121311,8.96535455593101),.UNSPECIFIED.);
#60=B_SPLINE_CURVE_WITH_KNOTS('',3,(#914,#915,#916,#917,#918,#919),
 .UNSPECIFIED.,.F.,.F.,(4,2,4),(8.96535455593101,10.219127490453,10.2193587915301),
 .UNSPECIFIED.);
#61=B_SPLINE_CURVE_WITH_KNOTS('',3,(#921,#922,#923,#924),.UNSPECIFIED.,
 .F.,.F.,(4,4),(10.2193587915301,13.0799347270235),.UNSPECIFIED.);
#62=B_SPLINE_CURVE_WITH_KNOTS('',3,(#926,#927,#928,#929,#930,#931),
 .UNSPECIFIED.,.F.,.F.,(4,2,4),(13.0799347270235,13.0800908640259,13.3288043996823),
 .UNSPECIFIED.);
#63=B_SPLINE_CURVE_WITH_KNOTS('',3,(#933,#934,#935,#936,#937,#938,#939,
#940,#941),.UNSPECIFIED.,.F.,.F.,(4,2,1,2,4),(13.3288043996823,13.3289959662664,
15.8396840410215,18.3503721157766,18.3505724503281),.UNSPECIFIED.);
#64=B_SPLINE_CURVE_WITH_KNOTS('',3,(#943,#944,#945,#946),.UNSPECIFIED.,
 .F.,.F.,(4,4),(18.3505724503281,20.7850887750687),.UNSPECIFIED.);
#65=B_SPLINE_CURVE_WITH_KNOTS('',3,(#948,#949,#950,#951,#952,#953),
 .UNSPECIFIED.,.F.,.F.,(4,2,4),(20.7850887750687,20.7851106988033,27.5621831913951),
 .UNSPECIFIED.);
#66=B_SPLINE_CURVE_WITH_KNOTS('',3,(#955,#956,#957,#958,#959,#960,#961,
#962),.UNSPECIFIED.,.F.,.F.,(4,2,2,4),(27.5621831913951,27.5622349311926,
35.7457789404643,45.2432528632448),.UNSPECIFIED.);
#67=B_SPLINE_CURVE_WITH_KNOTS('',3,(#964,#965,#966,#967,#968,#969,#970,
#971,#972,#973,#974,#975,#976,#977),.UNSPECIFIED.,.F.,.F.,(4,2,2,2,2,2,
4),(45.2432528632448,45.2433795443538,62.8041809457866,67.1788351451745,
68.4751479338384,71.5509616025152,75.9254357998179),.UNSPECIFIED.);
#68=B_SPLINE_CURVE_WITH_KNOTS('',3,(#978,#979,#980,#981,#982,#983),
 .UNSPECIFIED.,.F.,.F.,(4,2,4),(75.9254357998179,75.925572472276,80.0304872657903),
 .UNSPECIFIED.);
#69=B_SPLINE_CURVE_WITH_KNOTS('',3,(#986,#987,#988,#989,#990,#991,#992,
#993,#994,#995,#996,#997,#998,#999,#1000,#1001,#1002,#1003,#1004,#1005,
#1006,#1007,#1008,#1009,#1010,#1011,#1012,#1013,#1014,#1015),
 .UNSPECIFIED.,.F.,.F.,(4,2,2,2,2,2,2,2,2,2,2,2,2,2,4),(0.292066663285452,
0.673042918246652,1.53327630003142,2.53569408615936,3.2334419115629,3.86308174023793,
4.51987784422072,5.54553982644771,5.65248100430038,5.69778859576038,5.73529672867142,
5.77507494866158,5.80782305167567,5.8487079603119,5.90597512749535),
 .UNSPECIFIED.);
#70=B_SPLINE_CURVE_WITH_KNOTS('',3,(#1018,#1019,#1020,#1021,#1022,#1023,
#1024,#1025,#1026,#1027,#1028,#1029,#1030,#1031,#1032,#1033,#1034,#1035,
#1036,#1037,#1038,#1039,#1040,#1041,#1042,#1043,#1044,#1045,#1046,#1047),
 .UNSPECIFIED.,.F.,.F.,(4,2,2,2,2,2,2,2,2,2,2,2,2,2,4),(0.292066663285476,
0.673042918246652,1.53327630003142,2.53569408615936,3.2334419115629,3.86308174023793,
4.51987784422072,5.54553982644771,5.65248100430038,5.69778859576038,5.73529672867142,
5.77507494866158,5.80782305167567,5.8487079603119,5.90597512749535),
 .UNSPECIFIED.);
#71=B_SPLINE_CURVE_WITH_KNOTS('',3,(#2200,#2201,#2202,#2203,#2204,#2205,
#2206,#2207,#2208,#2209,#2210,#2211,#2212,#2213,#2214,#2215,#2216,#2217,
#2218,#2219,#2220,#2221),.UNSPECIFIED.,.F.,.F.,(4,2,2,2,2,2,2,2,2,2,4),
(1.00000940281482E-6,1.74296531616953,3.48523173832532,4.68603757459586,
9.62530177153247,13.6796768485382,18.5861863471012,21.254601727366,25.0274049316367,
26.6797047195442,28.3182461820083),.UNSPECIFIED.);
#72=B_SPLINE_CURVE_WITH_KNOTS('',3,(#2223,#2224,#2225,#2226,#2227,#2228,
#2229,#2230,#2231,#2232,#2233,#2234,#2235,#2236,#2237,#2238,#2239,#2240,
#2241,#2242,#2243,#2244),.UNSPECIFIED.,.F.,.F.,(4,2,2,2,2,2,2,2,2,2,4),
(1.00000940281482E-6,1.74296531616953,3.48523173832532,4.68603757459586,
9.62530177153247,13.6796768485382,18.5861863471012,21.254601727366,25.0274049316367,
26.6797047195442,28.3182461820083),.UNSPECIFIED.);
#73=VERTEX_POINT('',#632);
#74=VERTEX_POINT('',#633);
#75=VERTEX_POINT('',#650);
#76=VERTEX_POINT('',#657);
#77=VERTEX_POINT('',#672);
#78=VERTEX_POINT('',#681);
#79=VERTEX_POINT('',#688);
#80=VERTEX_POINT('',#693);
#81=VERTEX_POINT('',#703);
#82=VERTEX_POINT('',#710);
#83=VERTEX_POINT('',#715);
#84=VERTEX_POINT('',#722);
#85=VERTEX_POINT('',#731);
#86=VERTEX_POINT('',#738);
#87=VERTEX_POINT('',#743);
#88=VERTEX_POINT('',#750);
#89=VERTEX_POINT('',#759);
#90=VERTEX_POINT('',#764);
#91=VERTEX_POINT('',#771);
#92=VERTEX_POINT('',#778);
#93=VERTEX_POINT('',#786);
#94=VERTEX_POINT('',#791);
#95=VERTEX_POINT('',#844);
#96=VERTEX_POINT('',#849);
#97=VERTEX_POINT('',#857);
#98=VERTEX_POINT('',#864);
#99=VERTEX_POINT('',#871);
#100=VERTEX_POINT('',#876);
#101=VERTEX_POINT('',#885);
#102=VERTEX_POINT('',#892);
#103=VERTEX_POINT('',#897);
#104=VERTEX_POINT('',#904);
#105=VERTEX_POINT('',#913);
#106=VERTEX_POINT('',#920);
#107=VERTEX_POINT('',#925);
#108=VERTEX_POINT('',#932);
#109=VERTEX_POINT('',#942);
#110=VERTEX_POINT('',#947);
#111=VERTEX_POINT('',#954);
#112=VERTEX_POINT('',#963);
#113=VERTEX_POINT('',#985);
#114=VERTEX_POINT('',#1016);
#115=EDGE_CURVE('',#73,#74,#29,.T.);
#116=EDGE_CURVE('',#74,#75,#30,.T.);
#117=EDGE_CURVE('',#75,#76,#31,.T.);
#118=EDGE_CURVE('',#76,#77,#32,.T.);
#119=EDGE_CURVE('',#77,#78,#33,.T.);
#120=EDGE_CURVE('',#78,#79,#34,.T.);
#121=EDGE_CURVE('',#79,#80,#35,.T.);
#122=EDGE_CURVE('',#80,#81,#36,.T.);
#123=EDGE_CURVE('',#81,#82,#37,.T.);
#124=EDGE_CURVE('',#82,#83,#38,.T.);
#125=EDGE_CURVE('',#83,#84,#39,.T.);
#126=EDGE_CURVE('',#84,#85,#40,.T.);
#127=EDGE_CURVE('',#85,#86,#41,.T.);
#128=EDGE_CURVE('',#86,#87,#42,.T.);
#129=EDGE_CURVE('',#87,#88,#43,.T.);
#130=EDGE_CURVE('',#88,#89,#44,.T.);
#131=EDGE_CURVE('',#89,#90,#45,.T.);
#132=EDGE_CURVE('',#90,#91,#46,.T.);
#133=EDGE_CURVE('',#91,#92,#47,.T.);
#134=EDGE_CURVE('',#92,#93,#48,.T.);
#135=EDGE_CURVE('',#93,#94,#49,.T.);
#136=EDGE_CURVE('',#94,#95,#50,.T.);
#137=EDGE_CURVE('',#95,#96,#51,.T.);
#138=EDGE_CURVE('',#96,#97,#52,.T.);
#139=EDGE_CURVE('',#97,#98,#53,.T.);
#140=EDGE_CURVE('',#98,#99,#54,.T.);
#141=EDGE_CURVE('',#99,#100,#55,.T.);
#142=EDGE_CURVE('',#100,#101,#56,.T.);
#143=EDGE_CURVE('',#101,#102,#57,.T.);
#144=EDGE_CURVE('',#102,#103,#58,.T.);
#145=EDGE_CURVE('',#103,#104,#59,.T.);
#146=EDGE_CURVE('',#104,#105,#60,.T.);
#147=EDGE_CURVE('',#105,#106,#61,.T.);
#148=EDGE_CURVE('',#106,#107,#62,.T.);
#149=EDGE_CURVE('',#107,#108,#63,.T.);
#150=EDGE_CURVE('',#108,#109,#64,.T.);
#151=EDGE_CURVE('',#109,#110,#65,.T.);
#152=EDGE_CURVE('',#110,#111,#66,.T.);
#153=EDGE_CURVE('',#111,#112,#67,.T.);
#154=EDGE_CURVE('',#112,#73,#68,.T.);
#155=EDGE_CURVE('',#93,#113,#69,.T.);
#156=EDGE_CURVE('',#113,#114,#15,.T.);
#157=EDGE_CURVE('',#94,#114,#70,.T.);
#158=EDGE_CURVE('',#113,#74,#71,.T.);
#159=EDGE_CURVE('',#114,#73,#72,.T.);
#160=ORIENTED_EDGE('',*,*,#115,.T.);
#161=ORIENTED_EDGE('',*,*,#116,.T.);
#162=ORIENTED_EDGE('',*,*,#117,.T.);
#163=ORIENTED_EDGE('',*,*,#118,.T.);
#164=ORIENTED_EDGE('',*,*,#119,.T.);
#165=ORIENTED_EDGE('',*,*,#120,.T.);
#166=ORIENTED_EDGE('',*,*,#121,.T.);
#167=ORIENTED_EDGE('',*,*,#122,.T.);
#168=ORIENTED_EDGE('',*,*,#123,.T.);
#169=ORIENTED_EDGE('',*,*,#124,.T.);
#170=ORIENTED_EDGE('',*,*,#125,.T.);
#171=ORIENTED_EDGE('',*,*,#126,.T.);
#172=ORIENTED_EDGE('',*,*,#127,.T.);
#173=ORIENTED_EDGE('',*,*,#128,.T.);
#174=ORIENTED_EDGE('',*,*,#129,.T.);
#175=ORIENTED_EDGE('',*,*,#130,.T.);
#176=ORIENTED_EDGE('',*,*,#131,.T.);
#177=ORIENTED_EDGE('',*,*,#132,.T.);
#178=ORIENTED_EDGE('',*,*,#133,.T.);
#179=ORIENTED_EDGE('',*,*,#134,.T.);
#180=ORIENTED_EDGE('',*,*,#135,.T.);
#181=ORIENTED_EDGE('',*,*,#136,.T.);
#182=ORIENTED_EDGE('',*,*,#137,.T.);
#183=ORIENTED_EDGE('',*,*,#138,.T.);
#184=ORIENTED_EDGE('',*,*,#139,.T.);
#185=ORIENTED_EDGE('',*,*,#140,.T.);
#186=ORIENTED_EDGE('',*,*,#141,.T.);
#187=ORIENTED_EDGE('',*,*,#142,.T.);
#188=ORIENTED_EDGE('',*,*,#143,.T.);
#189=ORIENTED_EDGE('',*,*,#144,.T.);
#190=ORIENTED_EDGE('',*,*,#145,.T.);
#191=ORIENTED_EDGE('',*,*,#146,.T.);
#192=ORIENTED_EDGE('',*,*,#147,.T.);
#193=ORIENTED_EDGE('',*,*,#148,.T.);
#194=ORIENTED_EDGE('',*,*,#149,.T.);
#195=ORIENTED_EDGE('',*,*,#150,.T.);
#196=ORIENTED_EDGE('',*,*,#151,.T.);
#197=ORIENTED_EDGE('',*,*,#152,.T.);
#198=ORIENTED_EDGE('',*,*,#153,.T.);
#199=ORIENTED_EDGE('',*,*,#154,.T.);
#200=ORIENTED_EDGE('',*,*,#135,.F.);
#201=ORIENTED_EDGE('',*,*,#155,.T.);
#202=ORIENTED_EDGE('',*,*,#156,.T.);
#203=ORIENTED_EDGE('',*,*,#157,.F.);
#204=ORIENTED_EDGE('',*,*,#134,.F.);
#205=ORIENTED_EDGE('',*,*,#133,.F.);
#206=ORIENTED_EDGE('',*,*,#132,.F.);
#207=ORIENTED_EDGE('',*,*,#131,.F.);
#208=ORIENTED_EDGE('',*,*,#130,.F.);
#209=ORIENTED_EDGE('',*,*,#129,.F.);
#210=ORIENTED_EDGE('',*,*,#128,.F.);
#211=ORIENTED_EDGE('',*,*,#127,.F.);
#212=ORIENTED_EDGE('',*,*,#126,.F.);
#213=ORIENTED_EDGE('',*,*,#125,.F.);
#214=ORIENTED_EDGE('',*,*,#124,.F.);
#215=ORIENTED_EDGE('',*,*,#123,.F.);
#216=ORIENTED_EDGE('',*,*,#122,.F.);
#217=ORIENTED_EDGE('',*,*,#121,.F.);
#218=ORIENTED_EDGE('',*,*,#120,.F.);
#219=ORIENTED_EDGE('',*,*,#119,.F.);
#220=ORIENTED_EDGE('',*,*,#118,.F.);
#221=ORIENTED_EDGE('',*,*,#117,.F.);
#222=ORIENTED_EDGE('',*,*,#116,.F.);
#223=ORIENTED_EDGE('',*,*,#158,.F.);
#224=ORIENTED_EDGE('',*,*,#155,.F.);
#225=ORIENTED_EDGE('',*,*,#115,.F.);
#226=ORIENTED_EDGE('',*,*,#159,.F.);
#227=ORIENTED_EDGE('',*,*,#156,.F.);
#228=ORIENTED_EDGE('',*,*,#158,.T.);
#229=ORIENTED_EDGE('',*,*,#154,.F.);
#230=ORIENTED_EDGE('',*,*,#153,.F.);
#231=ORIENTED_EDGE('',*,*,#152,.F.);
#232=ORIENTED_EDGE('',*,*,#151,.F.);
#233=ORIENTED_EDGE('',*,*,#150,.F.);
#234=ORIENTED_EDGE('',*,*,#149,.F.);
#235=ORIENTED_EDGE('',*,*,#148,.F.);
#236=ORIENTED_EDGE('',*,*,#147,.F.);
#237=ORIENTED_EDGE('',*,*,#146,.F.);
#238=ORIENTED_EDGE('',*,*,#145,.F.);
#239=ORIENTED_EDGE('',*,*,#144,.F.);
#240=ORIENTED_EDGE('',*,*,#143,.F.);
#241=ORIENTED_EDGE('',*,*,#142,.F.);
#242=ORIENTED_EDGE('',*,*,#141,.F.);
#243=ORIENTED_EDGE('',*,*,#140,.F.);
#244=ORIENTED_EDGE('',*,*,#139,.F.);
#245=ORIENTED_EDGE('',*,*,#138,.F.);
#246=ORIENTED_EDGE('',*,*,#137,.F.);
#247=ORIENTED_EDGE('',*,*,#136,.F.);
#248=ORIENTED_EDGE('',*,*,#157,.T.);
#249=ORIENTED_EDGE('',*,*,#159,.T.);
#250=B_SPLINE_SURFACE_WITH_KNOTS('',3,3,((#282,#283,#284,#285,#286,#287,
#288,#289,#290,#291,#292,#293,#294,#295,#296,#297,#298,#299,#300,#301,#302,
#303,#304,#305,#306,#307,#308,#309,#310,#311,#312,#313,#314,#315,#316,#317,
#318,#319,#320,#321,#322,#323,#324,#325,#326,#327,#328,#329,#330,#331),
(#332,#333,#334,#335,#336,#337,#338,#339,#340,#341,#342,#343,#344,#345,
#346,#347,#348,#349,#350,#351,#352,#353,#354,#355,#356,#357,#358,#359,#360,
#361,#362,#363,#364,#365,#366,#367,#368,#369,#370,#371,#372,#373,#374,#375,
#376,#377,#378,#379,#380,#381),(#382,#383,#384,#385,#386,#387,#388,#389,
#390,#391,#392,#393,#394,#395,#396,#397,#398,#399,#400,#401,#402,#403,#404,
#405,#406,#407,#408,#409,#410,#411,#412,#413,#414,#415,#416,#417,#418,#419,
#420,#421,#422,#423,#424,#425,#426,#427,#428,#429,#430,#431),(#432,#433,
#434,#435,#436,#437,#438,#439,#440,#441,#442,#443,#444,#445,#446,#447,#448,
#449,#450,#451,#452,#453,#454,#455,#456,#457,#458,#459,#460,#461,#462,#463,
#464,#465,#466,#467,#468,#469,#470,#471,#472,#473,#474,#475,#476,#477,#478,
#479,#480,#481),(#482,#483,#484,#485,#486,#487,#488,#489,#490,#491,#492,
#493,#494,#495,#496,#497,#498,#499,#500,#501,#502,#503,#504,#505,#506,#507,
#508,#509,#510,#511,#512,#513,#514,#515,#516,#517,#518,#519,#520,#521,#522,
#523,#524,#525,#526,#527,#528,#529,#530,#531),(#532,#533,#534,#535,#536,
#537,#538,#539,#540,#541,#542,#543,#544,#545,#546,#547,#548,#549,#550,#551,
#552,#553,#554,#555,#556,#557,#558,#559,#560,#561,#562,#563,#564,#565,#566,
#567,#568,#569,#570,#571,#572,#573,#574,#575,#576,#577,#578,#579,#580,#581),
(#582,#583,#584,#585,#586,#587,#588,#589,#590,#591,#592,#593,#594,#595,
#596,#597,#598,#599,#600,#601,#602,#603,#604,#605,#606,#607,#608,#609,#610,
#611,#612,#613,#614,#615,#616,#617,#618,#619,#620,#621,#622,#623,#624,#625,
#626,#627,#628,#629,#630,#631)),.UNSPECIFIED.,.F.,.F.,.F.,(4,1,1,1,4),(4,
1,2,2,2,2,2,2,2,2,2,2,2,2,1,2,2,2,2,2,2,2,2,2,2,4),(0.,0.285714285714286,
0.571428571428571,0.928571428571429,1.),(0.000470435877812194,0.0227378778068053,
0.0895402035937846,0.305413309035597,0.800627201366593,1.76462879415763,
3.71288902456769,4.18712177217637,5.72202966191354,7.84744912625345,8.9653323121311,
10.219127490453,13.0800908640259,13.3289959662664,15.8396840410215,18.3503721157766,
20.7851106988033,27.5622349311926,35.7457789404643,45.2433795443538,62.8041809457866,
67.1788351451745,68.4751479338384,71.5509616025152,75.925572472276,80.0304872657903),
 .UNSPECIFIED.);
#251=B_SPLINE_SURFACE_WITH_KNOTS('',3,3,((#1048,#1049,#1050,#1051,#1052,
#1053,#1054,#1055,#1056,#1057,#1058,#1059,#1060,#1061,#1062,#1063,#1064,
#1065,#1066,#1067,#1068,#1069,#1070,#1071,#1072,#1073,#1074,#1075,#1076,
#1077,#1078,#1079,#1080,#1081,#1082,#1083),(#1084,#1085,#1086,#1087,#1088,
#1089,#1090,#1091,#1092,#1093,#1094,#1095,#1096,#1097,#1098,#1099,#1100,
#1101,#1102,#1103,#1104,#1105,#1106,#1107,#1108,#1109,#1110,#1111,#1112,
#1113,#1114,#1115,#1116,#1117,#1118,#1119),(#1120,#1121,#1122,#1123,#1124,
#1125,#1126,#1127,#1128,#1129,#1130,#1131,#1132,#1133,#1134,#1135,#1136,
#1137,#1138,#1139,#1140,#1141,#1142,#1143,#1144,#1145,#1146,#1147,#1148,
#1149,#1150,#1151,#1152,#1153,#1154,#1155),(#1156,#1157,#1158,#1159,#1160,
#1161,#1162,#1163,#1164,#1165,#1166,#1167,#1168,#1169,#1170,#1171,#1172,
#1173,#1174,#1175,#1176,#1177,#1178,#1179,#1180,#1181,#1182,#1183,#1184,
#1185,#1186,#1187,#1188,#1189,#1190,#1191),(#1192,#1193,#1194,#1195,#1196,
#1197,#1198,#1199,#1200,#1201,#1202,#1203,#1204,#1205,#1206,#1207,#1208,
#1209,#1210,#1211,#1212,#1213,#1214,#1215,#1216,#1217,#1218,#1219,#1220,
#1221,#1222,#1223,#1224,#1225,#1226,#1227),(#1228,#1229,#1230,#1231,#1232,
#1233,#1234,#1235,#1236,#1237,#1238,#1239,#1240,#1241,#1242,#1243,#1244,
#1245,#1246,#1247,#1248,#1249,#1250,#1251,#1252,#1253,#1254,#1255,#1256,
#1257,#1258,#1259,#1260,#1261,#1262,#1263),(#1264,#1265,#1266,#1267,#1268,
#1269,#1270,#1271,#1272,#1273,#1274,#1275,#1276,#1277,#1278,#1279,#1280,
#1281,#1282,#1283,#1284,#1285,#1286,#1287,#1288,#1289,#1290,#1291,#1292,
#1293,#1294,#1295,#1296,#1297,#1298,#1299),(#1300,#1301,#1302,#1303,#1304,
#1305,#1306,#1307,#1308,#1309,#1310,#1311,#1312,#1313,#1314,#1315,#1316,
#1317,#1318,#1319,#1320,#1321,#1322,#1323,#1324,#1325,#1326,#1327,#1328,
#1329,#1330,#1331,#1332,#1333,#1334,#1335),(#1336,#1337,#1338,#1339,#1340,
#1341,#1342,#1343,#1344,#1345,#1346,#1347,#1348,#1349,#1350,#1351,#1352,
#1353,#1354,#1355,#1356,#1357,#1358,#1359,#1360,#1361,#1362,#1363,#1364,
#1365,#1366,#1367,#1368,#1369,#1370,#1371),(#1372,#1373,#1374,#1375,#1376,
#1377,#1378,#1379,#1380,#1381,#1382,#1383,#1384,#1385,#1386,#1387,#1388,
#1389,#1390,#1391,#1392,#1393,#1394,#1395,#1396,#1397,#1398,#1399,#1400,
#1401,#1402,#1403,#1404,#1405,#1406,#1407),(#1408,#1409,#1410,#1411,#1412,
#1413,#1414,#1415,#1416,#1417,#1418,#1419,#1420,#1421,#1422,#1423,#1424,
#1425,#1426,#1427,#1428,#1429,#1430,#1431,#1432,#1433,#1434,#1435,#1436,
#1437,#1438,#1439,#1440,#1441,#1442,#1443),(#1444,#1445,#1446,#1447,#1448,
#1449,#1450,#1451,#1452,#1453,#1454,#1455,#1456,#1457,#1458,#1459,#1460,
#1461,#1462,#1463,#1464,#1465,#1466,#1467,#1468,#1469,#1470,#1471,#1472,
#1473,#1474,#1475,#1476,#1477,#1478,#1479),(#1480,#1481,#1482,#1483,#1484,
#1485,#1486,#1487,#1488,#1489,#1490,#1491,#1492,#1493,#1494,#1495,#1496,
#1497,#1498,#1499,#1500,#1501,#1502,#1503,#1504,#1505,#1506,#1507,#1508,
#1509,#1510,#1511,#1512,#1513,#1514,#1515),(#1516,#1517,#1518,#1519,#1520,
#1521,#1522,#1523,#1524,#1525,#1526,#1527,#1528,#1529,#1530,#1531,#1532,
#1533,#1534,#1535,#1536,#1537,#1538,#1539,#1540,#1541,#1542,#1543,#1544,
#1545,#1546,#1547,#1548,#1549,#1550,#1551),(#1552,#1553,#1554,#1555,#1556,
#1557,#1558,#1559,#1560,#1561,#1562,#1563,#1564,#1565,#1566,#1567,#1568,
#1569,#1570,#1571,#1572,#1573,#1574,#1575,#1576,#1577,#1578,#1579,#1580,
#1581,#1582,#1583,#1584,#1585,#1586,#1587),(#1588,#1589,#1590,#1591,#1592,
#1593,#1594,#1595,#1596,#1597,#1598,#1599,#1600,#1601,#1602,#1603,#1604,
#1605,#1606,#1607,#1608,#1609,#1610,#1611,#1612,#1613,#1614,#1615,#1616,
#1617,#1618,#1619,#1620,#1621,#1622,#1623),(#1624,#1625,#1626,#1627,#1628,
#1629,#1630,#1631,#1632,#1633,#1634,#1635,#1636,#1637,#1638,#1639,#1640,
#1641,#1642,#1643,#1644,#1645,#1646,#1647,#1648,#1649,#1650,#1651,#1652,
#1653,#1654,#1655,#1656,#1657,#1658,#1659),(#1660,#1661,#1662,#1663,#1664,
#1665,#1666,#1667,#1668,#1669,#1670,#1671,#1672,#1673,#1674,#1675,#1676,
#1677,#1678,#1679,#1680,#1681,#1682,#1683,#1684,#1685,#1686,#1687,#1688,
#1689,#1690,#1691,#1692,#1693,#1694,#1695),(#1696,#1697,#1698,#1699,#1700,
#1701,#1702,#1703,#1704,#1705,#1706,#1707,#1708,#1709,#1710,#1711,#1712,
#1713,#1714,#1715,#1716,#1717,#1718,#1719,#1720,#1721,#1722,#1723,#1724,
#1725,#1726,#1727,#1728,#1729,#1730,#1731),(#1732,#1733,#1734,#1735,#1736,
#1737,#1738,#1739,#1740,#1741,#1742,#1743,#1744,#1745,#1746,#1747,#1748,
#1749,#1750,#1751,#1752,#1753,#1754,#1755,#1756,#1757,#1758,#1759,#1760,
#1761,#1762,#1763,#1764,#1765,#1766,#1767),(#1768,#1769,#1770,#1771,#1772,
#1773,#1774,#1775,#1776,#1777,#1778,#1779,#1780,#1781,#1782,#1783,#1784,
#1785,#1786,#1787,#1788,#1789,#1790,#1791,#1792,#1793,#1794,#1795,#1796,
#1797,#1798,#1799,#1800,#1801,#1802,#1803),(#1804,#1805,#1806,#1807,#1808,
#1809,#1810,#1811,#1812,#1813,#1814,#1815,#1816,#1817,#1818,#1819,#1820,
#1821,#1822,#1823,#1824,#1825,#1826,#1827,#1828,#1829,#1830,#1831,#1832,
#1833,#1834,#1835,#1836,#1837,#1838,#1839),(#1840,#1841,#1842,#1843,#1844,
#1845,#1846,#1847,#1848,#1849,#1850,#1851,#1852,#1853,#1854,#1855,#1856,
#1857,#1858,#1859,#1860,#1861,#1862,#1863,#1864,#1865,#1866,#1867,#1868,
#1869,#1870,#1871,#1872,#1873,#1874,#1875),(#1876,#1877,#1878,#1879,#1880,
#1881,#1882,#1883,#1884,#1885,#1886,#1887,#1888,#1889,#1890,#1891,#1892,
#1893,#1894,#1895,#1896,#1897,#1898,#1899,#1900,#1901,#1902,#1903,#1904,
#1905,#1906,#1907,#1908,#1909,#1910,#1911),(#1912,#1913,#1914,#1915,#1916,
#1917,#1918,#1919,#1920,#1921,#1922,#1923,#1924,#1925,#1926,#1927,#1928,
#1929,#1930,#1931,#1932,#1933,#1934,#1935,#1936,#1937,#1938,#1939,#1940,
#1941,#1942,#1943,#1944,#1945,#1946,#1947),(#1948,#1949,#1950,#1951,#1952,
#1953,#1954,#1955,#1956,#1957,#1958,#1959,#1960,#1961,#1962,#1963,#1964,
#1965,#1966,#1967,#1968,#1969,#1970,#1971,#1972,#1973,#1974,#1975,#1976,
#1977,#1978,#1979,#1980,#1981,#1982,#1983),(#1984,#1985,#1986,#1987,#1988,
#1989,#1990,#1991,#1992,#1993,#1994,#1995,#1996,#1997,#1998,#1999,#2000,
#2001,#2002,#2003,#2004,#2005,#2006,#2007,#2008,#2009,#2010,#2011,#2012,
#2013,#2014,#2015,#2016,#2017,#2018,#2019),(#2020,#2021,#2022,#2023,#2024,
#2025,#2026,#2027,#2028,#2029,#2030,#2031,#2032,#2033,#2034,#2035,#2036,
#2037,#2038,#2039,#2040,#2041,#2042,#2043,#2044,#2045,#2046,#2047,#2048,
#2049,#2050,#2051,#2052,#2053,#2054,#2055),(#2056,#2057,#2058,#2059,#2060,
#2061,#2062,#2063,#2064,#2065,#2066,#2067,#2068,#2069,#2070,#2071,#2072,
#2073,#2074,#2075,#2076,#2077,#2078,#2079,#2080,#2081,#2082,#2083,#2084,
#2085,#2086,#2087,#2088,#2089,#2090,#2091),(#2092,#2093,#2094,#2095,#2096,
#2097,#2098,#2099,#2100,#2101,#2102,#2103,#2104,#2105,#2106,#2107,#2108,
#2109,#2110,#2111,#2112,#2113,#2114,#2115,#2116,#2117,#2118,#2119,#2120,
#2121,#2122,#2123,#2124,#2125,#2126,#2127),(#2128,#2129,#2130,#2131,#2132,
#2133,#2134,#2135,#2136,#2137,#2138,#2139,#2140,#2141,#2142,#2143,#2144,
#2145,#2146,#2147,#2148,#2149,#2150,#2151,#2152,#2153,#2154,#2155,#2156,
#2157,#2158,#2159,#2160,#2161,#2162,#2163),(#2164,#2165,#2166,#2167,#2168,
#2169,#2170,#2171,#2172,#2173,#2174,#2175,#2176,#2177,#2178,#2179,#2180,
#2181,#2182,#2183,#2184,#2185,#2186,#2187,#2188,#2189,#2190,#2191,#2192,
#2193,#2194,#2195,#2196,#2197,#2198,#2199)),.UNSPECIFIED.,.F.,.F.,.F.,(4,
2,2,2,2,2,2,2,2,2,2,2,2,2,2,4),(4,2,2,2,2,2,2,2,2,2,2,2,2,2,2,2,2,4),(-0.00123526432983745,
0.,0.00362858896889752,0.0084924422676325,0.0182201488651024,0.0376755620600423,
0.0765863884499222,0.115497214839802,0.154408041229682,0.193318867619562,
0.232229694009441,0.271140520399321,0.290595933594261,0.300323640191731,
0.308816082459363,0.310051346789201),(-0.004,-6.25000000000001E-5,0.,1.02672149852046E-5,
0.003875,0.01175,0.0275,0.059,0.122,0.248,0.5,0.752,0.815,0.833678151944556,
0.878,0.941,1.,1.004),.UNSPECIFIED.);
#252=B_SPLINE_SURFACE_WITH_KNOTS('',3,3,((#2245,#2246,#2247,#2248,#2249,
#2250,#2251,#2252,#2253,#2254,#2255,#2256,#2257,#2258,#2259,#2260,#2261,
#2262,#2263,#2264,#2265,#2266,#2267,#2268,#2269,#2270,#2271,#2272,#2273,
#2274,#2275,#2276,#2277,#2278,#2279,#2280),(#2281,#2282,#2283,#2284,#2285,
#2286,#2287,#2288,#2289,#2290,#2291,#2292,#2293,#2294,#2295,#2296,#2297,
#2298,#2299,#2300,#2301,#2302,#2303,#2304,#2305,#2306,#2307,#2308,#2309,
#2310,#2311,#2312,#2313,#2314,#2315,#2316),(#2317,#2318,#2319,#2320,#2321,
#2322,#2323,#2324,#2325,#2326,#2327,#2328,#2329,#2330,#2331,#2332,#2333,
#2334,#2335,#2336,#2337,#2338,#2339,#2340,#2341,#2342,#2343,#2344,#2345,
#2346,#2347,#2348,#2349,#2350,#2351,#2352),(#2353,#2354,#2355,#2356,#2357,
#2358,#2359,#2360,#2361,#2362,#2363,#2364,#2365,#2366,#2367,#2368,#2369,
#2370,#2371,#2372,#2373,#2374,#2375,#2376,#2377,#2378,#2379,#2380,#2381,
#2382,#2383,#2384,#2385,#2386,#2387,#2388),(#2389,#2390,#2391,#2392,#2393,
#2394,#2395,#2396,#2397,#2398,#2399,#2400,#2401,#2402,#2403,#2404,#2405,
#2406,#2407,#2408,#2409,#2410,#2411,#2412,#2413,#2414,#2415,#2416,#2417,
#2418,#2419,#2420,#2421,#2422,#2423,#2424),(#2425,#2426,#2427,#2428,#2429,
#2430,#2431,#2432,#2433,#2434,#2435,#2436,#2437,#2438,#2439,#2440,#2441,
#2442,#2443,#2444,#2445,#2446,#2447,#2448,#2449,#2450,#2451,#2452,#2453,
#2454,#2455,#2456,#2457,#2458,#2459,#2460),(#2461,#2462,#2463,#2464,#2465,
#2466,#2467,#2468,#2469,#2470,#2471,#2472,#2473,#2474,#2475,#2476,#2477,
#2478,#2479,#2480,#2481,#2482,#2483,#2484,#2485,#2486,#2487,#2488,#2489,
#2490,#2491,#2492,#2493,#2494,#2495,#2496),(#2497,#2498,#2499,#2500,#2501,
#2502,#2503,#2504,#2505,#2506,#2507,#2508,#2509,#2510,#2511,#2512,#2513,
#2514,#2515,#2516,#2517,#2518,#2519,#2520,#2521,#2522,#2523,#2524,#2525,
#2526,#2527,#2528,#2529,#2530,#2531,#2532),(#2533,#2534,#2535,#2536,#2537,
#2538,#2539,#2540,#2541,#2542,#2543,#2544,#2545,#2546,#2547,#2548,#2549,
#2550,#2551,#2552,#2553,#2554,#2555,#2556,#2557,#2558,#2559,#2560,#2561,
#2562,#2563,#2564,#2565,#2566,#2567,#2568),(#2569,#2570,#2571,#2572,#2573,
#2574,#2575,#2576,#2577,#2578,#2579,#2580,#2581,#2582,#2583,#2584,#2585,
#2586,#2587,#2588,#2589,#2590,#2591,#2592,#2593,#2594,#2595,#2596,#2597,
#2598,#2599,#2600,#2601,#2602,#2603,#2604),(#2605,#2606,#2607,#2608,#2609,
#2610,#2611,#2612,#2613,#2614,#2615,#2616,#2617,#2618,#2619,#2620,#2621,
#2622,#2623,#2624,#2625,#2626,#2627,#2628,#2629,#2630,#2631,#2632,#2633,
#2634,#2635,#2636,#2637,#2638,#2639,#2640),(#2641,#2642,#2643,#2644,#2645,
#2646,#2647,#2648,#2649,#2650,#2651,#2652,#2653,#2654,#2655,#2656,#2657,
#2658,#2659,#2660,#2661,#2662,#2663,#2664,#2665,#2666,#2667,#2668,#2669,
#2670,#2671,#2672,#2673,#2674,#2675,#2676),(#2677,#2678,#2679,#2680,#2681,
#2682,#2683,#2684,#2685,#2686,#2687,#2688,#2689,#2690,#2691,#2692,#2693,
#2694,#2695,#2696,#2697,#2698,#2699,#2700,#2701,#2702,#2703,#2704,#2705,
#2706,#2707,#2708,#2709,#2710,#2711,#2712),(#2713,#2714,#2715,#2716,#2717,
#2718,#2719,#2720,#2721,#2722,#2723,#2724,#2725,#2726,#2727,#2728,#2729,
#2730,#2731,#2732,#2733,#2734,#2735,#2736,#2737,#2738,#2739,#2740,#2741,
#2742,#2743,#2744,#2745,#2746,#2747,#2748),(#2749,#2750,#2751,#2752,#2753,
#2754,#2755,#2756,#2757,#2758,#2759,#2760,#2761,#2762,#2763,#2764,#2765,
#2766,#2767,#2768,#2769,#2770,#2771,#2772,#2773,#2774,#2775,#2776,#2777,
#2778,#2779,#2780,#2781,#2782,#2783,#2784),(#2785,#2786,#2787,#2788,#2789,
#2790,#2791,#2792,#2793,#2794,#2795,#2796,#2797,#2798,#2799,#2800,#2801,
#2802,#2803,#2804,#2805,#2806,#2807,#2808,#2809,#2810,#2811,#2812,#2813,
#2814,#2815,#2816,#2817,#2818,#2819,#2820),(#2821,#2822,#2823,#2824,#2825,
#2826,#2827,#2828,#2829,#2830,#2831,#2832,#2833,#2834,#2835,#2836,#2837,
#2838,#2839,#2840,#2841,#2842,#2843,#2844,#2845,#2846,#2847,#2848,#2849,
#2850,#2851,#2852,#2853,#2854,#2855,#2856),(#2857,#2858,#2859,#2860,#2861,
#2862,#2863,#2864,#2865,#2866,#2867,#2868,#2869,#2870,#2871,#2872,#2873,
#2874,#2875,#2876,#2877,#2878,#2879,#2880,#2881,#2882,#2883,#2884,#2885,
#2886,#2887,#2888,#2889,#2890,#2891,#2892),(#2893,#2894,#2895,#2896,#2897,
#2898,#2899,#2900,#2901,#2902,#2903,#2904,#2905,#2906,#2907,#2908,#2909,
#2910,#2911,#2912,#2913,#2914,#2915,#2916,#2917,#2918,#2919,#2920,#2921,
#2922,#2923,#2924,#2925,#2926,#2927,#2928),(#2929,#2930,#2931,#2932,#2933,
#2934,#2935,#2936,#2937,#2938,#2939,#2940,#2941,#2942,#2943,#2944,#2945,
#2946,#2947,#2948,#2949,#2950,#2951,#2952,#2953,#2954,#2955,#2956,#2957,
#2958,#2959,#2960,#2961,#2962,#2963,#2964),(#2965,#2966,#2967,#2968,#2969,
#2970,#2971,#2972,#2973,#2974,#2975,#2976,#2977,#2978,#2979,#2980,#2981,
#2982,#2983,#2984,#2985,#2986,#2987,#2988,#2989,#2990,#2991,#2992,#2993,
#2994,#2995,#2996,#2997,#2998,#2999,#3000),(#3001,#3002,#3003,#3004,#3005,
#3006,#3007,#3008,#3009,#3010,#3011,#3012,#3013,#3014,#3015,#3016,#3017,
#3018,#3019,#3020,#3021,#3022,#3023,#3024,#3025,#3026,#3027,#3028,#3029,
#3030,#3031,#3032,#3033,#3034,#3035,#3036),(#3037,#3038,#3039,#3040,#3041,
#3042,#3043,#3044,#3045,#3046,#3047,#3048,#3049,#3050,#3051,#3052,#3053,
#3054,#3055,#3056,#3057,#3058,#3059,#3060,#3061,#3062,#3063,#3064,#3065,
#3066,#3067,#3068,#3069,#3070,#3071,#3072),(#3073,#3074,#3075,#3076,#3077,
#3078,#3079,#3080,#3081,#3082,#3083,#3084,#3085,#3086,#3087,#3088,#3089,
#3090,#3091,#3092,#3093,#3094,#3095,#3096,#3097,#3098,#3099,#3100,#3101,
#3102,#3103,#3104,#3105,#3106,#3107,#3108),(#3109,#3110,#3111,#3112,#3113,
#3114,#3115,#3116,#3117,#3118,#3119,#3120,#3121,#3122,#3123,#3124,#3125,
#3126,#3127,#3128,#3129,#3130,#3131,#3132,#3133,#3134,#3135,#3136,#3137,
#3138,#3139,#3140,#3141,#3142,#3143,#3144),(#3145,#3146,#3147,#3148,#3149,
#3150,#3151,#3152,#3153,#3154,#3155,#3156,#3157,#3158,#3159,#3160,#3161,
#3162,#3163,#3164,#3165,#3166,#3167,#3168,#3169,#3170,#3171,#3172,#3173,
#3174,#3175,#3176,#3177,#3178,#3179,#3180),(#3181,#3182,#3183,#3184,#3185,
#3186,#3187,#3188,#3189,#3190,#3191,#3192,#3193,#3194,#3195,#3196,#3197,
#3198,#3199,#3200,#3201,#3202,#3203,#3204,#3205,#3206,#3207,#3208,#3209,
#3210,#3211,#3212,#3213,#3214,#3215,#3216),(#3217,#3218,#3219,#3220,#3221,
#3222,#3223,#3224,#3225,#3226,#3227,#3228,#3229,#3230,#3231,#3232,#3233,
#3234,#3235,#3236,#3237,#3238,#3239,#3240,#3241,#3242,#3243,#3244,#3245,
#3246,#3247,#3248,#3249,#3250,#3251,#3252),(#3253,#3254,#3255,#3256,#3257,
#3258,#3259,#3260,#3261,#3262,#3263,#3264,#3265,#3266,#3267,#3268,#3269,
#3270,#3271,#3272,#3273,#3274,#3275,#3276,#3277,#3278,#3279,#3280,#3281,
#3282,#3283,#3284,#3285,#3286,#3287,#3288),(#3289,#3290,#3291,#3292,#3293,
#3294,#3295,#3296,#3297,#3298,#3299,#3300,#3301,#3302,#3303,#3304,#3305,
#3306,#3307,#3308,#3309,#3310,#3311,#3312,#3313,#3314,#3315,#3316,#3317,
#3318,#3319,#3320,#3321,#3322,#3323,#3324),(#3325,#3326,#3327,#3328,#3329,
#3330,#3331,#3332,#3333,#3334,#3335,#3336,#3337,#3338,#3339,#3340,#3341,
#3342,#3343,#3344,#3345,#3346,#3347,#3348,#3349,#3350,#3351,#3352,#3353,
#3354,#3355,#3356,#3357,#3358,#3359,#3360),(#3361,#3362,#3363,#3364,#3365,
#3366,#3367,#3368,#3369,#3370,#3371,#3372,#3373,#3374,#3375,#3376,#3377,
#3378,#3379,#3380,#3381,#3382,#3383,#3384,#3385,#3386,#3387,#3388,#3389,
#3390,#3391,#3392,#3393,#3394,#3395,#3396)),.UNSPECIFIED.,.F.,.F.,.F.,(4,
2,2,2,2,2,2,2,2,2,2,2,2,2,2,4),(4,2,2,2,2,2,2,2,2,2,2,2,2,2,2,2,2,4),(-0.00123526432983745,
0.,0.00362858896889752,0.0084924422676325,0.0182201488651024,0.0376755620600423,
0.0765863884499222,0.115497214839802,0.154408041229682,0.193318867619562,
0.232229694009441,0.271140520399321,0.290595933594261,0.300323640191731,
0.308816082459363,0.310051346789201),(-0.004,-6.25000000000001E-5,0.,1.02672149852046E-5,
0.003875,0.01175,0.0275,0.059,0.122,0.248,0.5,0.752,0.815,0.833678151944556,
0.878,0.941,1.,1.004),.UNSPECIFIED.);
#253=ADVANCED_FACE('',(#19),#250,.F.);
#254=ADVANCED_FACE('',(#20),#17,.F.);
#255=ADVANCED_FACE('',(#21),#251,.T.);
#256=ADVANCED_FACE('',(#22),#18,.F.);
#257=ADVANCED_FACE('',(#23),#252,.F.);
#258=CLOSED_SHELL('',(#253,#254,#255,#256,#257));
#259=DERIVED_UNIT_ELEMENT(#261,1.);
#260=DERIVED_UNIT_ELEMENT(#3402,-3.);
#261=(
MASS_UNIT()
NAMED_UNIT(*)
SI_UNIT(.KILO.,.GRAM.)
);
#262=DERIVED_UNIT((#259,#260));
#263=MEASURE_REPRESENTATION_ITEM('density measure',
POSITIVE_RATIO_MEASURE(7850.),#262);
#264=PROPERTY_DEFINITION_REPRESENTATION(#269,#266);
#265=PROPERTY_DEFINITION_REPRESENTATION(#270,#267);
#266=REPRESENTATION('material name',(#268),#3399);
#267=REPRESENTATION('density',(#263),#3399);
#268=DESCRIPTIVE_REPRESENTATION_ITEM('Steel','Steel');
#269=PROPERTY_DEFINITION('material property','material name',#3409);
#270=PROPERTY_DEFINITION('material property','density of part',#3409);
#271=AXIS2_PLACEMENT_3D('',#281,#274,#275);
#272=AXIS2_PLACEMENT_3D('',#984,#276,#277);
#273=AXIS2_PLACEMENT_3D('',#2222,#279,#280);
#274=DIRECTION('axis',(0.,0.,1.));
#275=DIRECTION('refdir',(1.,0.,0.));
#276=DIRECTION('center_axis',(2.26623617211617E-17,-1.,-5.34600666154655E-17));
#277=DIRECTION('ref_axis',(0.,5.34600666154654E-17,-1.));
#278=DIRECTION('',(0.,0.,1.));
#279=DIRECTION('center_axis',(1.,6.79082970894788E-15,-3.56390732284249E-15));
#280=DIRECTION('ref_axis',(-3.56390732284249E-15,0.,-1.));
#281=CARTESIAN_POINT('',(0.,0.,0.));
#282=CARTESIAN_POINT('Ctrl Pts',(349.870235519044,-13.6570113043659,4.27367455887287));
#283=CARTESIAN_POINT('Ctrl Pts',(349.880057682822,-13.825356449869,4.25927877349129));
#284=CARTESIAN_POINT('Ctrl Pts',(349.903751591376,-14.3584687893166,4.23200478340699));
#285=CARTESIAN_POINT('Ctrl Pts',(349.999301374699,-15.0557202365566,4.00081954287097));
#286=CARTESIAN_POINT('Ctrl Pts',(350.099558546669,-16.4687199761908,3.52677548598713));
#287=CARTESIAN_POINT('Ctrl Pts',(349.992963061975,-17.0991139069776,3.48971231601141));
#288=CARTESIAN_POINT('Ctrl Pts',(349.685805450323,-19.2291154049535,3.47470737616983));
#289=CARTESIAN_POINT('Ctrl Pts',(349.407587816739,-20.799473157954,3.64924613667168));
#290=CARTESIAN_POINT('Ctrl Pts',(348.672974799491,-25.7097440036582,3.87318685173361));
#291=CARTESIAN_POINT('Ctrl Pts',(348.189684328356,-28.8343521242547,3.97455071858249));
#292=CARTESIAN_POINT('Ctrl Pts',(346.839009256748,-38.3265929073461,4.33467744023213));
#293=CARTESIAN_POINT('Ctrl Pts',(346.003894807414,-44.8122481277958,4.55658712854705));
#294=CARTESIAN_POINT('Ctrl Pts',(344.798913782681,-52.8703123437546,4.82274608436833));
#295=CARTESIAN_POINT('Ctrl Pts',(344.5610045688,-54.4307498213082,4.87652151368035));
#296=CARTESIAN_POINT('Ctrl Pts',(343.529969622261,-61.0863227749215,5.10278911136411));
#297=CARTESIAN_POINT('Ctrl Pts',(342.697140023008,-66.164294061336,5.2830004895498));
#298=CARTESIAN_POINT('Ctrl Pts',(340.50714916942,-78.2953619530754,5.7040142041392));
#299=CARTESIAN_POINT('Ctrl Pts',(339.071634872934,-85.3198721878601,5.94843336690464));
#300=CARTESIAN_POINT('Ctrl Pts',(336.395911647414,-96.0122582571729,6.29858959501959));
#301=CARTESIAN_POINT('Ctrl Pts',(335.375207441687,-99.699166460676,6.41174710608202));
#302=CARTESIAN_POINT('Ctrl Pts',(332.95698416253,-107.444084512669,6.63401742240389));
#303=CARTESIAN_POINT('Ctrl Pts',(331.494755676938,-111.505052123413,6.73660584796198));
#304=CARTESIAN_POINT('Ctrl Pts',(326.036046446484,-124.53262554418,7.02082877840796));
#305=CARTESIAN_POINT('Ctrl Pts',(320.755574719158,-133.299860977203,7.12001474597655));
#306=CARTESIAN_POINT('Ctrl Pts',(313.164748444578,-140.931861539539,7.15271613498289));
#307=CARTESIAN_POINT('Ctrl Pts',(312.558429422864,-141.5343972247,7.15504716682759));
#308=CARTESIAN_POINT('Ctrl Pts',(305.548282725744,-148.195774483291,7.17309354620549));
#309=CARTESIAN_POINT('Ctrl Pts',(290.839292922392,-157.575890028562,7.15144319628691));
#310=CARTESIAN_POINT('Ctrl Pts',(274.956908277797,-163.519323441807,7.09965635012925));
#311=CARTESIAN_POINT('Ctrl Pts',(259.032674716704,-168.728644429679,7.04134673916342));
#312=CARTESIAN_POINT('Ctrl Pts',(251.144433480517,-170.895471900847,7.01159751599531));
#313=CARTESIAN_POINT('Ctrl Pts',(221.077788377244,-178.108046915975,6.89185981992366));
#314=CARTESIAN_POINT('Ctrl Pts',(198.630897437518,-181.579288079005,6.79470488919785));
#315=CARTESIAN_POINT('Ctrl Pts',(148.906782476288,-187.889364771325,6.54636197837427));
#316=CARTESIAN_POINT('Ctrl Pts',(121.459557404903,-190.265837808896,6.39704521351168));
#317=CARTESIAN_POINT('Ctrl Pts',(62.4453992939287,-193.815116419307,6.04531924187045));
#318=CARTESIAN_POINT('Ctrl Pts',(30.7088820422905,-194.756607128526,5.83890403945479));
#319=CARTESIAN_POINT('Ctrl Pts',(-59.7715135536497,-195.305626655152,5.16210127769155));
#320=CARTESIAN_POINT('Ctrl Pts',(-118.459333663099,-193.187247185593,4.64609086618369));
#321=CARTESIAN_POINT('Ctrl Pts',(-191.742483563503,-187.051846886835,3.39510279039478));
#322=CARTESIAN_POINT('Ctrl Pts',(-206.334208454061,-185.617138159855,3.11512174859303));
#323=CARTESIAN_POINT('Ctrl Pts',(-225.237874606897,-183.509105374207,2.71173627073414));
#324=CARTESIAN_POINT('Ctrl Pts',(-229.555029180797,-183.00466293383,2.6172580196751));
#325=CARTESIAN_POINT('Ctrl Pts',(-244.113904633228,-181.247108694504,2.29006997811568));
#326=CARTESIAN_POINT('Ctrl Pts',(-254.341698319707,-179.898514019009,2.04762101291515));
#327=CARTESIAN_POINT('Ctrl Pts',(-279.081292068758,-176.352756158295,1.44816803577726));
#328=CARTESIAN_POINT('Ctrl Pts',(-293.565800007123,-174.029163848748,1.08843704175604));
#329=CARTESIAN_POINT('Ctrl Pts',(-321.566469690499,-169.060240748807,0.471735119052009));
#330=CARTESIAN_POINT('Ctrl Pts',(-335.070997654815,-166.416127975306,0.174097368197783));
#331=CARTESIAN_POINT('Ctrl Pts',(-348.511719506475,-163.65595356601,0.0905503056756592));
#332=CARTESIAN_POINT('Ctrl Pts',(350.364022492483,-13.6506791496885,3.56203989207385));
#333=CARTESIAN_POINT('Ctrl Pts',(350.370394755849,-13.8260622685572,3.54932926634518));
#334=CARTESIAN_POINT('Ctrl Pts',(350.386992866041,-14.3801626160399,3.52465503203986));
#335=CARTESIAN_POINT('Ctrl Pts',(350.425093032478,-15.1008467902717,3.32046275903575));
#336=CARTESIAN_POINT('Ctrl Pts',(350.421011091734,-16.5267247809223,2.90817225163971));
#337=CARTESIAN_POINT('Ctrl Pts',(350.3112995362,-17.1495828866903,2.87804359720731));
#338=CARTESIAN_POINT('Ctrl Pts',(350.001614631997,-19.2697962776335,2.86457935953555));
#339=CARTESIAN_POINT('Ctrl Pts',(349.758268800108,-20.8405648980599,3.01493760693191));
#340=CARTESIAN_POINT('Ctrl Pts',(349.069449497518,-25.762445468711,3.2090504807655));
#341=CARTESIAN_POINT('Ctrl Pts',(348.609019508922,-28.8870270759951,3.2977237569861));
#342=CARTESIAN_POINT('Ctrl Pts',(347.34300974088,-38.3802380015734,3.61499717901601));
#343=CARTESIAN_POINT('Ctrl Pts',(346.565755145411,-44.8742416558737,3.81450264480135));
#344=CARTESIAN_POINT('Ctrl Pts',(345.43593213785,-52.9493212139349,4.05872815282326));
#345=CARTESIAN_POINT('Ctrl Pts',(345.213908843746,-54.5112520579457,4.10840972982634));
#346=CARTESIAN_POINT('Ctrl Pts',(344.250327053349,-61.1792628358289,4.31855622374865));
#347=CARTESIAN_POINT('Ctrl Pts',(343.475662344057,-66.2678678328512,4.48934417962723));
#348=CARTESIAN_POINT('Ctrl Pts',(341.432087694253,-78.438851249145,4.89978419305038));
#349=CARTESIAN_POINT('Ctrl Pts',(340.091092460109,-85.4943402477933,5.14748123569053));
#350=CARTESIAN_POINT('Ctrl Pts',(337.564517400845,-96.2653753354825,5.52514768792974));
#351=CARTESIAN_POINT('Ctrl Pts',(336.593229578385,-99.9871332321252,5.65159502915038));
#352=CARTESIAN_POINT('Ctrl Pts',(334.275039183958,-107.822611607655,5.91022430207036));
#353=CARTESIAN_POINT('Ctrl Pts',(332.855089135715,-111.947957059875,6.03603026661326));
#354=CARTESIAN_POINT('Ctrl Pts',(327.502321083016,-125.219797511897,6.40294679870349));
#355=CARTESIAN_POINT('Ctrl Pts',(322.170304297487,-134.280465730416,6.56181026156159));
#356=CARTESIAN_POINT('Ctrl Pts',(314.388744623392,-142.143886817934,6.61249637448656));
#357=CARTESIAN_POINT('Ctrl Pts',(313.769906168377,-142.762209169058,6.61621750274815));
#358=CARTESIAN_POINT('Ctrl Pts',(306.584803398343,-149.611182286077,6.64511332468258));
#359=CARTESIAN_POINT('Ctrl Pts',(291.556901055533,-159.154142629283,6.60976377901327));
#360=CARTESIAN_POINT('Ctrl Pts',(275.513666862335,-165.103525087555,6.53015125826853));
#361=CARTESIAN_POINT('Ctrl Pts',(259.4742318539,-170.30362914358,6.44421106095753));
#362=CARTESIAN_POINT('Ctrl Pts',(251.5396300836,-172.459166723862,6.40149910909254));
#363=CARTESIAN_POINT('Ctrl Pts',(221.329898525962,-179.617387916717,6.23495976918514));
#364=CARTESIAN_POINT('Ctrl Pts',(198.830774910116,-183.030783088309,6.10841913178608));
#365=CARTESIAN_POINT('Ctrl Pts',(149.023549817245,-189.205969219765,5.80501007325922));
#366=CARTESIAN_POINT('Ctrl Pts',(121.543926384007,-191.505399072063,5.6332967629595));
#367=CARTESIAN_POINT('Ctrl Pts',(62.4765073053648,-194.89283319215,5.25058822005735));
#368=CARTESIAN_POINT('Ctrl Pts',(30.7211128671109,-195.744615284589,5.03535241877142));
#369=CARTESIAN_POINT('Ctrl Pts',(-59.7992288606169,-196.045424681517,4.3678246725548));
#370=CARTESIAN_POINT('Ctrl Pts',(-118.499598410243,-193.747127790583,3.87797756465132));
#371=CARTESIAN_POINT('Ctrl Pts',(-191.773648816289,-187.350922330316,2.79519886507746));
#372=CARTESIAN_POINT('Ctrl Pts',(-206.362479204418,-185.867680105029,2.55763680300166));
#373=CARTESIAN_POINT('Ctrl Pts',(-225.261267417619,-183.698341679119,2.21883298215988));
#374=CARTESIAN_POINT('Ctrl Pts',(-229.5772780634,-183.180843269486,2.13997321499951));
#375=CARTESIAN_POINT('Ctrl Pts',(-244.132077447606,-181.379589513699,1.86741499473348));
#376=CARTESIAN_POINT('Ctrl Pts',(-254.356855230626,-180.003760828038,1.6671764620618));
#377=CARTESIAN_POINT('Ctrl Pts',(-279.089485947934,-176.402128417046,1.17503418949284));
#378=CARTESIAN_POINT('Ctrl Pts',(-293.570541951082,-174.056350766007,0.882267921988859));
#379=CARTESIAN_POINT('Ctrl Pts',(-321.567170445506,-169.063372105612,0.381803749259961));
#380=CARTESIAN_POINT('Ctrl Pts',(-335.07101763058,-166.416306081788,0.140963081099245));
#381=CARTESIAN_POINT('Ctrl Pts',(-348.511761380075,-163.656157555368,0.0733034664971132));
#382=CARTESIAN_POINT('Ctrl Pts',(351.101463016506,-13.6412224655016,1.96595848776004));
#383=CARTESIAN_POINT('Ctrl Pts',(351.10248045641,-13.8270896282075,1.95838654716587));
#384=CARTESIAN_POINT('Ctrl Pts',(351.107765114388,-14.4126440563117,1.94322523975002));
#385=CARTESIAN_POINT('Ctrl Pts',(351.056749164451,-15.1678422724572,1.82152729027166));
#386=CARTESIAN_POINT('Ctrl Pts',(350.892978169255,-16.6120235158104,1.58068089954603));
#387=CARTESIAN_POINT('Ctrl Pts',(350.779142516956,-17.2237256878483,1.56468850690905));
#388=CARTESIAN_POINT('Ctrl Pts',(350.465354736832,-19.3295621735688,1.55650762017606));
#389=CARTESIAN_POINT('Ctrl Pts',(350.274953394545,-20.9010985926334,1.64323975007854));
#390=CARTESIAN_POINT('Ctrl Pts',(349.656116393542,-25.8404231044714,1.75613203486058));
#391=CARTESIAN_POINT('Ctrl Pts',(349.230873022608,-28.9651536864022,1.80832561427224));
#392=CARTESIAN_POINT('Ctrl Pts',(348.096131695408,-38.460444252281,1.99681245530232));
#393=CARTESIAN_POINT('Ctrl Pts',(347.410199307944,-44.9673409275059,2.11841259171241));
#394=CARTESIAN_POINT('Ctrl Pts',(346.401526203396,-53.0690828726591,2.27116271502842));
#395=CARTESIAN_POINT('Ctrl Pts',(346.205230589326,-54.6334725906333,2.30249379490055));
#396=CARTESIAN_POINT('Ctrl Pts',(345.351552212598,-61.3213452297531,2.43589337849152));
#397=CARTESIAN_POINT('Ctrl Pts',(344.67318682819,-66.4270802478065,2.54691607350625));
#398=CARTESIAN_POINT('Ctrl Pts',(342.878789224165,-78.6631639096898,2.82277363978218));
#399=CARTESIAN_POINT('Ctrl Pts',(341.703494173226,-85.7696663265163,2.99640917164168));
#400=CARTESIAN_POINT('Ctrl Pts',(339.454191195306,-96.6743833990397,3.27920320300474));
#401=CARTESIAN_POINT('Ctrl Pts',(338.577786480995,-100.456131966724,3.37720760599954));
#402=CARTESIAN_POINT('Ctrl Pts',(336.459540130212,-108.449106018468,3.58537226029798));
#403=CARTESIAN_POINT('Ctrl Pts',(335.130157739543,-112.688399919124,3.69137755461217));
#404=CARTESIAN_POINT('Ctrl Pts',(330.025402753674,-126.395393211593,4.01372214274283));
#405=CARTESIAN_POINT('Ctrl Pts',(324.649792354782,-135.993369531313,4.1751216758878));
#406=CARTESIAN_POINT('Ctrl Pts',(316.542341822609,-144.276677009453,4.2258461638116));
#407=CARTESIAN_POINT('Ctrl Pts',(315.902475651934,-144.923342569841,4.22961919686598));
#408=CARTESIAN_POINT('Ctrl Pts',(308.414791093674,-152.110198713499,4.259050809369));
#409=CARTESIAN_POINT('Ctrl Pts',(292.816976692374,-161.930892678787,4.22263553984234));
#410=CARTESIAN_POINT('Ctrl Pts',(276.484865855478,-167.867939259041,4.14354823060145));
#411=CARTESIAN_POINT('Ctrl Pts',(260.238164200712,-173.029889637485,4.06044088620677));
#412=CARTESIAN_POINT('Ctrl Pts',(252.220729319517,-175.155214720155,4.01986852342521));
#413=CARTESIAN_POINT('Ctrl Pts',(221.756535587977,-182.181118260932,3.86508490463539));
#414=CARTESIAN_POINT('Ctrl Pts',(199.166434656931,-185.471231737831,3.75321318753366));
#415=CARTESIAN_POINT('Ctrl Pts',(149.214784334808,-191.371177392364,3.49827642938719));
#416=CARTESIAN_POINT('Ctrl Pts',(121.680888404719,-193.52180507687,3.3617111222052));
#417=CARTESIAN_POINT('Ctrl Pts',(62.5255027108799,-196.607557973064,3.0724943952397));
#418=CARTESIAN_POINT('Ctrl Pts',(30.7401934241101,-197.299591689207,2.91708887582758));
#419=CARTESIAN_POINT('Ctrl Pts',(-59.8424478755106,-197.172900387164,2.46222826028231));
#420=CARTESIAN_POINT('Ctrl Pts',(-118.559896850276,-194.582358762823,2.14429922567965));
#421=CARTESIAN_POINT('Ctrl Pts',(-191.819328852331,-187.78903711069,1.51588311651722));
#422=CARTESIAN_POINT('Ctrl Pts',(-206.403732682208,-186.233222834349,1.3816202008486));
#423=CARTESIAN_POINT('Ctrl Pts',(-225.295231225003,-183.97307506315,1.19276576627462));
#424=CARTESIAN_POINT('Ctrl Pts',(-229.609545029215,-183.436349585204,1.14918257916644));
#425=CARTESIAN_POINT('Ctrl Pts',(-244.158322052073,-181.57087654345,0.998961584224983));
#426=CARTESIAN_POINT('Ctrl Pts',(-254.378693971926,-180.155396111688,0.889914905413625));
#427=CARTESIAN_POINT('Ctrl Pts',(-279.101224570082,-176.472831218229,0.624125499761094));
#428=CARTESIAN_POINT('Ctrl Pts',(-293.577328601289,-174.095265675241,0.467956429348219));
#429=CARTESIAN_POINT('Ctrl Pts',(-321.568169358539,-169.067828798429,0.202072323623017));
#430=CARTESIAN_POINT('Ctrl Pts',(-335.071046992566,-166.416568045777,0.0746484824925719));
#431=CARTESIAN_POINT('Ctrl Pts',(-348.511821200532,-163.656448973763,0.0388083514178119));
#432=CARTESIAN_POINT('Ctrl Pts',(351.349195899884,-13.6380456240281,-0.880998118478675));
#433=CARTESIAN_POINT('Ctrl Pts',(351.348365388944,-13.8274282779979,-0.877555590449112));
#434=CARTESIAN_POINT('Ctrl Pts',(351.349675387072,-14.4235758614232,-0.870622861359236));
#435=CARTESIAN_POINT('Ctrl Pts',(351.267918188399,-15.1902519223594,-0.815288664281282));
#436=CARTESIAN_POINT('Ctrl Pts',(351.04956805651,-16.6403570428321,-0.706190664493338));
#437=CARTESIAN_POINT('Ctrl Pts',(350.934475706364,-17.2483354789334,-0.69908327612462));
#438=CARTESIAN_POINT('Ctrl Pts',(350.619230095377,-19.3494005292448,-0.69535070316013));
#439=CARTESIAN_POINT('Ctrl Pts',(350.446823296149,-20.921232099615,-0.734544597645227));
#440=CARTESIAN_POINT('Ctrl Pts',(349.851880299379,-25.8664420786849,-0.785639415522902));
#441=CARTESIAN_POINT('Ctrl Pts',(349.438710287728,-28.991268312043,-0.809315511648151));
#442=CARTESIAN_POINT('Ctrl Pts',(348.349235769165,-38.4874103459818,-0.894966842540004));
#443=CARTESIAN_POINT('Ctrl Pts',(347.695173724588,-44.9987413596559,-0.950485583983904));
#444=CARTESIAN_POINT('Ctrl Pts',(346.729367765623,-53.1097446850998,-1.02056103291066));
#445=CARTESIAN_POINT('Ctrl Pts',(346.54220292775,-54.6750161066264,-1.03495584945613));
#446=CARTESIAN_POINT('Ctrl Pts',(345.727680265941,-61.3698748434032,-1.09631951829306));
#447=CARTESIAN_POINT('Ctrl Pts',(345.083967908454,-66.4816690967777,-1.14760509015967));
#448=CARTESIAN_POINT('Ctrl Pts',(343.380753684691,-78.7409660419035,-1.27579560061909));
#449=CARTESIAN_POINT('Ctrl Pts',(342.267147429645,-85.8657690448834,-1.35706146434159));
#450=CARTESIAN_POINT('Ctrl Pts',(340.124460224345,-96.8193919621261,-1.49089994682295));
#451=CARTESIAN_POINT('Ctrl Pts',(339.285150901706,-100.623255803935,-1.53754127701895));
#452=CARTESIAN_POINT('Ctrl Pts',(337.246629911495,-108.674640238435,-1.63720287083258));
#453=CARTESIAN_POINT('Ctrl Pts',(335.954509348585,-112.956630406909,-1.68831191709751));
#454=CARTESIAN_POINT('Ctrl Pts',(330.955535428589,-126.82727441436,-1.84469202313684));
#455=CARTESIAN_POINT('Ctrl Pts',(325.573812029239,-136.630465484394,-1.92457231129687));
#456=CARTESIAN_POINT('Ctrl Pts',(317.346736133964,-145.073354938979,-1.94963888957051));
#457=CARTESIAN_POINT('Ctrl Pts',(316.699231702428,-145.730729161837,-1.9515057591054));
#458=CARTESIAN_POINT('Ctrl Pts',(309.099664551671,-153.045478230779,-1.96608091588271));
#459=CARTESIAN_POINT('Ctrl Pts',(293.287079510069,-162.968006040871,-1.94802071066096));
#460=CARTESIAN_POINT('Ctrl Pts',(276.845805143306,-168.895523314357,-1.90898543733575));
#461=CARTESIAN_POINT('Ctrl Pts',(260.52070322463,-174.03849888812,-1.86811420123617));
#462=CARTESIAN_POINT('Ctrl Pts',(252.47205871935,-176.150314353222,-1.84821069725909));
#463=CARTESIAN_POINT('Ctrl Pts',(221.912244810124,-183.118923835894,-1.77250680315405));
#464=CARTESIAN_POINT('Ctrl Pts',(199.288367409112,-186.358404103471,-1.71818787878589));
#465=CARTESIAN_POINT('Ctrl Pts',(149.283169996578,-192.147504764968,-1.59532094379581));
#466=CARTESIAN_POINT('Ctrl Pts',(121.729591922062,-194.239779556276,-1.5300702698355));
#467=CARTESIAN_POINT('Ctrl Pts',(62.5425817627731,-197.209358992658,-1.39297915764188));
#468=CARTESIAN_POINT('Ctrl Pts',(30.7468021792671,-197.841388177726,-1.31988885314582));
#469=CARTESIAN_POINT('Ctrl Pts',(-59.8574126842977,-197.557144709521,-1.1079926748205));
#470=CARTESIAN_POINT('Ctrl Pts',(-118.580192046741,-194.862715514418,-0.961243365298164));
#471=CARTESIAN_POINT('Ctrl Pts',(-191.83446573804,-187.934150894116,-0.676941827433949));
#472=CARTESIAN_POINT('Ctrl Pts',(-206.417357349109,-186.353937030783,-0.616505953220967));
#473=CARTESIAN_POINT('Ctrl Pts',(-225.306406219532,-184.06346517867,-0.531721826927928));
#474=CARTESIAN_POINT('Ctrl Pts',(-229.620152787458,-183.520346484775,-0.512187960943499));
#475=CARTESIAN_POINT('Ctrl Pts',(-244.166922531892,-181.633552793458,-0.444895184561689));
#476=CARTESIAN_POINT('Ctrl Pts',(-254.385838123765,-180.204998681346,-0.396160878191642));
#477=CARTESIAN_POINT('Ctrl Pts',(-279.105047891804,-176.495852341316,-0.277568824547645));
#478=CARTESIAN_POINT('Ctrl Pts',(-293.579537374782,-174.107932154846,-0.208057383074948));
#479=CARTESIAN_POINT('Ctrl Pts',(-321.568493463538,-169.069273044062,-0.0898046807595285));
#480=CARTESIAN_POINT('Ctrl Pts',(-335.071056741669,-166.416655072766,-0.0331789773571815));
#481=CARTESIAN_POINT('Ctrl Pts',(-348.51184064244,-163.656543686,-0.017248211774901));
#482=CARTESIAN_POINT('Ctrl Pts',(350.689370576021,-13.6465069975263,-2.99678866690437));
#483=CARTESIAN_POINT('Ctrl Pts',(350.693419858236,-13.8265207368761,-2.98565951439326));
#484=CARTESIAN_POINT('Ctrl Pts',(350.705166578723,-14.3944767695502,-2.96370027821742));
#485=CARTESIAN_POINT('Ctrl Pts',(350.704596907687,-15.1304819018488,-2.78487083775757));
#486=CARTESIAN_POINT('Ctrl Pts',(350.630814451824,-16.5646160310737,-2.42756557958672));
#487=CARTESIAN_POINT('Ctrl Pts',(350.519179916822,-17.1825330594037,-2.40270484682542));
#488=CARTESIAN_POINT('Ctrl Pts',(350.207748889255,-19.2963566431462,-2.39079086746056));
#489=CARTESIAN_POINT('Ctrl Pts',(349.987593309103,-20.8674340249046,-2.52023988023435));
#490=CARTESIAN_POINT('Ctrl Pts',(349.329339556441,-25.7969901233754,-2.68807511407179));
#491=CARTESIAN_POINT('Ctrl Pts',(348.884229783231,-28.9216007413571,-2.76522809183103));
#492=CARTESIAN_POINT('Ctrl Pts',(347.675193063963,-38.4156061938345,-3.0426213650702));
#493=CARTESIAN_POINT('Ctrl Pts',(346.937269848708,-44.9152151207655,-3.21942525202572));
#494=CARTESIAN_POINT('Ctrl Pts',(345.85915399066,-53.0018130307135,-3.43882028605027));
#495=CARTESIAN_POINT('Ctrl Pts',(345.648089372476,-54.5647839581724,-3.48364753038108));
#496=CARTESIAN_POINT('Ctrl Pts',(344.731200123372,-61.2413054822409,-3.67391819029793));
#497=CARTESIAN_POINT('Ctrl Pts',(343.997172382114,-66.33722331854,-3.83053535602889));
#498=CARTESIAN_POINT('Ctrl Pts',(342.05753461156,-78.5358499472561,-4.21367404877225));
#499=CARTESIAN_POINT('Ctrl Pts',(340.784814456738,-85.6129121891845,-4.45025833741148));
#500=CARTESIAN_POINT('Ctrl Pts',(338.369788399418,-96.4397246423139,-4.82417449698945));
#501=CARTESIAN_POINT('Ctrl Pts',(337.436186598208,-100.186379195424,-4.95178255221556));
#502=CARTESIAN_POINT('Ctrl Pts',(335.196175568831,-108.086940770644,-5.21834290947541));
#503=CARTESIAN_POINT('Ctrl Pts',(333.810725321633,-112.259028266189,-5.35140644309886));
#504=CARTESIAN_POINT('Ctrl Pts',(328.549463492094,-125.708893506823,-5.74885927471519));
#505=CARTESIAN_POINT('Ctrl Pts',(323.191450644289,-134.986890806592,-5.93629765537452));
#506=CARTESIAN_POINT('Ctrl Pts',(315.274230797258,-143.020773998324,-5.99552018192849));
#507=CARTESIAN_POINT('Ctrl Pts',(314.646575124585,-143.650653117554,-5.99990543956944));
#508=CARTESIAN_POINT('Ctrl Pts',(307.336160242421,-150.637211873603,-6.03403544843736));
#509=CARTESIAN_POINT('Ctrl Pts',(292.075438017715,-160.295876112869,-5.99199817638618));
#510=CARTESIAN_POINT('Ctrl Pts',(275.91443169048,-166.244093332619,-5.89934990307155));
#511=CARTESIAN_POINT('Ctrl Pts',(259.790557201688,-171.43226213721,-5.80091837103523));
#512=CARTESIAN_POINT('Ctrl Pts',(251.822112414835,-173.577145379094,-5.75250727936391));
#513=CARTESIAN_POINT('Ctrl Pts',(221.508213283315,-180.687220779784,-5.56614806356161));
#514=CARTESIAN_POINT('Ctrl Pts',(198.971521529821,-184.053579214639,-5.42856425673148));
#515=CARTESIAN_POINT('Ctrl Pts',(149.104599886617,-190.122008604197,-5.10818286982962));
#516=CARTESIAN_POINT('Ctrl Pts',(121.602193593855,-192.362476459667,-4.93234961844272));
#517=CARTESIAN_POINT('Ctrl Pts',(62.4976258352844,-195.628676479684,-4.55154177725355));
#518=CARTESIAN_POINT('Ctrl Pts',(30.7293712373668,-196.415059134373,-4.34259579925295));
#519=CARTESIAN_POINT('Ctrl Pts',(-59.8179383183702,-196.538437758706,-3.71489706154536));
#520=CARTESIAN_POINT('Ctrl Pts',(-118.526169706719,-194.115801398472,-3.26579415488243));
#521=CARTESIAN_POINT('Ctrl Pts',(-191.79397021669,-187.545874401454,-2.33058520856304));
#522=CARTESIAN_POINT('Ctrl Pts',(-206.380867923658,-186.030630965972,-2.12822072126142));
#523=CARTESIAN_POINT('Ctrl Pts',(-225.276440769638,-183.821082532337,-1.8416797217631));
#524=CARTESIAN_POINT('Ctrl Pts',(-229.591700544535,-183.295048464272,-1.77527970211568));
#525=CARTESIAN_POINT('Ctrl Pts',(-244.143830219798,-181.4652586109,-1.54611109568095));
#526=CARTESIAN_POINT('Ctrl Pts',(-254.366645073668,-180.07173747277,-1.3787885990893));
#527=CARTESIAN_POINT('Ctrl Pts',(-279.094761649074,-176.433910172863,-0.969313858851129));
#528=CARTESIAN_POINT('Ctrl Pts',(-293.573593430431,-174.073847026561,-0.727271735217845));
#529=CARTESIAN_POINT('Ctrl Pts',(-321.567620393813,-169.065380990348,-0.314379588833907));
#530=CARTESIAN_POINT('Ctrl Pts',(-335.071030676768,-166.41642244187,-0.116103884353649));
#531=CARTESIAN_POINT('Ctrl Pts',(-348.511788299072,-163.65628869263,-0.0603680677305576));
#532=CARTESIAN_POINT('Ctrl Pts',(349.993133491836,-13.655435302942,-4.09551454611875));
#533=CARTESIAN_POINT('Ctrl Pts',(350.002100243919,-13.8255325449093,-4.08154404135113));
#534=CARTESIAN_POINT('Ctrl Pts',(350.024039005056,-14.3638668166254,-4.05493240142723));
#535=CARTESIAN_POINT('Ctrl Pts',(350.105342997671,-15.066957990553,-3.83056032209471));
#536=CARTESIAN_POINT('Ctrl Pts',(350.179694966542,-16.4831780716092,-3.37204573574496));
#537=CARTESIAN_POINT('Ctrl Pts',(350.07231590303,-17.1116949608165,-3.33671139765247));
#538=CARTESIAN_POINT('Ctrl Pts',(349.764534549586,-19.2392563868549,-3.32209681689239));
#539=CARTESIAN_POINT('Ctrl Pts',(349.494981373491,-20.8097138316609,-3.49056511405224));
#540=CARTESIAN_POINT('Ctrl Pts',(348.771739449191,-25.7228723995112,-3.70700972119522));
#541=CARTESIAN_POINT('Ctrl Pts',(348.294121659796,-28.8474708569432,-3.80517844090493));
#542=CARTESIAN_POINT('Ctrl Pts',(346.964442014838,-38.3399430981691,-4.15449545484888));
#543=CARTESIAN_POINT('Ctrl Pts',(346.143651870004,-44.8276694920482,-4.37071644387315));
#544=CARTESIAN_POINT('Ctrl Pts',(344.957244936175,-52.8899500308401,-4.63123688269255));
#545=CARTESIAN_POINT('Ctrl Pts',(344.723260063314,-54.4507558151653,-4.68395432795144));
#546=CARTESIAN_POINT('Ctrl Pts',(343.70888059766,-61.1094057642817,-4.90603299720695));
#547=CARTESIAN_POINT('Ctrl Pts',(342.890392814185,-66.1900055735068,-5.08372737291552));
#548=CARTESIAN_POINT('Ctrl Pts',(340.736431858418,-78.3309330879443,-5.50156293983783));
#549=CARTESIAN_POINT('Ctrl Pts',(339.3241213489,-85.3630895090872,-5.74636740047279));
#550=CARTESIAN_POINT('Ctrl Pts',(336.68488088545,-96.074851104172,-6.10236438718951));
#551=CARTESIAN_POINT('Ctrl Pts',(335.676240061079,-99.770339654184,-6.2184251733874));
#552=CARTESIAN_POINT('Ctrl Pts',(333.282382458826,-107.53754153672,-6.44874603328533));
#553=CARTESIAN_POINT('Ctrl Pts',(331.830409115008,-111.614339913638,-6.55651591555396));
#554=CARTESIAN_POINT('Ctrl Pts',(326.397262122215,-124.701961018738,-6.85925117527324));
#555=CARTESIAN_POINT('Ctrl Pts',(321.103818256254,-133.54127464963,-6.97180725500154));
#556=CARTESIAN_POINT('Ctrl Pts',(313.465994011696,-141.230159409994,-7.00852259023039));
#557=CARTESIAN_POINT('Ctrl Pts',(312.856587612122,-141.836576777257,-7.01116509068447));
#558=CARTESIAN_POINT('Ctrl Pts',(305.803350962665,-148.544079456151,-7.03163603231923));
#559=CARTESIAN_POINT('Ctrl Pts',(291.015922056575,-157.964322550003,-7.00692548248558));
#560=CARTESIAN_POINT('Ctrl Pts',(275.093986836524,-163.909360378245,-6.94891339749695));
#561=CARTESIAN_POINT('Ctrl Pts',(259.141431116192,-169.116557185034,-6.88441861937448));
#562=CARTESIAN_POINT('Ctrl Pts',(251.241789345532,-171.280677148068,-6.85176578798731));
#563=CARTESIAN_POINT('Ctrl Pts',(221.139952056305,-178.480140080829,-6.7215467899003));
#564=CARTESIAN_POINT('Ctrl Pts',(198.680204440621,-181.937324458591,-6.61780572963065));
#565=CARTESIAN_POINT('Ctrl Pts',(148.93563038212,-188.214558454202,-6.35718551444087));
#566=CARTESIAN_POINT('Ctrl Pts',(121.480414457482,-190.572225744857,-6.2029102895305));
#567=CARTESIAN_POINT('Ctrl Pts',(62.4531057925676,-194.081914961153,-5.84455435965555));
#568=CARTESIAN_POINT('Ctrl Pts',(30.7119145903632,-195.001404180966,-5.63638818652122));
#569=CARTESIAN_POINT('Ctrl Pts',(-59.7783853043757,-195.48939577755,-4.96289523858635));
#570=CARTESIAN_POINT('Ctrl Pts',(-118.469351311453,-193.32660484192,-4.45379754515022));
#571=CARTESIAN_POINT('Ctrl Pts',(-191.750254370849,-187.126421771549,-3.24506282804957));
#572=CARTESIAN_POINT('Ctrl Pts',(-206.341260474212,-185.679636663406,-2.97570905950455));
#573=CARTESIAN_POINT('Ctrl Pts',(-225.243712942759,-183.556334720886,-2.58848935596633));
#574=CARTESIAN_POINT('Ctrl Pts',(-229.560582620176,-183.048638615316,-2.49791906036076));
#575=CARTESIAN_POINT('Ctrl Pts',(-244.118442644367,-181.280191651359,-2.18439850298684));
#576=CARTESIAN_POINT('Ctrl Pts',(-254.345484119848,-179.924802109087,-1.95250542801083));
#577=CARTESIAN_POINT('Ctrl Pts',(-279.083339919345,-176.365095991394,-1.37988450232054));
#578=CARTESIAN_POINT('Ctrl Pts',(-293.566985261301,-174.035959165871,-1.03689457782729));
#579=CARTESIAN_POINT('Ctrl Pts',(-321.566644919439,-169.061023890151,-0.449252349801916));
#580=CARTESIAN_POINT('Ctrl Pts',(-335.071002633479,-166.416172367476,-0.165813753850716));
#581=CARTESIAN_POINT('Ctrl Pts',(-348.511729974855,-163.656004563256,-0.0862385958801982));
#582=CARTESIAN_POINT('Ctrl Pts',(349.870235519044,-13.6570113043659,-4.27367455887268));
#583=CARTESIAN_POINT('Ctrl Pts',(349.880057682822,-13.8253564498689,-4.25927877349147));
#584=CARTESIAN_POINT('Ctrl Pts',(349.903751591376,-14.3584687893166,-4.23200478340682));
#585=CARTESIAN_POINT('Ctrl Pts',(349.9993013747,-15.0557202365567,-4.00081954287073));
#586=CARTESIAN_POINT('Ctrl Pts',(350.099558546669,-16.4687199761908,-3.52677548598733));
#587=CARTESIAN_POINT('Ctrl Pts',(349.992963061976,-17.0991139069776,-3.48971231601119));
#588=CARTESIAN_POINT('Ctrl Pts',(349.685805450323,-19.2291154049535,-3.47470737617006));
#589=CARTESIAN_POINT('Ctrl Pts',(349.407587816739,-20.799473157954,-3.64924613667151));
#590=CARTESIAN_POINT('Ctrl Pts',(348.672974799491,-25.7097440036582,-3.87318685173386));
#591=CARTESIAN_POINT('Ctrl Pts',(348.189684328355,-28.8343521242547,-3.97455071858245));
#592=CARTESIAN_POINT('Ctrl Pts',(346.839009256749,-38.3265929073461,-4.33467744023213));
#593=CARTESIAN_POINT('Ctrl Pts',(346.003894807414,-44.8122481277957,-4.55658712854704));
#594=CARTESIAN_POINT('Ctrl Pts',(344.798913782681,-52.8703123437546,-4.82274608436832));
#595=CARTESIAN_POINT('Ctrl Pts',(344.5610045688,-54.4307498213082,-4.87652151368035));
#596=CARTESIAN_POINT('Ctrl Pts',(343.529969622261,-61.0863227749215,-5.10278911136409));
#597=CARTESIAN_POINT('Ctrl Pts',(342.697140023008,-66.164294061336,-5.28300048954979));
#598=CARTESIAN_POINT('Ctrl Pts',(340.50714916942,-78.2953619530754,-5.7040142041392));
#599=CARTESIAN_POINT('Ctrl Pts',(339.071634872934,-85.3198721878601,-5.94843336690463));
#600=CARTESIAN_POINT('Ctrl Pts',(336.395911647414,-96.0122582571729,-6.29858959501956));
#601=CARTESIAN_POINT('Ctrl Pts',(335.375207441687,-99.699166460676,-6.41174710608204));
#602=CARTESIAN_POINT('Ctrl Pts',(332.95698416253,-107.444084512669,-6.63401742240388));
#603=CARTESIAN_POINT('Ctrl Pts',(331.494755676938,-111.505052123413,-6.73660584796199));
#604=CARTESIAN_POINT('Ctrl Pts',(326.036046446484,-124.53262554418,-7.02082877840796));
#605=CARTESIAN_POINT('Ctrl Pts',(320.755574719159,-133.299860977203,-7.12001474597655));
#606=CARTESIAN_POINT('Ctrl Pts',(313.164748444578,-140.931861539538,-7.15271613498289));
#607=CARTESIAN_POINT('Ctrl Pts',(312.558429422865,-141.5343972247,-7.15504716682759));
#608=CARTESIAN_POINT('Ctrl Pts',(305.548282725744,-148.195774483291,-7.17309354620549));
#609=CARTESIAN_POINT('Ctrl Pts',(290.839292922393,-157.575890028561,-7.15144319628692));
#610=CARTESIAN_POINT('Ctrl Pts',(274.956908277797,-163.519323441807,-7.09965635012924));
#611=CARTESIAN_POINT('Ctrl Pts',(259.032674716704,-168.728644429679,-7.04134673916343));
#612=CARTESIAN_POINT('Ctrl Pts',(251.144433480517,-170.895471900848,-7.01159751599531));
#613=CARTESIAN_POINT('Ctrl Pts',(221.077788377245,-178.108046915975,-6.89185981992366));
#614=CARTESIAN_POINT('Ctrl Pts',(198.630897437518,-181.579288079005,-6.79470488919785));
#615=CARTESIAN_POINT('Ctrl Pts',(148.906782476288,-187.889364771325,-6.54636197837428));
#616=CARTESIAN_POINT('Ctrl Pts',(121.459557404903,-190.265837808896,-6.39704521351167));
#617=CARTESIAN_POINT('Ctrl Pts',(62.4453992939288,-193.815116419306,-6.04531924187045));
#618=CARTESIAN_POINT('Ctrl Pts',(30.7088820422904,-194.756607128526,-5.83890403945481));
#619=CARTESIAN_POINT('Ctrl Pts',(-59.7715135536496,-195.305626655152,-5.16210127769149));
#620=CARTESIAN_POINT('Ctrl Pts',(-118.459333663099,-193.187247185593,-4.64609086618373));
#621=CARTESIAN_POINT('Ctrl Pts',(-191.742483563503,-187.051846886835,-3.39510279039476));
#622=CARTESIAN_POINT('Ctrl Pts',(-206.334208454061,-185.617138159855,-3.11512174859298));
#623=CARTESIAN_POINT('Ctrl Pts',(-225.237874606897,-183.509105374207,-2.71173627073413));
#624=CARTESIAN_POINT('Ctrl Pts',(-229.555029180797,-183.00466293383,-2.61725801967508));
#625=CARTESIAN_POINT('Ctrl Pts',(-244.113904633228,-181.247108694504,-2.2900699781157));
#626=CARTESIAN_POINT('Ctrl Pts',(-254.341698319707,-179.898514019009,-2.04762101291517));
#627=CARTESIAN_POINT('Ctrl Pts',(-279.081292068758,-176.352756158295,-1.44816803577727));
#628=CARTESIAN_POINT('Ctrl Pts',(-293.565800007123,-174.029163848748,-1.088437041756));
#629=CARTESIAN_POINT('Ctrl Pts',(-321.566469690499,-169.060240748807,-0.471735119052049));
#630=CARTESIAN_POINT('Ctrl Pts',(-335.070997654815,-166.416127975306,-0.174097368197941));
#631=CARTESIAN_POINT('Ctrl Pts',(-348.511719506475,-163.65595356601,-0.0905503056756416));
#632=CARTESIAN_POINT('',(-348.511719506475,-163.65595356601,0.0905503056756597));
#633=CARTESIAN_POINT('',(-348.511719506475,-163.65595356601,-0.090550305675637));
#634=CARTESIAN_POINT('Ctrl Pts',(-348.511719506475,-163.65595356601,0.0905503056756592));
#635=CARTESIAN_POINT('Ctrl Pts',(-348.511719518826,-163.656166153253,0.0733036214812582));
#636=CARTESIAN_POINT('Ctrl Pts',(-348.511719523925,-163.656318002494,0.0560561507348779));
#637=CARTESIAN_POINT('Ctrl Pts',(-348.511719526118,-163.656409112723,0.03880828269284));
#638=CARTESIAN_POINT('Ctrl Pts',(-348.511719527763,-163.656477445524,0.0258723570982606));
#639=CARTESIAN_POINT('Ctrl Pts',(-348.511719527752,-163.656511612407,0.0129362080511248));
#640=CARTESIAN_POINT('Ctrl Pts',(-348.51171952776,-163.656511612446,-2.35189472064246E-13));
#641=CARTESIAN_POINT('Ctrl Pts',(-348.511719527762,-163.656511612459,-0.00431206242014898));
#642=CARTESIAN_POINT('Ctrl Pts',(-348.511719527765,-163.656507816157,-0.00862411828474862));
#643=CARTESIAN_POINT('Ctrl Pts',(-348.511719527703,-163.656500223566,-0.0129361615022873));
#644=CARTESIAN_POINT('Ctrl Pts',(-348.511719527396,-163.656462260554,-0.034496412023362));
#645=CARTESIAN_POINT('Ctrl Pts',(-348.5117195257,-163.656329390864,-0.0560563462550218));
#646=CARTESIAN_POINT('Ctrl Pts',(-348.511719514438,-163.656101617468,-0.0776152033793764));
#647=CARTESIAN_POINT('Ctrl Pts',(-348.511719512186,-163.656056063058,-0.081926949248095));
#648=CARTESIAN_POINT('Ctrl Pts',(-348.511719509543,-163.656006712512,-0.086238652038541));
#649=CARTESIAN_POINT('Ctrl Pts',(-348.511719506475,-163.65595356601,-0.0905503056756416));
#650=CARTESIAN_POINT('',(-308.009996336155,-171.465482705755,-0.77053670462073));
#651=CARTESIAN_POINT('Ctrl Pts',(-348.511719506475,-163.65595356601,-0.0905503056756416));
#652=CARTESIAN_POINT('Ctrl Pts',(-335.070997654815,-166.416127975306,-0.174097368197941));
#653=CARTESIAN_POINT('Ctrl Pts',(-321.566469690499,-169.060240748807,-0.471735119052049));
#654=CARTESIAN_POINT('Ctrl Pts',(-308.010972048718,-171.465762692571,-0.770288744855455));
#655=CARTESIAN_POINT('Ctrl Pts',(-308.010520735658,-171.465842781125,-0.770298684858599));
#656=CARTESIAN_POINT('Ctrl Pts',(-308.01006942256,-171.465922869444,-0.770308624902319));
#657=CARTESIAN_POINT('',(-1.04881563820316,-194.95405944205,-5.60156101760042));
#658=CARTESIAN_POINT('Ctrl Pts',(-308.01006942256,-171.465922869444,-0.770308624902319));
#659=CARTESIAN_POINT('Ctrl Pts',(-293.564894951359,-174.029309036773,-1.08845951932216));
#660=CARTESIAN_POINT('Ctrl Pts',(-279.08083823944,-176.352821202568,-1.44817903229316));
#661=CARTESIAN_POINT('Ctrl Pts',(-254.341698319707,-179.898514019009,-2.04762101291517));
#662=CARTESIAN_POINT('Ctrl Pts',(-244.113904633228,-181.247108694504,-2.2900699781157));
#663=CARTESIAN_POINT('Ctrl Pts',(-229.555029180797,-183.00466293383,-2.61725801967508));
#664=CARTESIAN_POINT('Ctrl Pts',(-225.237874606897,-183.509105374207,-2.71173627073413));
#665=CARTESIAN_POINT('Ctrl Pts',(-206.334208454061,-185.617138159855,-3.11512174859298));
#666=CARTESIAN_POINT('Ctrl Pts',(-191.742483563503,-187.051846886835,-3.39510279039476));
#667=CARTESIAN_POINT('Ctrl Pts',(-118.459333663099,-193.187247185593,-4.64609086618373));
#668=CARTESIAN_POINT('Ctrl Pts',(-59.7715135536496,-195.305626655152,-5.16210127769149));
#669=CARTESIAN_POINT('Ctrl Pts',(-1.04965269535921,-194.949312471967,-5.60134689927624));
#670=CARTESIAN_POINT('Ctrl Pts',(-1.04922917364752,-194.949309901977,-5.60135006725714));
#671=CARTESIAN_POINT('Ctrl Pts',(-1.04880565193982,-194.949307331853,-5.60135323523251));
#672=CARTESIAN_POINT('',(176.107097295994,-184.442062571677,-6.68221329499019));
#673=CARTESIAN_POINT('Ctrl Pts',(-1.04880565193982,-194.949307331853,-5.60135323523251));
#674=CARTESIAN_POINT('Ctrl Pts',(30.709728487191,-194.756582017848,-5.83890954475322));
#675=CARTESIAN_POINT('Ctrl Pts',(62.4458220298736,-193.815090994769,-6.04532176138807));
#676=CARTESIAN_POINT('Ctrl Pts',(121.459557404903,-190.265837808896,-6.39704521351167));
#677=CARTESIAN_POINT('Ctrl Pts',(148.906782476288,-187.889364771325,-6.54636197837428));
#678=CARTESIAN_POINT('Ctrl Pts',(176.106239573117,-184.437706347555,-6.68220737961499));
#679=CARTESIAN_POINT('Ctrl Pts',(176.106411415145,-184.437684540466,-6.68220823786468));
#680=CARTESIAN_POINT('Ctrl Pts',(176.106583257168,-184.437662733342,-6.68220909611347));
#681=CARTESIAN_POINT('',(243.198652725058,-172.805035008692,-6.97996315522987));
#682=CARTESIAN_POINT('Ctrl Pts',(176.106583257168,-184.437662733342,-6.68220909611347));
#683=CARTESIAN_POINT('Ctrl Pts',(198.631239932373,-181.579235114668,-6.79470637158818));
#684=CARTESIAN_POINT('Ctrl Pts',(221.077957129988,-178.10800643451,-6.8918604919662));
#685=CARTESIAN_POINT('Ctrl Pts',(243.197749529465,-172.801772185485,-6.97995056554772));
#686=CARTESIAN_POINT('Ctrl Pts',(243.197821013432,-172.801755037442,-6.97995085022602));
#687=CARTESIAN_POINT('Ctrl Pts',(243.197892497395,-172.801737889377,-6.97995113490417));
#688=CARTESIAN_POINT('',(266.871824721373,-166.168569629038,-7.06998999879393));
#689=CARTESIAN_POINT('Ctrl Pts',(243.197892497395,-172.801737889377,-6.97995113490417));
#690=CARTESIAN_POINT('Ctrl Pts',(251.143921406725,-170.89558980139,-7.01159544675583));
#691=CARTESIAN_POINT('Ctrl Pts',(259.031446891393,-168.728978002515,-7.04134210087661));
#692=CARTESIAN_POINT('Ctrl Pts',(266.870577553191,-166.164618241278,-7.07004671163935));
#693=CARTESIAN_POINT('',(311.926777713009,-142.132976166875,-7.15672616326145));
#694=CARTESIAN_POINT('Ctrl Pts',(266.870577553191,-166.164618241278,-7.07004671163935));
#695=CARTESIAN_POINT('Ctrl Pts',(266.87122274407,-166.164407184517,-7.07004907414023));
#696=CARTESIAN_POINT('Ctrl Pts',(266.871867934621,-166.164196125061,-7.07005143663405));
#697=CARTESIAN_POINT('Ctrl Pts',(274.956908277797,-163.519323441807,-7.09965635012924));
#698=CARTESIAN_POINT('Ctrl Pts',(290.839292922393,-157.575890028561,-7.15144319628692));
#699=CARTESIAN_POINT('Ctrl Pts',(305.548282725744,-148.195774483291,-7.17309354620549));
#700=CARTESIAN_POINT('Ctrl Pts',(311.926626740844,-142.134766403801,-7.15667363077825));
#701=CARTESIAN_POINT('Ctrl Pts',(311.927113358733,-142.134303980541,-7.1566723776106));
#702=CARTESIAN_POINT('Ctrl Pts',(311.927599961251,-142.133841556269,-7.15667112402654));
#703=CARTESIAN_POINT('',(313.772697878366,-140.319129653437,-7.15017807372279));
#704=CARTESIAN_POINT('Ctrl Pts',(311.927599961251,-142.133841556269,-7.15667112402654));
#705=CARTESIAN_POINT('Ctrl Pts',(312.559362714737,-141.533469752226,-7.15504357856115));
#706=CARTESIAN_POINT('Ctrl Pts',(313.165216036269,-140.931391411529,-7.15271412059115));
#707=CARTESIAN_POINT('Ctrl Pts',(313.772677883886,-140.320634559124,-7.15009716619556));
#708=CARTESIAN_POINT('Ctrl Pts',(313.773058991029,-140.320251374474,-7.15009552415283));
#709=CARTESIAN_POINT('Ctrl Pts',(313.773440093099,-140.319868184624,-7.15009388190429));
#710=CARTESIAN_POINT('',(329.828065320218,-115.475812246318,-6.82305325013892));
#711=CARTESIAN_POINT('Ctrl Pts',(313.773440093099,-140.319868184624,-7.15009388190429));
#712=CARTESIAN_POINT('Ctrl Pts',(320.755586514024,-133.299471689802,-7.1200063523642));
#713=CARTESIAN_POINT('Ctrl Pts',(326.035399759041,-124.533548810272,-7.02083403164317));
#714=CARTESIAN_POINT('Ctrl Pts',(329.83052892768,-115.47684011192,-6.82325845479971));
#715=CARTESIAN_POINT('',(334.234684926145,-103.349732169442,-6.51643773988165));
#716=CARTESIAN_POINT('Ctrl Pts',(329.83052892768,-115.47684011192,-6.82325845479971));
#717=CARTESIAN_POINT('Ctrl Pts',(329.830835795068,-115.476107802579,-6.82324247919034));
#718=CARTESIAN_POINT('Ctrl Pts',(329.831142652748,-115.475375491338,-6.8232265029376));
#719=CARTESIAN_POINT('Ctrl Pts',(331.494726167932,-111.505122548623,-6.73660738443075));
#720=CARTESIAN_POINT('Ctrl Pts',(332.956932279163,-107.444228605316,-6.63402106247731));
#721=CARTESIAN_POINT('Ctrl Pts',(334.235317414392,-103.349927299991,-6.51651977908135));
#722=CARTESIAN_POINT('',(337.318130530538,-92.3263774857781,-6.17799040480108));
#723=CARTESIAN_POINT('Ctrl Pts',(334.235317414392,-103.349927299991,-6.51651977908135));
#724=CARTESIAN_POINT('Ctrl Pts',(334.235340094849,-103.349854660986,-6.51651769443351));
#725=CARTESIAN_POINT('Ctrl Pts',(334.235362775248,-103.34978202197,-6.51651560978098));
#726=CARTESIAN_POINT('Ctrl Pts',(335.375207441687,-99.699166460676,-6.41174710608204));
#727=CARTESIAN_POINT('Ctrl Pts',(336.395911647414,-96.0122582571729,-6.29858959501956));
#728=CARTESIAN_POINT('Ctrl Pts',(337.318202270402,-92.3267173480693,-6.17789482259652));
#729=CARTESIAN_POINT('Ctrl Pts',(337.318239768433,-92.3265675025995,-6.17788991542291));
#730=CARTESIAN_POINT('Ctrl Pts',(337.318277266319,-92.3264176571217,-6.17788500824245));
#731=CARTESIAN_POINT('',(341.77886331734,-71.2504452299306,-5.45988488243315));
#732=CARTESIAN_POINT('Ctrl Pts',(337.318277266319,-92.3264176571217,-6.17788500824245));
#733=CARTESIAN_POINT('Ctrl Pts',(339.071696270163,-85.3195717477968,-5.94842291303607));
#734=CARTESIAN_POINT('Ctrl Pts',(340.507176363778,-78.2952113147268,-5.70400897617319));
#735=CARTESIAN_POINT('Ctrl Pts',(341.778846709191,-71.2510178328972,-5.45953733603909));
#736=CARTESIAN_POINT('Ctrl Pts',(341.778895913286,-71.2507452741621,-5.45952787676435));
#737=CARTESIAN_POINT('Ctrl Pts',(341.778945117135,-71.2504727154529,-5.4595184174791));
#738=CARTESIAN_POINT('',(344.317614203279,-56.0025530648434,-4.92988331767467));
#739=CARTESIAN_POINT('Ctrl Pts',(341.778945117135,-71.2504727154529,-5.4595184174791));
#740=CARTESIAN_POINT('Ctrl Pts',(342.697179589051,-66.1640251018119,-5.28299072893373));
#741=CARTESIAN_POINT('Ctrl Pts',(343.529921718275,-61.086599749675,-5.10279934733002));
#742=CARTESIAN_POINT('Ctrl Pts',(344.317513715243,-56.0025405177586,-4.9299572295637));
#743=CARTESIAN_POINT('',(345.034755697969,-51.2954060454785,-4.77031292803536));
#744=CARTESIAN_POINT('Ctrl Pts',(344.317513715243,-56.0025405177586,-4.9299572295637));
#745=CARTESIAN_POINT('Ctrl Pts',(344.317556326151,-56.0022654560746,-4.92994787832647));
#746=CARTESIAN_POINT('Ctrl Pts',(344.317598936927,-56.0019903943711,-4.92993852711075));
#747=CARTESIAN_POINT('Ctrl Pts',(344.560875041755,-54.4315859488339,-4.87654993926713));
#748=CARTESIAN_POINT('Ctrl Pts',(344.798660532492,-52.8719733949492,-4.82280332691693));
#749=CARTESIAN_POINT('Ctrl Pts',(345.034426964609,-51.2953660699188,-4.77072539686946));
#750=CARTESIAN_POINT('',(347.742233358844,-31.970562697849,-4.0956907267193));
#751=CARTESIAN_POINT('Ctrl Pts',(345.034426964609,-51.2953660699188,-4.77072539686946));
#752=CARTESIAN_POINT('Ctrl Pts',(345.034552515283,-51.2945264927507,-4.77069766425631));
#753=CARTESIAN_POINT('Ctrl Pts',(345.034678065385,-51.2936869107632,-4.77066993211637));
#754=CARTESIAN_POINT('Ctrl Pts',(346.003894807414,-44.8122481277957,-4.55658712854704));
#755=CARTESIAN_POINT('Ctrl Pts',(346.839009256749,-38.3265929073461,-4.33467744023213));
#756=CARTESIAN_POINT('Ctrl Pts',(347.742857297352,-31.9745520552669,-4.09368696178589));
#757=CARTESIAN_POINT('Ctrl Pts',(347.743123638038,-31.9726803692597,-4.09361595786894));
#758=CARTESIAN_POINT('Ctrl Pts',(347.743389991561,-31.9708086894205,-4.09354496026998));
#759=CARTESIAN_POINT('',(349.158291762221,-22.4661791161912,-3.72539639209276));
#760=CARTESIAN_POINT('Ctrl Pts',(347.743389991561,-31.9708086894205,-4.09354496026998));
#761=CARTESIAN_POINT('Ctrl Pts',(348.190246068933,-28.8307281639001,-3.97443368217171));
#762=CARTESIAN_POINT('Ctrl Pts',(348.673233540166,-25.7080079006601,-3.87310509201908));
#763=CARTESIAN_POINT('Ctrl Pts',(349.158236514592,-22.4661771235724,-3.72525882293441));
#764=CARTESIAN_POINT('',(349.901380748559,-17.7484189318171,-3.48347572595547));
#765=CARTESIAN_POINT('Ctrl Pts',(349.158236514592,-22.4661771235724,-3.72525882293441));
#766=CARTESIAN_POINT('Ctrl Pts',(349.158251753303,-22.466075265797,-3.72525417762961));
#767=CARTESIAN_POINT('Ctrl Pts',(349.158266992017,-22.465973407904,-3.72524953227888));
#768=CARTESIAN_POINT('Ctrl Pts',(349.407454686778,-20.8003630198934,-3.64928672024119));
#769=CARTESIAN_POINT('Ctrl Pts',(349.685508320399,-19.2307925842176,-3.47489375655557));
#770=CARTESIAN_POINT('Ctrl Pts',(349.899372845318,-17.7481201494502,-3.48514050630632));
#771=CARTESIAN_POINT('',(350.025616442001,-15.4050802748918,-3.8820308021988));
#772=CARTESIAN_POINT('Ctrl Pts',(349.899372845318,-17.7481201494502,-3.48514050630632));
#773=CARTESIAN_POINT('Ctrl Pts',(349.899487110659,-17.7473279747212,-3.48514598102617));
#774=CARTESIAN_POINT('Ctrl Pts',(349.899601357677,-17.7465358247986,-3.48515150845403));
#775=CARTESIAN_POINT('Ctrl Pts',(349.992523068996,-17.1021650627046,-3.48969082193799));
#776=CARTESIAN_POINT('Ctrl Pts',(350.098552891373,-16.4746694296431,-3.52642644084396));
#777=CARTESIAN_POINT('Ctrl Pts',(350.02406591888,-15.4048877974186,-3.88368975131904));
#778=CARTESIAN_POINT('',(349.870241173697,-13.6571435956582,-4.27366885012368));
#779=CARTESIAN_POINT('Ctrl Pts',(350.02406591888,-15.4048877974186,-3.88368975131904));
#780=CARTESIAN_POINT('Ctrl Pts',(350.023712781998,-15.3998160467944,-3.88538350858997));
#781=CARTESIAN_POINT('Ctrl Pts',(350.023355587761,-15.3947343552017,-3.88708447014888));
#782=CARTESIAN_POINT('Ctrl Pts',(349.9993013747,-15.0557202365567,-4.00081954287073));
#783=CARTESIAN_POINT('Ctrl Pts',(349.903757820828,-14.358514247236,-4.2319897110824));
#784=CARTESIAN_POINT('Ctrl Pts',(349.880060772617,-13.8254259640192,-4.25927521632136));
#785=CARTESIAN_POINT('Ctrl Pts',(349.870243202624,-13.6571430021243,-4.27366329786809));
#786=CARTESIAN_POINT('',(349.870235519045,-13.6570113043659,-4.27367455887272));
#787=CARTESIAN_POINT('Ctrl Pts',(349.870243234752,-13.657143552832,-4.27366325078297));
#788=CARTESIAN_POINT('Ctrl Pts',(349.870240663117,-13.6570994724143,-4.27366701962681));
#789=CARTESIAN_POINT('Ctrl Pts',(349.870238091214,-13.6570553895925,-4.27367078898993));
#790=CARTESIAN_POINT('Ctrl Pts',(349.870235519044,-13.6570113043659,-4.27367455887268));
#791=CARTESIAN_POINT('',(349.870235519044,-13.6570113043659,4.27367455887288));
#792=CARTESIAN_POINT('Ctrl Pts',(349.870235519044,-13.6570113043659,-4.27367455887268));
#793=CARTESIAN_POINT('Ctrl Pts',(349.993360647313,-13.6574022097168,-4.0951834126014));
#794=CARTESIAN_POINT('Ctrl Pts',(350.109419747699,-13.6576253669184,-3.91198559744222));
#795=CARTESIAN_POINT('Ctrl Pts',(350.217090774282,-13.6577634911249,-3.72414163321357));
#796=CARTESIAN_POINT('Ctrl Pts',(350.315479167739,-13.6578897072408,-3.5524922448169));
#797=CARTESIAN_POINT('Ctrl Pts',(350.40686388123,-13.6579450740613,-3.37696258366593));
#798=CARTESIAN_POINT('Ctrl Pts',(350.491152971131,-13.657990657118,-3.19800483435269));
#799=CARTESIAN_POINT('Ctrl Pts',(350.572923608335,-13.6580348782099,-3.02439411900341));
#800=CARTESIAN_POINT('Ctrl Pts',(350.648016159194,-13.6580700650343,-2.8475564308091));
#801=CARTESIAN_POINT('Ctrl Pts',(350.716302514563,-13.6581592435865,-2.6678907296215));
#802=CARTESIAN_POINT('Ctrl Pts',(350.787496665167,-13.6582522195732,-2.48057443605971));
#803=CARTESIAN_POINT('Ctrl Pts',(350.851118851578,-13.6583360304646,-2.29064222913451));
#804=CARTESIAN_POINT('Ctrl Pts',(350.907084418788,-13.6584081467145,-2.09857222303574));
#805=CARTESIAN_POINT('Ctrl Pts',(350.963861055277,-13.6584813080941,-1.90371868253835));
#806=CARTESIAN_POINT('Ctrl Pts',(351.012757844147,-13.6585424366911,-1.70666426984419));
#807=CARTESIAN_POINT('Ctrl Pts',(351.053635103005,-13.6585919982948,-1.50789000092672));
#808=CARTESIAN_POINT('Ctrl Pts',(351.094512361864,-13.6586415598984,-1.30911573200925));
#809=CARTESIAN_POINT('Ctrl Pts',(351.127370291739,-13.6586795624174,-1.10862089305322));
#810=CARTESIAN_POINT('Ctrl Pts',(351.152014663973,-13.658709460689,-0.906878876218677));
#811=CARTESIAN_POINT('Ctrl Pts',(351.162517519294,-13.6587222026334,-0.820901144887642));
#812=CARTESIAN_POINT('Ctrl Pts',(351.171516872595,-13.6587334643296,-0.734786910049966));
#813=CARTESIAN_POINT('Ctrl Pts',(351.179004035251,-13.6587431277839,-0.648573701403473));
#814=CARTESIAN_POINT('Ctrl Pts',(351.196294553902,-13.6587654441333,-0.449476772370696));
#815=CARTESIAN_POINT('Ctrl Pts',(351.205523943504,-13.6587790546925,-0.249852395669824));
#816=CARTESIAN_POINT('Ctrl Pts',(351.206782776455,-13.6587817199794,-0.0501806364556934));
#817=CARTESIAN_POINT('Ctrl Pts',(351.208046231482,-13.6587843950523,0.150224260432389));
#818=CARTESIAN_POINT('Ctrl Pts',(351.201280455581,-13.6587760454772,0.35067758117875));
#819=CARTESIAN_POINT('Ctrl Pts',(351.186524851212,-13.6587570890277,0.55069486443932));
#820=CARTESIAN_POINT('Ctrl Pts',(351.177752389473,-13.6587458190909,0.669608595164866));
#821=CARTESIAN_POINT('Ctrl Pts',(351.166154926781,-13.6587308509591,0.788368175884777));
#822=CARTESIAN_POINT('Ctrl Pts',(351.151732122325,-13.6587127191623,0.906870419997045));
#823=CARTESIAN_POINT('Ctrl Pts',(351.127476249967,-13.6586822256097,1.10616420616346));
#824=CARTESIAN_POINT('Ctrl Pts',(351.09529098601,-13.658642873275,1.30424639197574));
#825=CARTESIAN_POINT('Ctrl Pts',(351.055249278662,-13.658592626439,1.50063618908741));
#826=CARTESIAN_POINT('Ctrl Pts',(351.026118349808,-13.6585560711295,1.64351264431389));
#827=CARTESIAN_POINT('Ctrl Pts',(350.992828086312,-13.6585138053176,1.78549346361793));
#828=CARTESIAN_POINT('Ctrl Pts',(350.955389390718,-13.6584660036563,1.92639142481218));
#829=CARTESIAN_POINT('Ctrl Pts',(350.903972312781,-13.6584003544208,2.11989606852557));
#830=CARTESIAN_POINT('Ctrl Pts',(350.844732525856,-13.6583241493404,2.31135930975174));
#831=CARTESIAN_POINT('Ctrl Pts',(350.777855805196,-13.6582380471616,2.50034128490903));
#832=CARTESIAN_POINT('Ctrl Pts',(350.758017556504,-13.6582125058908,2.55640072359732));
#833=CARTESIAN_POINT('Ctrl Pts',(350.737506976117,-13.6581861135466,2.61224169134035));
#834=CARTESIAN_POINT('Ctrl Pts',(350.716328115154,-13.658158937943,2.66785233212836));
#835=CARTESIAN_POINT('Ctrl Pts',(350.645733625469,-13.6580683547961,2.85321663544652));
#836=CARTESIAN_POINT('Ctrl Pts',(350.567888563603,-13.6580352918995,3.03557496574972));
#837=CARTESIAN_POINT('Ctrl Pts',(350.483016781939,-13.657989554577,3.21452113556428));
#838=CARTESIAN_POINT('Ctrl Pts',(350.395563018328,-13.6579424258268,3.39891123233281));
#839=CARTESIAN_POINT('Ctrl Pts',(350.300648562041,-13.6578816334731,3.57967920075403));
#840=CARTESIAN_POINT('Ctrl Pts',(350.198463737502,-13.6577393580676,3.75636317506283));
#841=CARTESIAN_POINT('Ctrl Pts',(350.096278912964,-13.6575970826622,3.93304714937164));
#842=CARTESIAN_POINT('Ctrl Pts',(349.986823526179,-13.6573731712318,4.10564789965));
#843=CARTESIAN_POINT('Ctrl Pts',(349.870235519044,-13.6570113043659,4.27367455887287));
#844=CARTESIAN_POINT('',(349.870241173697,-13.6571435956582,4.27366885012361));
#845=CARTESIAN_POINT('Ctrl Pts',(349.870235519044,-13.6570113043659,4.27367455887287));
#846=CARTESIAN_POINT('Ctrl Pts',(349.870238091203,-13.6570553894022,4.27367078900639));
#847=CARTESIAN_POINT('Ctrl Pts',(349.870240663095,-13.6570994720337,4.27366701965954));
#848=CARTESIAN_POINT('Ctrl Pts',(349.870243234719,-13.6571435522612,4.27366325083195));
#849=CARTESIAN_POINT('',(350.025616442001,-15.4050802748918,3.88203080219881));
#850=CARTESIAN_POINT('Ctrl Pts',(349.870243202624,-13.6571430021243,4.27366329786828));
#851=CARTESIAN_POINT('Ctrl Pts',(349.880060772618,-13.8254259640193,4.25927521632118));
#852=CARTESIAN_POINT('Ctrl Pts',(349.903757820828,-14.358514247236,4.23198971108256));
#853=CARTESIAN_POINT('Ctrl Pts',(349.999301374699,-15.0557202365566,4.00081954287097));
#854=CARTESIAN_POINT('Ctrl Pts',(350.023355580064,-15.3947342467189,3.88708450654362));
#855=CARTESIAN_POINT('Ctrl Pts',(350.023712766778,-15.3998158302546,3.88538358107103));
#856=CARTESIAN_POINT('Ctrl Pts',(350.024065896308,-15.4048874732443,3.88368985958008));
#857=CARTESIAN_POINT('',(349.901380748559,-17.7484189318171,3.48347572595543));
#858=CARTESIAN_POINT('Ctrl Pts',(350.024065896308,-15.4048874732443,3.88368985958008));
#859=CARTESIAN_POINT('Ctrl Pts',(350.098552912793,-16.4746693028772,3.52642644826505));
#860=CARTESIAN_POINT('Ctrl Pts',(349.99252307837,-17.102164997697,3.48969082239615));
#861=CARTESIAN_POINT('Ctrl Pts',(349.899601358384,-17.7465358198959,3.48515150848865));
#862=CARTESIAN_POINT('Ctrl Pts',(349.899487112073,-17.7473279649156,3.48514598109467));
#863=CARTESIAN_POINT('Ctrl Pts',(349.899372847439,-17.7481201347413,3.48514050640806));
#864=CARTESIAN_POINT('',(349.158291762221,-22.4661791161913,3.72539639209276));
#865=CARTESIAN_POINT('Ctrl Pts',(349.899372847439,-17.7481201347413,3.48514050640806));
#866=CARTESIAN_POINT('Ctrl Pts',(349.685508322238,-19.230792573837,3.47489375540196));
#867=CARTESIAN_POINT('Ctrl Pts',(349.407454687602,-20.8003630143858,3.64928671999018));
#868=CARTESIAN_POINT('Ctrl Pts',(349.158266992017,-22.465973407904,3.72524953227891));
#869=CARTESIAN_POINT('Ctrl Pts',(349.158251753303,-22.466075265797,3.72525417762963));
#870=CARTESIAN_POINT('Ctrl Pts',(349.158236514592,-22.4661771235724,3.72525882293443));
#871=CARTESIAN_POINT('',(347.742233358844,-31.970562697849,4.09569072671932));
#872=CARTESIAN_POINT('Ctrl Pts',(349.158236514592,-22.4661771235724,3.72525882293443));
#873=CARTESIAN_POINT('Ctrl Pts',(348.673233540166,-25.7080079006601,3.87310509201884));
#874=CARTESIAN_POINT('Ctrl Pts',(348.190246068934,-28.8307281639001,3.97443368217174));
#875=CARTESIAN_POINT('Ctrl Pts',(347.743389991561,-31.9708086894205,4.09354496027001));
#876=CARTESIAN_POINT('',(345.034755697969,-51.2954060454785,4.77031292803537));
#877=CARTESIAN_POINT('Ctrl Pts',(347.743389991561,-31.9708086894205,4.09354496027001));
#878=CARTESIAN_POINT('Ctrl Pts',(347.743123638038,-31.9726803692598,4.09361595786897));
#879=CARTESIAN_POINT('Ctrl Pts',(347.742857297352,-31.9745520552669,4.09368696178591));
#880=CARTESIAN_POINT('Ctrl Pts',(346.839009256748,-38.3265929073461,4.33467744023213));
#881=CARTESIAN_POINT('Ctrl Pts',(346.003894807414,-44.8122481277958,4.55658712854705));
#882=CARTESIAN_POINT('Ctrl Pts',(345.034678065392,-51.2936869107204,4.77066993211497));
#883=CARTESIAN_POINT('Ctrl Pts',(345.034552515296,-51.294526492665,4.7706976642535));
#884=CARTESIAN_POINT('Ctrl Pts',(345.034426964628,-51.2953660697902,4.77072539686523));
#885=CARTESIAN_POINT('',(344.317614203279,-56.0025530648434,4.92988331767467));
#886=CARTESIAN_POINT('Ctrl Pts',(345.034426964628,-51.2953660697902,4.77072539686523));
#887=CARTESIAN_POINT('Ctrl Pts',(344.798660532505,-52.8719733948644,4.82280332691402));
#888=CARTESIAN_POINT('Ctrl Pts',(344.560875041761,-54.4315859487912,4.87654993926568));
#889=CARTESIAN_POINT('Ctrl Pts',(344.317598936632,-56.0019903962755,4.92993852717549));
#890=CARTESIAN_POINT('Ctrl Pts',(344.317556325561,-56.0022654598833,4.92994787845596));
#891=CARTESIAN_POINT('Ctrl Pts',(344.317513714358,-56.0025405234717,4.92995722975793));
#892=CARTESIAN_POINT('',(341.77886331734,-71.2504452299306,5.45988488243315));
#893=CARTESIAN_POINT('Ctrl Pts',(344.317513714358,-56.0025405234717,4.92995722975793));
#894=CARTESIAN_POINT('Ctrl Pts',(343.529921717651,-61.0865997534788,5.10279934746503));
#895=CARTESIAN_POINT('Ctrl Pts',(342.697179588707,-66.1640251037172,5.28299072899986));
#896=CARTESIAN_POINT('Ctrl Pts',(341.778945117135,-71.2504727154529,5.4595184174791));
#897=CARTESIAN_POINT('',(337.318130530538,-92.3263774857781,6.17799040480109));
#898=CARTESIAN_POINT('Ctrl Pts',(341.778945117135,-71.2504727154529,5.4595184174791));
#899=CARTESIAN_POINT('Ctrl Pts',(341.778895913286,-71.2507452741621,5.45952787676435));
#900=CARTESIAN_POINT('Ctrl Pts',(341.778846709191,-71.2510178328972,5.45953733603909));
#901=CARTESIAN_POINT('Ctrl Pts',(340.507176363778,-78.2952113147268,5.70400897617318));
#902=CARTESIAN_POINT('Ctrl Pts',(339.071696270163,-85.3195717477968,5.94842291303608));
#903=CARTESIAN_POINT('Ctrl Pts',(337.318277266319,-92.3264176571217,6.17788500824247));
#904=CARTESIAN_POINT('',(334.234684926145,-103.349732169442,6.51643773988167));
#905=CARTESIAN_POINT('Ctrl Pts',(337.318277266319,-92.3264176571217,6.17788500824247));
#906=CARTESIAN_POINT('Ctrl Pts',(337.318239768433,-92.3265675025995,6.17788991542292));
#907=CARTESIAN_POINT('Ctrl Pts',(337.318202270402,-92.3267173480693,6.17789482259654));
#908=CARTESIAN_POINT('Ctrl Pts',(336.395911647414,-96.0122582571729,6.29858959501959));
#909=CARTESIAN_POINT('Ctrl Pts',(335.375207441687,-99.699166460676,6.41174710608202));
#910=CARTESIAN_POINT('Ctrl Pts',(334.235362775248,-103.34978202197,6.51651560978097));
#911=CARTESIAN_POINT('Ctrl Pts',(334.235340094849,-103.349854660986,6.51651769443351));
#912=CARTESIAN_POINT('Ctrl Pts',(334.235317414392,-103.349927299991,6.51651977908134));
#913=CARTESIAN_POINT('',(329.828065320218,-115.475812246318,6.82305325013892));
#914=CARTESIAN_POINT('Ctrl Pts',(334.235317414392,-103.349927299991,6.51651977908134));
#915=CARTESIAN_POINT('Ctrl Pts',(332.956932279163,-107.444228605316,6.63402106247732));
#916=CARTESIAN_POINT('Ctrl Pts',(331.494726167932,-111.505122548623,6.73660738443075));
#917=CARTESIAN_POINT('Ctrl Pts',(329.831142652748,-115.475375491338,6.82322650293759));
#918=CARTESIAN_POINT('Ctrl Pts',(329.830835795068,-115.476107802579,6.82324247919033));
#919=CARTESIAN_POINT('Ctrl Pts',(329.83052892768,-115.47684011192,6.82325845479971));
#920=CARTESIAN_POINT('',(313.772697878366,-140.319129653437,7.15017807372279));
#921=CARTESIAN_POINT('Ctrl Pts',(329.83052892768,-115.47684011192,6.82325845479971));
#922=CARTESIAN_POINT('Ctrl Pts',(326.035399759041,-124.533548810272,7.02083403164317));
#923=CARTESIAN_POINT('Ctrl Pts',(320.755586514024,-133.299471689802,7.1200063523642));
#924=CARTESIAN_POINT('Ctrl Pts',(313.773440093099,-140.319868184624,7.15009388190428));
#925=CARTESIAN_POINT('',(311.926777713009,-142.132976166875,7.15672616326145));
#926=CARTESIAN_POINT('Ctrl Pts',(313.773440093099,-140.319868184624,7.15009388190428));
#927=CARTESIAN_POINT('Ctrl Pts',(313.773058991029,-140.320251374474,7.15009552415283));
#928=CARTESIAN_POINT('Ctrl Pts',(313.772677883886,-140.320634559124,7.15009716619556));
#929=CARTESIAN_POINT('Ctrl Pts',(313.165216036269,-140.931391411529,7.15271412059115));
#930=CARTESIAN_POINT('Ctrl Pts',(312.559362714737,-141.533469752226,7.15504357856115));
#931=CARTESIAN_POINT('Ctrl Pts',(311.92759996125,-142.133841556269,7.15667112402653));
#932=CARTESIAN_POINT('',(266.871824721373,-166.168569629038,7.06998999879393));
#933=CARTESIAN_POINT('Ctrl Pts',(311.92759996125,-142.133841556269,7.15667112402653));
#934=CARTESIAN_POINT('Ctrl Pts',(311.927113358733,-142.134303980541,7.1566723776106));
#935=CARTESIAN_POINT('Ctrl Pts',(311.926626740844,-142.134766403801,7.15667363077825));
#936=CARTESIAN_POINT('Ctrl Pts',(305.548282725744,-148.195774483291,7.17309354620549));
#937=CARTESIAN_POINT('Ctrl Pts',(290.839292922392,-157.575890028562,7.15144319628691));
#938=CARTESIAN_POINT('Ctrl Pts',(274.956908277797,-163.519323441807,7.09965635012925));
#939=CARTESIAN_POINT('Ctrl Pts',(266.871868049221,-166.164196087572,7.07005143705367));
#940=CARTESIAN_POINT('Ctrl Pts',(266.871222973269,-166.16440710954,7.07004907497949));
#941=CARTESIAN_POINT('Ctrl Pts',(266.870577896989,-166.164618128814,7.07004671289824));
#942=CARTESIAN_POINT('',(243.198652725058,-172.805035008692,6.97996315522987));
#943=CARTESIAN_POINT('Ctrl Pts',(266.870577896989,-166.164618128814,7.07004671289824));
#944=CARTESIAN_POINT('Ctrl Pts',(259.03144719404,-168.728977915604,7.0413421020101));
#945=CARTESIAN_POINT('Ctrl Pts',(251.143921667842,-170.895589733706,7.01159544776511));
#946=CARTESIAN_POINT('Ctrl Pts',(243.19789271644,-172.801737836831,6.97995113577649));
#947=CARTESIAN_POINT('',(176.107097295994,-184.442062571677,6.6822132949902));
#948=CARTESIAN_POINT('Ctrl Pts',(243.19789271644,-172.801737836831,6.97995113577649));
#949=CARTESIAN_POINT('Ctrl Pts',(243.197821159462,-172.801755002411,6.97995085080757));
#950=CARTESIAN_POINT('Ctrl Pts',(243.19774960248,-172.80177216797,6.97995056583849));
#951=CARTESIAN_POINT('Ctrl Pts',(221.077957251028,-178.108006405474,6.89186049244823));
#952=CARTESIAN_POINT('Ctrl Pts',(198.631240178034,-181.579235076678,6.79470637265145));
#953=CARTESIAN_POINT('Ctrl Pts',(176.106583626938,-184.437662686418,6.68220909796025));
#954=CARTESIAN_POINT('',(-1.04881563820316,-194.95405944205,5.60156101760043));
#955=CARTESIAN_POINT('Ctrl Pts',(176.106583626938,-184.437662686418,6.68220909796025));
#956=CARTESIAN_POINT('Ctrl Pts',(176.106411661658,-184.437684509183,6.68220823909586));
#957=CARTESIAN_POINT('Ctrl Pts',(176.106239696373,-184.437706331913,6.68220738023058));
#958=CARTESIAN_POINT('Ctrl Pts',(148.906782476288,-187.889364771325,6.54636197837427));
#959=CARTESIAN_POINT('Ctrl Pts',(121.459557404903,-190.265837808896,6.39704521351168));
#960=CARTESIAN_POINT('Ctrl Pts',(62.4458221160456,-193.815090989587,6.04532176190166));
#961=CARTESIAN_POINT('Ctrl Pts',(30.7097286597336,-194.756582012729,5.83890954587542));
#962=CARTESIAN_POINT('Ctrl Pts',(-1.04880539294298,-194.949307330282,5.60135323716983));
#963=CARTESIAN_POINT('',(-308.009996336155,-171.465482705755,0.770536704620738));
#964=CARTESIAN_POINT('Ctrl Pts',(-1.04880539294298,-194.949307330282,5.60135323716983));
#965=CARTESIAN_POINT('Ctrl Pts',(-1.04922900098297,-194.949309900929,5.60135006854869));
#966=CARTESIAN_POINT('Ctrl Pts',(-1.04965260902694,-194.949312471443,5.60134689992202));
#967=CARTESIAN_POINT('Ctrl Pts',(-59.7715135536497,-195.305626655152,5.16210127769155));
#968=CARTESIAN_POINT('Ctrl Pts',(-118.459333663099,-193.187247185593,4.64609086618369));
#969=CARTESIAN_POINT('Ctrl Pts',(-191.742483563503,-187.051846886835,3.39510279039478));
#970=CARTESIAN_POINT('Ctrl Pts',(-206.334208454061,-185.617138159855,3.11512174859303));
#971=CARTESIAN_POINT('Ctrl Pts',(-225.237874606897,-183.509105374207,2.71173627073414));
#972=CARTESIAN_POINT('Ctrl Pts',(-229.555029180797,-183.00466293383,2.6172580196751));
#973=CARTESIAN_POINT('Ctrl Pts',(-244.113904633228,-181.247108694504,2.29006997811568));
#974=CARTESIAN_POINT('Ctrl Pts',(-254.341698319707,-179.898514019009,2.04762101291515));
#975=CARTESIAN_POINT('Ctrl Pts',(-279.08083823944,-176.352821202568,1.44817903229316));
#976=CARTESIAN_POINT('Ctrl Pts',(-293.564894951359,-174.029309036773,1.0884595193222));
#977=CARTESIAN_POINT('Ctrl Pts',(-308.01006942256,-171.465922869444,0.770308624902318));
#978=CARTESIAN_POINT('Ctrl Pts',(-308.01006942256,-171.465922869444,0.770308624902318));
#979=CARTESIAN_POINT('Ctrl Pts',(-308.010520735658,-171.465842781125,0.770298684858598));
#980=CARTESIAN_POINT('Ctrl Pts',(-308.010972048718,-171.465762692571,0.770288744855455));
#981=CARTESIAN_POINT('Ctrl Pts',(-321.566469690499,-169.060240748807,0.471735119052009));
#982=CARTESIAN_POINT('Ctrl Pts',(-335.070997654815,-166.416127975306,0.174097368197783));
#983=CARTESIAN_POINT('Ctrl Pts',(-348.511719506475,-163.65595356601,0.0905503056756592));
#984=CARTESIAN_POINT('Origin',(-9.05491732373426,-13.6570113043659,43.1098864854091));
#985=CARTESIAN_POINT('',(-348.511719506475,-13.6570113043308,-119.999999999618));
#986=CARTESIAN_POINT('Ctrl Pts',(349.870235519045,-13.6570113043659,-4.27367455887276));
#987=CARTESIAN_POINT('Ctrl Pts',(349.093514930196,-13.6570113043659,-5.39372547007623));
#988=CARTESIAN_POINT('Ctrl Pts',(348.169407804114,-13.6570113043659,-6.38163797812327));
#989=CARTESIAN_POINT('Ctrl Pts',(345.186079484295,-13.6570113043659,-9.27046650011637));
#990=CARTESIAN_POINT('Ctrl Pts',(342.894588888536,-13.6570113043659,-11.0137625213111));
#991=CARTESIAN_POINT('Ctrl Pts',(337.747085431261,-13.6570113043659,-14.5275408092888));
#992=CARTESIAN_POINT('Ctrl Pts',(333.30809785366,-13.6570113043659,-17.4001489040529));
#993=CARTESIAN_POINT('Ctrl Pts',(320.337380579062,-13.6570113043659,-24.1432496055192));
#994=CARTESIAN_POINT('Ctrl Pts',(309.796944178582,-13.6570113043659,-29.3505441343612));
#995=CARTESIAN_POINT('Ctrl Pts',(280.290351302636,-13.6570113043659,-41.3950334332905));
#996=CARTESIAN_POINT('Ctrl Pts',(257.951010436433,-13.6570113043659,-49.8180056256408));
#997=CARTESIAN_POINT('Ctrl Pts',(199.370494133589,-13.6570113043659,-67.9828207481424));
#998=CARTESIAN_POINT('Ctrl Pts',(153.64041661871,-13.6570113043659,-80.6217925704243));
#999=CARTESIAN_POINT('Ctrl Pts',(4.37522641741779,-13.6570113043659,-108.798879168461));
#1000=CARTESIAN_POINT('Ctrl Pts',(-88.0061470857872,-13.6570113043659,-116.633572294554));
#1001=CARTESIAN_POINT('Ctrl Pts',(-188.390902357778,-13.6570113043659,-119.382740065519));
#1002=CARTESIAN_POINT('Ctrl Pts',(-213.279564031519,-13.6570113043659,-119.963661402384));
#1003=CARTESIAN_POINT('Ctrl Pts',(-240.781666774274,-13.6570113043659,-120.037226170188));
#1004=CARTESIAN_POINT('Ctrl Pts',(-248.966165118351,-13.6570113043659,-120.009954012063));
#1005=CARTESIAN_POINT('Ctrl Pts',(-263.926262610607,-13.6570113043659,-119.997786401805));
#1006=CARTESIAN_POINT('Ctrl Pts',(-270.701856190355,-13.6570113043659,-120.001872658057));
#1007=CARTESIAN_POINT('Ctrl Pts',(-284.663114909596,-13.6570113043659,-120.000921232019));
#1008=CARTESIAN_POINT('Ctrl Pts',(-291.881641187824,-13.6570113043659,-120.000241836498));
#1009=CARTESIAN_POINT('Ctrl Pts',(-305.033030213126,-13.6570113043659,-119.999836316865));
#1010=CARTESIAN_POINT('Ctrl Pts',(-306.441759331987,-13.6570113043659,-120.000101913247));
#1011=CARTESIAN_POINT('Ctrl Pts',(-317.701196802639,-13.6570113043659,-119.999612830906));
#1012=CARTESIAN_POINT('Ctrl Pts',(-323.854639766089,-13.657011304366,-119.998823462246));
#1013=CARTESIAN_POINT('Ctrl Pts',(-338.567573770561,-13.657011304366,-119.998061272936));
#1014=CARTESIAN_POINT('Ctrl Pts',(-343.713456830366,-13.6570113043659,-119.998717974203));
#1015=CARTESIAN_POINT('Ctrl Pts',(-348.511719506476,-13.6570113043659,-119.999999998845));
#1016=CARTESIAN_POINT('',(-348.511719506475,-13.6570113043308,119.999999999618));
#1017=CARTESIAN_POINT('',(-348.511719506475,-13.6570113043659,-120.));
#1018=CARTESIAN_POINT('Ctrl Pts',(349.870235519044,-13.6570113043659,4.27367455887295));
#1019=CARTESIAN_POINT('Ctrl Pts',(349.093514930196,-13.6570113043659,5.39372547007631));
#1020=CARTESIAN_POINT('Ctrl Pts',(348.169407804114,-13.6570113043659,6.38163797812333));
#1021=CARTESIAN_POINT('Ctrl Pts',(345.186079484295,-13.6570113043659,9.27046650011637));
#1022=CARTESIAN_POINT('Ctrl Pts',(342.894588888536,-13.6570113043659,11.0137625213111));
#1023=CARTESIAN_POINT('Ctrl Pts',(337.747085431261,-13.6570113043659,14.5275408092888));
#1024=CARTESIAN_POINT('Ctrl Pts',(333.30809785366,-13.6570113043659,17.4001489040529));
#1025=CARTESIAN_POINT('Ctrl Pts',(320.337380579062,-13.6570113043659,24.1432496055192));
#1026=CARTESIAN_POINT('Ctrl Pts',(309.796944178582,-13.6570113043659,29.3505441343612));
#1027=CARTESIAN_POINT('Ctrl Pts',(280.290351302636,-13.6570113043659,41.3950334332905));
#1028=CARTESIAN_POINT('Ctrl Pts',(257.951010436433,-13.6570113043659,49.8180056256408));
#1029=CARTESIAN_POINT('Ctrl Pts',(199.370494133589,-13.6570113043659,67.9828207481424));
#1030=CARTESIAN_POINT('Ctrl Pts',(153.64041661871,-13.6570113043659,80.6217925704243));
#1031=CARTESIAN_POINT('Ctrl Pts',(4.37522641741779,-13.6570113043659,108.798879168461));
#1032=CARTESIAN_POINT('Ctrl Pts',(-88.0061470857872,-13.6570113043659,116.633572294554));
#1033=CARTESIAN_POINT('Ctrl Pts',(-188.390902357778,-13.6570113043659,119.382740065519));
#1034=CARTESIAN_POINT('Ctrl Pts',(-213.279564031519,-13.6570113043659,119.963661402384));
#1035=CARTESIAN_POINT('Ctrl Pts',(-240.781666774274,-13.6570113043659,120.037226170188));
#1036=CARTESIAN_POINT('Ctrl Pts',(-248.966165118351,-13.6570113043659,120.009954012063));
#1037=CARTESIAN_POINT('Ctrl Pts',(-263.926262610607,-13.6570113043659,119.997786401805));
#1038=CARTESIAN_POINT('Ctrl Pts',(-270.701856190355,-13.6570113043659,120.001872658057));
#1039=CARTESIAN_POINT('Ctrl Pts',(-284.663114909596,-13.6570113043659,120.000921232019));
#1040=CARTESIAN_POINT('Ctrl Pts',(-291.881641187824,-13.6570113043659,120.000241836498));
#1041=CARTESIAN_POINT('Ctrl Pts',(-305.033030213126,-13.6570113043659,119.999836316865));
#1042=CARTESIAN_POINT('Ctrl Pts',(-306.441759331987,-13.6570113043659,120.000101913247));
#1043=CARTESIAN_POINT('Ctrl Pts',(-317.701196802639,-13.6570113043659,119.999612830906));
#1044=CARTESIAN_POINT('Ctrl Pts',(-323.854639766089,-13.657011304366,119.998823462246));
#1045=CARTESIAN_POINT('Ctrl Pts',(-338.567573770561,-13.657011304366,119.998061272936));
#1046=CARTESIAN_POINT('Ctrl Pts',(-343.713456830366,-13.6570113043659,119.998717974203));
#1047=CARTESIAN_POINT('Ctrl Pts',(-348.511719506476,-13.6570113043659,119.999999998845));
#1048=CARTESIAN_POINT('Ctrl Pts',(351.582545065546,-13.0489805489542,2.91995840270858));
#1049=CARTESIAN_POINT('Ctrl Pts',(351.563325195745,-13.0623706152787,1.96833888085894));
#1050=CARTESIAN_POINT('Ctrl Pts',(351.553002589033,-13.068479719799,1.00925469111343));
#1051=CARTESIAN_POINT('Ctrl Pts',(351.482036381398,-13.0689915968169,0.0453900446016934));
#1052=CARTESIAN_POINT('Ctrl Pts',(351.480906475026,-13.0689983918346,0.0303336725852442));
#1053=CARTESIAN_POINT('Ctrl Pts',(351.479565259902,-13.0690049405346,0.0128088667735547));
#1054=CARTESIAN_POINT('Ctrl Pts',(351.479375423197,-13.0690058329794,0.0103362891921289));
#1055=CARTESIAN_POINT('Ctrl Pts',(351.407501744125,-13.0693307833652,-0.92280755199824));
#1056=CARTESIAN_POINT('Ctrl Pts',(351.201748082309,-13.0662610755886,-1.83161670831397));
#1057=CARTESIAN_POINT('Ctrl Pts',(349.963367412603,-13.0621937567151,-4.37764632380982));
#1058=CARTESIAN_POINT('Ctrl Pts',(348.7039805554,-13.0583914430999,-5.82760437773497));
#1059=CARTESIAN_POINT('Ctrl Pts',(344.62599303423,-13.0489952809884,-9.80838060607496));
#1060=CARTESIAN_POINT('Ctrl Pts',(341.512441352063,-13.0424033801021,-12.0073807639933));
#1061=CARTESIAN_POINT('Ctrl Pts',(331.960750814183,-13.0240677923216,-18.1904217745884));
#1062=CARTESIAN_POINT('Ctrl Pts',(325.226651349474,-13.0125707295402,-21.7003092131096));
#1063=CARTESIAN_POINT('Ctrl Pts',(304.771797249707,-12.9811162971987,-31.6239274999801));
#1064=CARTESIAN_POINT('Ctrl Pts',(290.721128820149,-12.963835084077,-37.3409031799471));
#1065=CARTESIAN_POINT('Ctrl Pts',(248.184063224575,-12.920344525124,-53.3407482849243));
#1066=CARTESIAN_POINT('Ctrl Pts',(219.217731867666,-12.9016652044905,-62.3311749642249));
#1067=CARTESIAN_POINT('Ctrl Pts',(131.479884176279,-12.8524251331072,-86.0677220509922));
#1068=CARTESIAN_POINT('Ctrl Pts',(71.7851384068804,-12.8285177728518,-97.3393569933029));
#1069=CARTESIAN_POINT('Ctrl Pts',(-48.4327845124376,-12.7859581618289,-112.896975324861));
#1070=CARTESIAN_POINT('Ctrl Pts',(-108.968239680631,-12.7671093336306,-117.170607888179));
#1071=CARTESIAN_POINT('Ctrl Pts',(-184.701158967451,-12.7470991903887,-119.516757178591));
#1072=CARTESIAN_POINT('Ctrl Pts',(-199.852573651811,-12.743428471251,-119.820321740746));
#1073=CARTESIAN_POINT('Ctrl Pts',(-219.498288818411,-12.7401035684126,-120.078783321794));
#1074=CARTESIAN_POINT('Ctrl Pts',(-223.991007070908,-12.739444404516,-120.134056863151));
#1075=CARTESIAN_POINT('Ctrl Pts',(-239.145245848572,-12.7376897609798,-120.195075013481));
#1076=CARTESIAN_POINT('Ctrl Pts',(-249.807117628608,-12.7371893416645,-120.13474371454));
#1077=CARTESIAN_POINT('Ctrl Pts',(-275.623602620121,-12.7389792598067,-120.113516298715));
#1078=CARTESIAN_POINT('Ctrl Pts',(-290.778223953475,-12.7416215409087,-120.099418332685));
#1079=CARTESIAN_POINT('Ctrl Pts',(-320.126265386891,-12.7548555673623,-120.085545088134));
#1080=CARTESIAN_POINT('Ctrl Pts',(-334.326267339025,-12.7870831154916,-120.076088743619));
#1081=CARTESIAN_POINT('Ctrl Pts',(-349.472524616277,-12.7678000107365,-120.081978920101));
#1082=CARTESIAN_POINT('Ctrl Pts',(-350.434007288447,-12.7659325415166,-120.082500071698));
#1083=CARTESIAN_POINT('Ctrl Pts',(-351.395279658027,-12.7632949105464,-120.083155659086));
#1084=CARTESIAN_POINT('Ctrl Pts',(351.582953002639,-13.2438876493964,2.91394122737335));
#1085=CARTESIAN_POINT('Ctrl Pts',(351.563888941347,-13.2577401141886,1.96284400955266));
#1086=CARTESIAN_POINT('Ctrl Pts',(351.554391309079,-13.2643154211151,1.00406347899843));
#1087=CARTESIAN_POINT('Ctrl Pts',(351.488795238668,-13.2651426106163,0.0391811944592353));
#1088=CARTESIAN_POINT('Ctrl Pts',(351.487750023549,-13.2651543016082,0.0241086455791069));
#1089=CARTESIAN_POINT('Ctrl Pts',(351.486508255892,-13.2651665164662,0.00656469384643413));
#1090=CARTESIAN_POINT('Ctrl Pts',(351.486332470436,-13.2651682075972,0.00408940761871172));
#1091=CARTESIAN_POINT('Ctrl Pts',(351.419769212233,-13.2657942985755,-0.930079426293694));
#1092=CARTESIAN_POINT('Ctrl Pts',(351.217063244754,-13.2630354940935,-1.84040426694026));
#1093=CARTESIAN_POINT('Ctrl Pts',(349.967182355576,-13.2605859964386,-4.38600887452589));
#1094=CARTESIAN_POINT('Ctrl Pts',(348.709910814438,-13.2578055744711,-5.83414089269538));
#1095=CARTESIAN_POINT('Ctrl Pts',(344.631294146354,-13.2516469691979,-9.81215557870978));
#1096=CARTESIAN_POINT('Ctrl Pts',(341.519861215845,-13.2471653803529,-12.0101588097672));
#1097=CARTESIAN_POINT('Ctrl Pts',(331.970144676921,-13.234957000724,-18.1894583043712));
#1098=CARTESIAN_POINT('Ctrl Pts',(325.236159503141,-13.2272542939184,-21.6965970672029));
#1099=CARTESIAN_POINT('Ctrl Pts',(304.779997140939,-13.2062792443167,-31.611452337885));
#1100=CARTESIAN_POINT('Ctrl Pts',(290.72643403687,-13.1947601305834,-37.3221217156669));
#1101=CARTESIAN_POINT('Ctrl Pts',(248.18023551477,-13.1657923730315,-53.3042245448351));
#1102=CARTESIAN_POINT('Ctrl Pts',(219.207339603386,-13.1533690462468,-62.2843288661861));
#1103=CARTESIAN_POINT('Ctrl Pts',(131.457413416286,-13.1206027213219,-85.9964686506289));
#1104=CARTESIAN_POINT('Ctrl Pts',(71.762552786759,-13.1046811244911,-97.2595541378175));
#1105=CARTESIAN_POINT('Ctrl Pts',(-48.4527169741499,-13.0763392818897,-112.812756166479));
#1106=CARTESIAN_POINT('Ctrl Pts',(-108.985173842568,-13.0637892853584,-117.090817479793));
#1107=CARTESIAN_POINT('Ctrl Pts',(-184.713415891037,-13.0504181340533,-119.454044452694));
#1108=CARTESIAN_POINT('Ctrl Pts',(-199.863837968827,-13.0479631252489,-119.761537795709));
#1109=CARTESIAN_POINT('Ctrl Pts',(-219.508197570363,-13.0457309690112,-120.025639357638));
#1110=CARTESIAN_POINT('Ctrl Pts',(-224.000601090179,-13.0452874268568,-120.082270645078));
#1111=CARTESIAN_POINT('Ctrl Pts',(-239.153764307786,-13.0441098963616,-120.14771237138));
#1112=CARTESIAN_POINT('Ctrl Pts',(-249.814854627901,-13.0437628735015,-120.090519394154));
#1113=CARTESIAN_POINT('Ctrl Pts',(-275.62939971774,-13.0449654461876,-120.076554375381));
#1114=CARTESIAN_POINT('Ctrl Pts',(-290.782840449232,-13.0463902157611,-120.066272114272));
#1115=CARTESIAN_POINT('Ctrl Pts',(-320.128578224892,-13.0557231319575,-120.05711327458));
#1116=CARTESIAN_POINT('Ctrl Pts',(-334.327329521663,-13.0853810591235,-120.048717873245));
#1117=CARTESIAN_POINT('Ctrl Pts',(-349.472792794085,-13.0636594262932,-120.054809841339));
#1118=CARTESIAN_POINT('Ctrl Pts',(-350.434227646345,-13.0616378160226,-120.055339811926));
#1119=CARTESIAN_POINT('Ctrl Pts',(-351.395454670213,-13.0588466203263,-120.056000207138));
#1120=CARTESIAN_POINT('Ctrl Pts',(351.58284757041,-13.4385229000545,2.90800310127913));
#1121=CARTESIAN_POINT('Ctrl Pts',(351.563476331194,-13.4528450369673,1.95759644385454));
#1122=CARTESIAN_POINT('Ctrl Pts',(351.553762369649,-13.4599113024726,0.999414914763701));
#1123=CARTESIAN_POINT('Ctrl Pts',(351.491393505391,-13.4611358606503,0.0341821916980795));
#1124=CARTESIAN_POINT('Ctrl Pts',(351.490399431152,-13.4611537379914,0.0191039472373955));
#1125=CARTESIAN_POINT('Ctrl Pts',(351.489217999232,-13.4611731303424,0.00155311378487808));
#1126=CARTESIAN_POINT('Ctrl Pts',(351.489050745377,-13.4611758336061,-0.000923149239997265));
#1127=CARTESIAN_POINT('Ctrl Pts',(351.425714299642,-13.4621837018408,-0.935462820319151));
#1128=CARTESIAN_POINT('Ctrl Pts',(351.225120803426,-13.4598161844073,-1.84657518822976));
#1129=CARTESIAN_POINT('Ctrl Pts',(349.968041386773,-13.4590181381166,-4.39149757706855));
#1130=CARTESIAN_POINT('Ctrl Pts',(348.713847468075,-13.4572802408975,-5.83868836173973));
#1131=CARTESIAN_POINT('Ctrl Pts',(344.636878026007,-13.4543866360711,-9.8151041285601));
#1132=CARTESIAN_POINT('Ctrl Pts',(341.527294874834,-13.4520283171876,-12.0122932735393));
#1133=CARTESIAN_POINT('Ctrl Pts',(331.979915363756,-13.4459670677193,-18.188299170088));
#1134=CARTESIAN_POINT('Ctrl Pts',(325.245955156422,-13.442064621207,-21.692685201148));
#1135=CARTESIAN_POINT('Ctrl Pts',(304.788447273953,-13.4315795097356,-31.5988522298555));
#1136=CARTESIAN_POINT('Ctrl Pts',(290.731932711161,-13.4258184734881,-37.3031898724706));
#1137=CARTESIAN_POINT('Ctrl Pts',(248.176480011924,-13.4113484801171,-53.2675123369427));
#1138=CARTESIAN_POINT('Ctrl Pts',(219.196973349216,-13.4051511973263,-62.2372687668916));
#1139=CARTESIAN_POINT('Ctrl Pts',(131.43490516944,-13.3887984398665,-85.9249548558017));
#1140=CARTESIAN_POINT('Ctrl Pts',(71.7399537839938,-13.3808458781258,-97.1794786992611));
#1141=CARTESIAN_POINT('Ctrl Pts',(-48.4726508249552,-13.3666908612485,-112.728239702314));
#1142=CARTESIAN_POINT('Ctrl Pts',(-109.002106846081,-13.3604239245681,-117.010714833482));
#1143=CARTESIAN_POINT('Ctrl Pts',(-184.725668332533,-13.3537228866507,-119.391061055018));
#1144=CARTESIAN_POINT('Ctrl Pts',(-199.875096998248,-13.3524927454651,-119.702522031901));
#1145=CARTESIAN_POINT('Ctrl Pts',(-219.518099956145,-13.3513673320974,-119.972264693745));
#1146=CARTESIAN_POINT('Ctrl Pts',(-224.010188551351,-13.3511427327487,-120.030234106806));
#1147=CARTESIAN_POINT('Ctrl Pts',(-239.162275156607,-13.3505534680874,-120.1001341239));
#1148=CARTESIAN_POINT('Ctrl Pts',(-249.822583181817,-13.3503678180633,-120.046135387394));
#1149=CARTESIAN_POINT('Ctrl Pts',(-275.635186175516,-13.3509960158914,-120.03949595792));
#1150=CARTESIAN_POINT('Ctrl Pts',(-290.787445269673,-13.3512058592345,-120.03306327861));
#1151=CARTESIAN_POINT('Ctrl Pts',(-320.130874746419,-13.3566197171834,-120.028654361295));
#1152=CARTESIAN_POINT('Ctrl Pts',(-334.328366803461,-13.3836909673544,-120.021326052323));
#1153=CARTESIAN_POINT('Ctrl Pts',(-349.473028597547,-13.359498059043,-120.027621832767));
#1154=CARTESIAN_POINT('Ctrl Pts',(-350.434415292434,-13.357320448922,-120.028160614607));
#1155=CARTESIAN_POINT('Ctrl Pts',(-351.395596757204,-13.3543740624496,-120.028825670939));
#1156=CARTESIAN_POINT('Ctrl Pts',(351.58251864916,-14.2038196185585,2.88407123518114));
#1157=CARTESIAN_POINT('Ctrl Pts',(351.560671895044,-14.2199950606862,1.93687662810084));
#1158=CARTESIAN_POINT('Ctrl Pts',(351.549303442818,-14.2289638346564,0.981441259760839));
#1159=CARTESIAN_POINT('Ctrl Pts',(351.486653834145,-14.2321966337584,0.0182527625815495));
#1160=CARTESIAN_POINT('Ctrl Pts',(351.48565570023,-14.232245907653,0.00320628401865204));
#1161=CARTESIAN_POINT('Ctrl Pts',(351.48446992245,-14.232301874951,-0.014307769105646));
#1162=CARTESIAN_POINT('Ctrl Pts',(351.484302064233,-14.2323097392995,-0.0167788472737152));
#1163=CARTESIAN_POINT('Ctrl Pts',(351.420740853557,-14.2352656590943,-0.949363460006438));
#1164=CARTESIAN_POINT('Ctrl Pts',(351.221250155346,-14.2349126118331,-1.85923258868401));
#1165=CARTESIAN_POINT('Ctrl Pts',(349.970002480136,-14.240378080703,-4.40178230165675));
#1166=CARTESIAN_POINT('Ctrl Pts',(348.722353309536,-14.2430070904439,-5.84894881222472));
#1167=CARTESIAN_POINT('Ctrl Pts',(344.660692685724,-14.2530408392403,-9.82375205150586));
#1168=CARTESIAN_POINT('Ctrl Pts',(341.556856959069,-14.2590964772308,-12.0182953364549));
#1169=CARTESIAN_POINT('Ctrl Pts',(332.019900298327,-14.2773048119971,-18.1829992821485));
#1170=CARTESIAN_POINT('Ctrl Pts',(325.285695717234,-14.2883881246326,-21.6765276250915));
#1171=CARTESIAN_POINT('Ctrl Pts',(304.822706503472,-14.3192433417103,-31.5487532376038));
#1172=CARTESIAN_POINT('Ctrl Pts',(290.75434982853,-14.3361379164019,-37.228060875591));
#1173=CARTESIAN_POINT('Ctrl Pts',(248.161975530766,-14.3786509714026,-53.1222182080946));
#1174=CARTESIAN_POINT('Ctrl Pts',(219.156258352717,-14.3968500170281,-62.0511297459692));
#1175=CARTESIAN_POINT('Ctrl Pts',(131.346132091945,-14.4448871768607,-85.642345830329));
#1176=CARTESIAN_POINT('Ctrl Pts',(71.6509187107015,-14.4682465752808,-96.863109736531));
#1177=CARTESIAN_POINT('Ctrl Pts',(-48.5511449266555,-14.5098284205941,-112.394284321856));
#1178=CARTESIAN_POINT('Ctrl Pts',(-109.068775389141,-14.5282369719194,-116.694078326994));
#1179=CARTESIAN_POINT('Ctrl Pts',(-184.773894635103,-14.5479209277818,-119.141989699031));
#1180=CARTESIAN_POINT('Ctrl Pts',(-199.919408666348,-14.5515496731402,-119.469226471059));
#1181=CARTESIAN_POINT('Ctrl Pts',(-219.55706579579,-14.5548375415646,-119.761183454924));
#1182=CARTESIAN_POINT('Ctrl Pts',(-224.047913693291,-14.5554882232128,-119.824342272955));
#1183=CARTESIAN_POINT('Ctrl Pts',(-239.195757167822,-14.5572596933481,-119.911932747298));
#1184=CARTESIAN_POINT('Ctrl Pts',(-249.852981751731,-14.5577414554864,-119.870732338184));
#1185=CARTESIAN_POINT('Ctrl Pts',(-275.657929571659,-14.5561610516508,-119.893187237052));
#1186=CARTESIAN_POINT('Ctrl Pts',(-290.805532184625,-14.5515988709641,-119.902046585468));
#1187=CARTESIAN_POINT('Ctrl Pts',(-320.139856459551,-14.5415134775752,-119.916482632098));
#1188=CARTESIAN_POINT('Ctrl Pts',(-334.332360813933,-14.5583351030818,-119.913379909539));
#1189=CARTESIAN_POINT('Ctrl Pts',(-349.473837252387,-14.5242822046698,-119.920486272318));
#1190=CARTESIAN_POINT('Ctrl Pts',(-350.435032947433,-14.5214830027903,-119.921059719174));
#1191=CARTESIAN_POINT('Ctrl Pts',(-351.396034129605,-14.5179191163609,-119.921742561505));
#1192=CARTESIAN_POINT('Ctrl Pts',(351.583351231436,-14.7722943943841,2.86463702377565));
#1193=CARTESIAN_POINT('Ctrl Pts',(351.556653590026,-14.7898526960625,1.92094073621588));
#1194=CARTESIAN_POINT('Ctrl Pts',(351.538523654241,-14.8002735858329,0.969098578032316));
#1195=CARTESIAN_POINT('Ctrl Pts',(351.447085871784,-14.8059907051292,0.0152046850545237));
#1196=CARTESIAN_POINT('Ctrl Pts',(351.445634475757,-14.8060789938402,0.000304543179675113));
#1197=CARTESIAN_POINT('Ctrl Pts',(351.443917339149,-14.8061806052419,-0.0170378979693176));
#1198=CARTESIAN_POINT('Ctrl Pts',(351.443674423719,-14.8061949149201,-0.0194847336140333));
#1199=CARTESIAN_POINT('Ctrl Pts',(351.351754285285,-14.8115853096023,-0.942909138848562));
#1200=CARTESIAN_POINT('Ctrl Pts',(351.138747431822,-14.81374473732,-1.84242687851954));
#1201=CARTESIAN_POINT('Ctrl Pts',(349.961294123338,-14.8235619323891,-4.38296218754268));
#1202=CARTESIAN_POINT('Ctrl Pts',(348.713540987083,-14.8298561281728,-5.83941051254607));
#1203=CARTESIAN_POINT('Ctrl Pts',(344.683154326909,-14.8496687867177,-9.82391966774044));
#1204=CARTESIAN_POINT('Ctrl Pts',(341.579712677573,-14.8621232765352,-12.0175453475688));
#1205=CARTESIAN_POINT('Ctrl Pts',(332.053072551902,-14.8985749286339,-18.1774569760412));
#1206=CARTESIAN_POINT('Ctrl Pts',(325.317931478547,-14.9208871868458,-21.6628320956895));
#1207=CARTESIAN_POINT('Ctrl Pts',(304.850427601779,-14.9826615598728,-31.5103122181597));
#1208=CARTESIAN_POINT('Ctrl Pts',(290.772755679826,-15.0164211444892,-37.1707321301122));
#1209=CARTESIAN_POINT('Ctrl Pts',(248.151774353287,-15.1012216589566,-53.0122027284171));
#1210=CARTESIAN_POINT('Ctrl Pts',(219.126107669339,-15.1373608873983,-61.9104235744998));
#1211=CARTESIAN_POINT('Ctrl Pts',(131.279582526943,-15.232912135558,-85.4292674822506));
#1212=CARTESIAN_POINT('Ctrl Pts',(71.5843828332506,-15.2794864096342,-96.6247392501818));
#1213=CARTESIAN_POINT('Ctrl Pts',(-48.6097140297816,-15.362378522022,-112.142574935434));
#1214=CARTESIAN_POINT('Ctrl Pts',(-109.118500918068,-15.3990553713469,-116.455157863403));
#1215=CARTESIAN_POINT('Ctrl Pts',(-184.809834204381,-15.4386896430876,-118.953820122649));
#1216=CARTESIAN_POINT('Ctrl Pts',(-199.952421067732,-15.4460221499197,-119.293165492133));
#1217=CARTESIAN_POINT('Ctrl Pts',(-219.586081180635,-15.4527241234125,-119.601698451133));
#1218=CARTESIAN_POINT('Ctrl Pts',(-224.07600197407,-15.4540567248368,-119.66854955725));
#1219=CARTESIAN_POINT('Ctrl Pts',(-239.22067123572,-15.4576868083012,-119.769635545411));
#1220=CARTESIAN_POINT('Ctrl Pts',(-249.875588572718,-15.4587366637363,-119.738470488799));
#1221=CARTESIAN_POINT('Ctrl Pts',(-275.674807465562,-15.4556246866424,-119.783180398698));
#1222=CARTESIAN_POINT('Ctrl Pts',(-290.818927947099,-15.4475282413973,-119.80374198789));
#1223=CARTESIAN_POINT('Ctrl Pts',(-320.146423765912,-15.4257306904139,-119.832548018331));
#1224=CARTESIAN_POINT('Ctrl Pts',(-334.335141819924,-15.4347640776632,-119.832650245596));
#1225=CARTESIAN_POINT('Ctrl Pts',(-349.474176793704,-15.3930705884516,-119.840379424373));
#1226=CARTESIAN_POINT('Ctrl Pts',(-350.435226996882,-15.3897915177829,-119.840978685843));
#1227=CARTESIAN_POINT('Ctrl Pts',(-351.396091744615,-15.3857528364563,-119.841673548916));
#1228=CARTESIAN_POINT('Ctrl Pts',(351.576727919333,-16.1001582133839,2.81635421850084));
#1229=CARTESIAN_POINT('Ctrl Pts',(351.526294849611,-16.1215748396191,1.88515743787784));
#1230=CARTESIAN_POINT('Ctrl Pts',(351.464525739329,-16.136657752439,0.950657956635617));
#1231=CARTESIAN_POINT('Ctrl Pts',(351.318482294215,-16.1482788995873,0.0202230127270516));
#1232=CARTESIAN_POINT('Ctrl Pts',(351.31617875566,-16.1484596161213,0.00569016074948711));
#1233=CARTESIAN_POINT('Ctrl Pts',(351.313471272355,-16.1486690311041,-0.0112238851905547));
#1234=CARTESIAN_POINT('Ctrl Pts',(351.313088663589,-16.1486985559656,-0.0136102578714));
#1235=CARTESIAN_POINT('Ctrl Pts',(351.168462561503,-16.1598330468783,-0.914208461924763));
#1236=CARTESIAN_POINT('Ctrl Pts',(350.932594680245,-16.1678317857762,-1.79090798179477));
#1237=CARTESIAN_POINT('Ctrl Pts',(349.848511102667,-16.1909849999058,-4.31020290933655));
#1238=CARTESIAN_POINT('Ctrl Pts',(348.6639451336,-16.2052130824871,-5.79033158022914));
#1239=CARTESIAN_POINT('Ctrl Pts',(344.735989959448,-16.2483931081102,-9.80781550267391));
#1240=CARTESIAN_POINT('Ctrl Pts',(341.635136341364,-16.2758326031479,-12.0046963776391));
#1241=CARTESIAN_POINT('Ctrl Pts',(332.138394473072,-16.3552196810208,-18.1607886940284));
#1242=CARTESIAN_POINT('Ctrl Pts',(325.399505894178,-16.403903418864,-21.6271518247124));
#1243=CARTESIAN_POINT('Ctrl Pts',(304.920390788862,-16.538172443649,-31.4179516774469));
#1244=CARTESIAN_POINT('Ctrl Pts',(290.8197689821,-16.6113008859974,-37.0336380209488));
#1245=CARTESIAN_POINT('Ctrl Pts',(248.129329916345,-16.7945069879626,-52.7509629665629));
#1246=CARTESIAN_POINT('Ctrl Pts',(219.056058265678,-16.8720146144114,-61.5768446536407));
#1247=CARTESIAN_POINT('Ctrl Pts',(131.123090130066,-17.0775254202286,-84.925355164313));
#1248=CARTESIAN_POINT('Ctrl Pts',(71.4284149407041,-17.1780886198648,-96.061375810424));
#1249=CARTESIAN_POINT('Ctrl Pts',(-48.7468003928964,-17.3570000553631,-111.547442182752));
#1250=CARTESIAN_POINT('Ctrl Pts',(-109.234843963667,-17.4360746168791,-115.889596972255));
#1251=CARTESIAN_POINT('Ctrl Pts',(-184.893855980091,-17.5230036527065,-118.507792236729));
#1252=CARTESIAN_POINT('Ctrl Pts',(-200.029578297033,-17.5391868064628,-118.876197107455));
#1253=CARTESIAN_POINT('Ctrl Pts',(-219.653865820915,-17.5541680697619,-119.223548224704));
#1254=CARTESIAN_POINT('Ctrl Pts',(-224.141613736112,-17.5571657814554,-119.298700563098));
#1255=CARTESIAN_POINT('Ctrl Pts',(-239.278836310872,-17.5653807701303,-119.432058696981));
#1256=CARTESIAN_POINT('Ctrl Pts',(-249.928339717816,-17.5679326365578,-119.425466581415));
#1257=CARTESIAN_POINT('Ctrl Pts',(-275.714115969706,-17.5615376639198,-119.523513884117));
#1258=CARTESIAN_POINT('Ctrl Pts',(-290.85007063504,-17.5452521135318,-119.572174674398));
#1259=CARTESIAN_POINT('Ctrl Pts',(-320.161532254425,-17.4957410113763,-119.635385117563));
#1260=CARTESIAN_POINT('Ctrl Pts',(-334.341320415898,-17.4862578163678,-119.643103014775));
#1261=CARTESIAN_POINT('Ctrl Pts',(-349.474495076424,-17.426037369901,-119.652325042736));
#1262=CARTESIAN_POINT('Ctrl Pts',(-350.435197266898,-17.4215979663665,-119.652984551702));
#1263=CARTESIAN_POINT('Ctrl Pts',(-351.395736915237,-17.4164148236744,-119.653704907907));
#1264=CARTESIAN_POINT('Ctrl Pts',(351.565467230961,-16.8589936989762,2.78692046599597));
#1265=CARTESIAN_POINT('Ctrl Pts',(351.493867864314,-16.8831029849914,1.86587752806234));
#1266=CARTESIAN_POINT('Ctrl Pts',(351.399363555847,-16.90145117293,0.94543240602355));
#1267=CARTESIAN_POINT('Ctrl Pts',(351.22834028368,-16.9165831799746,0.0295174969277054));
#1268=CARTESIAN_POINT('Ctrl Pts',(351.225648988243,-16.9168187781192,0.0152113862797549));
#1269=CARTESIAN_POINT('Ctrl Pts',(351.222493127847,-16.9170921154841,-0.00143885973537904));
#1270=CARTESIAN_POINT('Ctrl Pts',(351.222047325902,-16.9171306601692,-0.00378801551141189));
#1271=CARTESIAN_POINT('Ctrl Pts',(351.053598254466,-16.9316695793748,-0.890341706713658));
#1272=CARTESIAN_POINT('Ctrl Pts',(350.806109900187,-16.9431214897958,-1.75395330820348));
#1273=CARTESIAN_POINT('Ctrl Pts',(349.73937934001,-16.9755008082987,-4.2518447719372));
#1274=CARTESIAN_POINT('Ctrl Pts',(348.612548537477,-16.9943628584773,-5.74304388990979));
#1275=CARTESIAN_POINT('Ctrl Pts',(344.764760582964,-17.0513268571635,-9.78495367941574));
#1276=CARTESIAN_POINT('Ctrl Pts',(341.668258578318,-17.087329960701,-11.9887295895715));
#1277=CARTESIAN_POINT('Ctrl Pts',(332.193241451534,-17.1914867167975,-18.1484330201438));
#1278=CARTESIAN_POINT('Ctrl Pts',(325.450956160128,-17.2553420828006,-21.603937038262));
#1279=CARTESIAN_POINT('Ctrl Pts',(304.964369452496,-17.4312296981332,-31.3632261416868));
#1280=CARTESIAN_POINT('Ctrl Pts',(290.849720866939,-17.5268268540278,-36.9528806055867));
#1281=CARTESIAN_POINT('Ctrl Pts',(248.117573684089,-17.7659581565105,-52.5984596914309));
#1282=CARTESIAN_POINT('Ctrl Pts',(219.016335549887,-17.8666830715247,-61.3825194936979));
#1283=CARTESIAN_POINT('Ctrl Pts',(131.032895785728,-18.134215742493,-84.6327445093706));
#1284=CARTESIAN_POINT('Ctrl Pts',(71.3388992773448,-18.2654360237038,-95.7345188494222));
#1285=CARTESIAN_POINT('Ctrl Pts',(-48.8253209756555,-18.4988304110173,-111.20196736723));
#1286=CARTESIAN_POINT('Ctrl Pts',(-109.301449290995,-18.6019125391226,-115.5607816925));
#1287=CARTESIAN_POINT('Ctrl Pts',(-184.941906844894,-18.71639142017,-118.248017184375));
#1288=CARTESIAN_POINT('Ctrl Pts',(-200.073687115942,-18.7377835834348,-118.63361838185));
#1289=CARTESIAN_POINT('Ctrl Pts',(-219.692592993297,-18.7577284546467,-119.003217288753));
#1290=CARTESIAN_POINT('Ctrl Pts',(-224.179094072302,-18.7617329103458,-119.082865728867));
#1291=CARTESIAN_POINT('Ctrl Pts',(-239.312038152503,-18.7727542482961,-119.235235223031));
#1292=CARTESIAN_POINT('Ctrl Pts',(-249.95843012304,-18.7762987623597,-119.243550647578));
#1293=CARTESIAN_POINT('Ctrl Pts',(-275.736480943084,-18.7682550476955,-119.373103915905));
#1294=CARTESIAN_POINT('Ctrl Pts',(-290.867746421624,-18.7473426923588,-119.438405075211));
#1295=CARTESIAN_POINT('Ctrl Pts',(-320.169984476914,-18.6817269100428,-119.521912778958));
#1296=CARTESIAN_POINT('Ctrl Pts',(-334.344606342499,-18.6614176912027,-119.534079687726));
#1297=CARTESIAN_POINT('Ctrl Pts',(-349.474312193109,-18.590090765203,-119.544183876633));
#1298=CARTESIAN_POINT('Ctrl Pts',(-350.434809285425,-18.5849581729557,-119.544877775544));
#1299=CARTESIAN_POINT('Ctrl Pts',(-351.395158286278,-18.579093995253,-119.545610722521));
#1300=CARTESIAN_POINT('Ctrl Pts',(351.538397512576,-19.1361663845156,2.6883449071789));
#1301=CARTESIAN_POINT('Ctrl Pts',(351.41223574599,-19.1692103041492,1.7974722817469));
#1302=CARTESIAN_POINT('Ctrl Pts',(351.246700407904,-19.1975631831276,0.914778645596848));
#1303=CARTESIAN_POINT('Ctrl Pts',(351.017494861596,-19.2231660748968,0.0379547184362502));
#1304=CARTESIAN_POINT('Ctrl Pts',(351.013898680205,-19.2235653236472,0.0242592738353302));
#1305=CARTESIAN_POINT('Ctrl Pts',(351.009694389129,-19.2240292386672,0.00831979446259413));
#1306=CARTESIAN_POINT('Ctrl Pts',(351.009100775407,-19.2240946742359,0.00607092049768918));
#1307=CARTESIAN_POINT('Ctrl Pts',(350.784910288622,-19.2487829827057,-0.84263691119821));
#1308=CARTESIAN_POINT('Ctrl Pts',(350.503992719889,-19.2703934080614,-1.66989108714557));
#1309=CARTESIAN_POINT('Ctrl Pts',(349.446600625977,-19.3308372923996,-4.09571882838137));
#1310=CARTESIAN_POINT('Ctrl Pts',(348.435108374319,-19.3651099446951,-5.59386781143489));
#1311=CARTESIAN_POINT('Ctrl Pts',(344.810931285072,-19.4653332502368,-9.6805648829837));
#1312=CARTESIAN_POINT('Ctrl Pts',(341.760428803397,-19.5271496552853,-11.9174533714085));
#1313=CARTESIAN_POINT('Ctrl Pts',(332.371475455006,-19.7064360478874,-18.1002014686943));
#1314=CARTESIAN_POINT('Ctrl Pts',(325.61722999957,-19.8159471484927,-21.5254969745282));
#1315=CARTESIAN_POINT('Ctrl Pts',(305.108001471098,-20.1169682722882,-31.1937421495386));
#1316=CARTESIAN_POINT('Ctrl Pts',(290.948302676092,-20.279684788947,-36.7039476549096));
#1317=CARTESIAN_POINT('Ctrl Pts',(248.085552392153,-20.6852047445925,-52.1324323406073));
#1318=CARTESIAN_POINT('Ctrl Pts',(218.898309649989,-20.8541326906655,-60.7898421293564));
#1319=CARTESIAN_POINT('Ctrl Pts',(130.760681859274,-21.3048223343975,-83.7430089826672));
#1320=CARTESIAN_POINT('Ctrl Pts',(71.0698467053571,-21.5272023723838,-94.7414213473777));
#1321=CARTESIAN_POINT('Ctrl Pts',(-49.0608623791774,-21.922421912955,-110.151629124573));
#1322=CARTESIAN_POINT('Ctrl Pts',(-109.501153427336,-22.0966134333985,-114.559352042862));
#1323=CARTESIAN_POINT('Ctrl Pts',(-185.085842102287,-22.2950461670874,-117.455373616075));
#1324=CARTESIAN_POINT('Ctrl Pts',(-200.205771863779,-22.3324725786015,-117.893688398164));
#1325=CARTESIAN_POINT('Ctrl Pts',(-219.808499779476,-22.3679786432334,-118.330347687477));
#1326=CARTESIAN_POINT('Ctrl Pts',(-224.291253244977,-22.3751650980098,-118.4233214544));
#1327=CARTESIAN_POINT('Ctrl Pts',(-239.411329740857,-22.3951630116894,-118.634263786812));
#1328=CARTESIAN_POINT('Ctrl Pts',(-250.048362262864,-22.4021038845209,-118.689370422741));
#1329=CARTESIAN_POINT('Ctrl Pts',(-275.803181153147,-22.3899025973735,-118.916062620372));
#1330=CARTESIAN_POINT('Ctrl Pts',(-290.920347237077,-22.3553636867743,-119.033005076042));
#1331=CARTESIAN_POINT('Ctrl Pts',(-320.194887991634,-22.2409154813353,-119.179362951772));
#1332=CARTESIAN_POINT('Ctrl Pts',(-334.354174155059,-22.1875982932912,-119.205116488289));
#1333=CARTESIAN_POINT('Ctrl Pts',(-349.473188857614,-22.0816522631606,-119.217889078696));
#1334=CARTESIAN_POINT('Ctrl Pts',(-350.433052090119,-22.074360749578,-119.218684566469));
#1335=CARTESIAN_POINT('Ctrl Pts',(-351.39281042977,-22.0663784833889,-119.219450239406));
#1336=CARTESIAN_POINT('Ctrl Pts',(351.530872864473,-20.6547496989489,2.6098728128685));
#1337=CARTESIAN_POINT('Ctrl Pts',(351.378385594427,-20.6946464955673,1.73860129222214));
#1338=CARTESIAN_POINT('Ctrl Pts',(351.187112943099,-20.730060621897,0.877457394182473));
#1339=CARTESIAN_POINT('Ctrl Pts',(350.935977564347,-20.7626929840608,0.0223991873480828));
#1340=CARTESIAN_POINT('Ctrl Pts',(350.932039620595,-20.7632020394766,0.00904379724359976));
#1341=CARTESIAN_POINT('Ctrl Pts',(350.927438462986,-20.7637937653542,-0.00649981551503374));
#1342=CARTESIAN_POINT('Ctrl Pts',(350.926788876693,-20.7638772338119,-0.00869283516980367));
#1343=CARTESIAN_POINT('Ctrl Pts',(350.681482633813,-20.7953711247602,-0.836320873843135));
#1344=CARTESIAN_POINT('Ctrl Pts',(350.382164628262,-20.823658686087,-1.64260423266923));
#1345=CARTESIAN_POINT('Ctrl Pts',(349.289055885368,-20.9036490378983,-4.01277841459088));
#1346=CARTESIAN_POINT('Ctrl Pts',(348.298803087996,-20.9496767722691,-5.48997478018158));
#1347=CARTESIAN_POINT('Ctrl Pts',(344.787108508715,-21.0814643076553,-9.56850129457735));
#1348=CARTESIAN_POINT('Ctrl Pts',(341.809104663329,-21.16084069931,-11.8384925445751));
#1349=CARTESIAN_POINT('Ctrl Pts',(332.508741461117,-21.3913587003268,-18.0521603268168));
#1350=CARTESIAN_POINT('Ctrl Pts',(325.744142177327,-21.5314567133995,-21.4614027417502));
#1351=CARTESIAN_POINT('Ctrl Pts',(305.219641615478,-21.9162428004362,-31.0738348764247));
#1352=CARTESIAN_POINT('Ctrl Pts',(291.025759430819,-22.1233184093038,-36.5291514566754));
#1353=CARTESIAN_POINT('Ctrl Pts',(248.068544328191,-22.6379025026117,-51.8103940291767));
#1354=CARTESIAN_POINT('Ctrl Pts',(218.821159064993,-22.850364991487,-60.3817898191271));
#1355=CARTESIAN_POINT('Ctrl Pts',(130.577026188978,-23.4192751930187,-83.1339750694858));
#1356=CARTESIAN_POINT('Ctrl Pts',(70.8898035655362,-23.7013473789191,-94.0626505795646));
#1357=CARTESIAN_POINT('Ctrl Pts',(-49.2178630518627,-24.2022861112726,-109.432848250845));
#1358=CARTESIAN_POINT('Ctrl Pts',(-109.634140772264,-24.4226660799808,-113.871712338387));
#1359=CARTESIAN_POINT('Ctrl Pts',(-185.181509417762,-24.6788138687502,-116.909196734844));
#1360=CARTESIAN_POINT('Ctrl Pts',(-200.293506663748,-24.7274745176713,-117.384072241431));
#1361=CARTESIAN_POINT('Ctrl Pts',(-219.885405180941,-24.7742506930683,-117.865890409896));
#1362=CARTESIAN_POINT('Ctrl Pts',(-224.36565029655,-24.7837746086861,-117.96766459964));
#1363=CARTESIAN_POINT('Ctrl Pts',(-239.477105656007,-24.8105018821898,-118.219728758081));
#1364=CARTESIAN_POINT('Ctrl Pts',(-250.107865074537,-24.8202653190605,-118.308744239014));
#1365=CARTESIAN_POINT('Ctrl Pts',(-275.847122926667,-24.8063448186444,-118.60362164971));
#1366=CARTESIAN_POINT('Ctrl Pts',(-290.95484527483,-24.7630532812628,-118.757310899067));
#1367=CARTESIAN_POINT('Ctrl Pts',(-320.21089307625,-24.6153577712339,-118.948181673772));
#1368=CARTESIAN_POINT('Ctrl Pts',(-334.360232671909,-24.539352369945,-118.983277975627));
#1369=CARTESIAN_POINT('Ctrl Pts',(-349.471744121507,-24.4086071509946,-118.997852087441));
#1370=CARTESIAN_POINT('Ctrl Pts',(-350.431159230302,-24.3997703009607,-118.99871338958));
#1371=CARTESIAN_POINT('Ctrl Pts',(-351.390497246022,-24.3902748684007,-118.999494865901));
#1372=CARTESIAN_POINT('Ctrl Pts',(351.376368981857,-25.2079451268351,2.42546724809255));
#1373=CARTESIAN_POINT('Ctrl Pts',(351.154035674469,-25.2681725922311,1.61103858195924));
#1374=CARTESIAN_POINT('Ctrl Pts',(350.895013360668,-25.3244510966036,0.809393225199491));
#1375=CARTESIAN_POINT('Ctrl Pts',(350.590405555884,-25.3782613352423,0.0118430458477795));
#1376=CARTESIAN_POINT('Ctrl Pts',(350.58563585479,-25.3791012870736,-0.000614536154033597));
#1377=CARTESIAN_POINT('Ctrl Pts',(350.580070717888,-25.3800782554305,-0.0151137593538703));
#1378=CARTESIAN_POINT('Ctrl Pts',(350.579285219626,-25.380216080055,-0.0171594400806537));
#1379=CARTESIAN_POINT('Ctrl Pts',(350.282722469164,-25.4322246892551,-0.789187539318346));
#1380=CARTESIAN_POINT('Ctrl Pts',(349.947696085884,-25.4809184493276,-1.54318995805333));
#1381=CARTESIAN_POINT('Ctrl Pts',(348.808028423575,-25.6211180709176,-3.77831073937089));
#1382=CARTESIAN_POINT('Ctrl Pts',(347.874717837347,-25.7047464237089,-5.20140938973654));
#1383=CARTESIAN_POINT('Ctrl Pts',(344.622938433027,-25.9395065866562,-9.21811434887042));
#1384=CARTESIAN_POINT('Ctrl Pts',(341.8626138421,-26.0763589930205,-11.5476039742113));
#1385=CARTESIAN_POINT('Ctrl Pts',(332.899911787504,-26.4685906336208,-17.8405549785853));
#1386=CARTESIAN_POINT('Ctrl Pts',(326.136041459271,-26.7014264737413,-21.2256888983039));
#1387=CARTESIAN_POINT('Ctrl Pts',(305.595101299809,-27.3397686970301,-30.6895354574435));
#1388=CARTESIAN_POINT('Ctrl Pts',(291.286317191545,-27.6784912791501,-35.9768187915072));
#1389=CARTESIAN_POINT('Ctrl Pts',(248.030058314861,-28.5145325528292,-50.8113414652629));
#1390=CARTESIAN_POINT('Ctrl Pts',(218.593589723922,-28.8517212716429,-59.1197740630049));
#1391=CARTESIAN_POINT('Ctrl Pts',(130.020310149093,-29.7635200394816,-81.2603896135223));
#1392=CARTESIAN_POINT('Ctrl Pts',(70.348162468885,-30.2212152971802,-91.9770352524024));
#1393=CARTESIAN_POINT('Ctrl Pts',(-49.688434312522,-31.032037132106,-107.220699122949));
#1394=CARTESIAN_POINT('Ctrl Pts',(-110.032409549238,-31.3866274281436,-111.747295348853));
#1395=CARTESIAN_POINT('Ctrl Pts',(-185.467588535768,-31.8202231547367,-115.2144797282));
#1396=CARTESIAN_POINT('Ctrl Pts',(-200.555748034052,-31.9040485354525,-115.799159561569));
#1397=CARTESIAN_POINT('Ctrl Pts',(-220.115086748726,-31.9872714844055,-116.420975740002));
#1398=CARTESIAN_POINT('Ctrl Pts',(-224.587783487476,-32.0044565687,-116.552092321356));
#1399=CARTESIAN_POINT('Ctrl Pts',(-239.673317273122,-32.0536714565103,-116.932708841879));
#1400=CARTESIAN_POINT('Ctrl Pts',(-250.285213902897,-32.073716826517,-117.127785065718));
#1401=CARTESIAN_POINT('Ctrl Pts',(-275.97773580391,-32.0585330051049,-117.636769208155));
#1402=CARTESIAN_POINT('Ctrl Pts',(-291.057048218323,-31.9906049132055,-117.907491162055));
#1403=CARTESIAN_POINT('Ctrl Pts',(-320.258139136464,-31.7427887282227,-118.241345874459));
#1404=CARTESIAN_POINT('Ctrl Pts',(-334.380149532939,-31.5971929817543,-118.305916099005));
#1405=CARTESIAN_POINT('Ctrl Pts',(-349.468557527088,-31.3887967715698,-118.32541389799));
#1406=CARTESIAN_POINT('Ctrl Pts',(-350.426557063854,-31.3750942403014,-118.326445891773));
#1407=CARTESIAN_POINT('Ctrl Pts',(-351.384534508996,-31.3608113889508,-118.327248920598));
#1408=CARTESIAN_POINT('Ctrl Pts',(351.141200814758,-28.2404718366351,2.35228741629406));
#1409=CARTESIAN_POINT('Ctrl Pts',(350.889741188188,-28.3146142779976,1.57066502783499));
#1410=CARTESIAN_POINT('Ctrl Pts',(350.607533527373,-28.3849071638813,0.800154692579004));
#1411=CARTESIAN_POINT('Ctrl Pts',(350.286169252678,-28.4529734364616,0.0316079699771489));
#1412=CARTESIAN_POINT('Ctrl Pts',(350.281139369928,-28.4540361433937,0.019602938253798));
#1413=CARTESIAN_POINT('Ctrl Pts',(350.275273216168,-28.4552724649401,0.00562987437501342));
#1414=CARTESIAN_POINT('Ctrl Pts',(350.27444528977,-28.455446883546,0.00365841599053565));
#1415=CARTESIAN_POINT('Ctrl Pts',(349.961886137083,-28.5212666549548,-0.740363487252325));
#1416=CARTESIAN_POINT('Ctrl Pts',(349.617198059978,-28.5837553313377,-1.46888577965616));
#1417=CARTESIAN_POINT('Ctrl Pts',(348.465722511095,-28.7655937575278,-3.63432481929805));
#1418=CARTESIAN_POINT('Ctrl Pts',(347.548665173478,-28.8767433745889,-5.02086952438978));
#1419=CARTESIAN_POINT('Ctrl Pts',(344.400708739326,-29.1893146411602,-8.96088822175849));
#1420=CARTESIAN_POINT('Ctrl Pts',(341.777964787882,-29.3711000156394,-11.289618660212));
#1421=CARTESIAN_POINT('Ctrl Pts',(333.113376373565,-29.8830338818879,-17.6087697737253));
#1422=CARTESIAN_POINT('Ctrl Pts',(326.405083924081,-30.1793712239008,-21.0079515315351));
#1423=CARTESIAN_POINT('Ctrl Pts',(305.901079766777,-30.9900605147915,-30.3998233798239));
#1424=CARTESIAN_POINT('Ctrl Pts',(291.49803532553,-31.4145045910636,-35.5712836593431));
#1425=CARTESIAN_POINT('Ctrl Pts',(248.021602268537,-32.4571300727921,-50.1016073711696));
#1426=CARTESIAN_POINT('Ctrl Pts',(218.44722461948,-32.8696013401789,-58.2279769002393));
#1427=CARTESIAN_POINT('Ctrl Pts',(129.641459991844,-33.9942227246647,-79.9493040062538));
#1428=CARTESIAN_POINT('Ctrl Pts',(69.9850500595424,-34.5643951246625,-90.5208477400636));
#1429=CARTESIAN_POINT('Ctrl Pts',(-50.0015766227753,-35.5721105206249,-105.671479495874));
#1430=CARTESIAN_POINT('Ctrl Pts',(-110.296999177479,-36.0103703596703,-110.249054671249));
#1431=CARTESIAN_POINT('Ctrl Pts',(-185.65708123755,-36.5680902715918,-114.009754239781));
#1432=CARTESIAN_POINT('Ctrl Pts',(-200.72929693776,-36.6773304993831,-114.667391959284));
#1433=CARTESIAN_POINT('Ctrl Pts',(-220.266832661317,-36.7883951344262,-115.389459004303));
#1434=CARTESIAN_POINT('Ctrl Pts',(-224.734466874843,-36.8115593714856,-115.544038728544));
#1435=CARTESIAN_POINT('Ctrl Pts',(-239.802645325111,-36.8788524095212,-116.017149064954));
#1436=CARTESIAN_POINT('Ctrl Pts',(-250.401911945307,-36.9081845402313,-116.288300851301));
#1437=CARTESIAN_POINT('Ctrl Pts',(-276.063213092861,-36.8973590632434,-116.953424941979));
#1438=CARTESIAN_POINT('Ctrl Pts',(-291.123479051386,-36.8151378240287,-117.311004101378));
#1439=CARTESIAN_POINT('Ctrl Pts',(-320.288746764709,-36.5000984852587,-117.752849764612));
#1440=CARTESIAN_POINT('Ctrl Pts',(-334.396086603238,-36.3059008661523,-117.838882832417));
#1441=CARTESIAN_POINT('Ctrl Pts',(-349.468378946958,-36.0416670151102,-117.860916671378));
#1442=CARTESIAN_POINT('Ctrl Pts',(-350.425343624259,-36.0244307635469,-117.862022047559));
#1443=CARTESIAN_POINT('Ctrl Pts',(-351.382283180236,-36.0066397663313,-117.86280261758));
#1444=CARTESIAN_POINT('Ctrl Pts',(350.537712803043,-37.3413714783961,2.11117917559517));
#1445=CARTESIAN_POINT('Ctrl Pts',(350.225304023905,-37.4579277265154,1.41366552858407));
#1446=CARTESIAN_POINT('Ctrl Pts',(349.890807078426,-37.570805317606,0.7250843413816));
#1447=CARTESIAN_POINT('Ctrl Pts',(349.528244521524,-37.6820147900551,0.035449008176283));
#1448=CARTESIAN_POINT('Ctrl Pts',(349.522573840182,-37.6837515799737,0.0246759029096852));
#1449=CARTESIAN_POINT('Ctrl Pts',(349.515965035862,-37.6857726840609,0.012135893214914));
#1450=CARTESIAN_POINT('Ctrl Pts',(349.515032403074,-37.6860578320786,0.0103666051522028));
#1451=CARTESIAN_POINT('Ctrl Pts',(349.162985392385,-37.7936682192275,-0.657364130714043));
#1452=CARTESIAN_POINT('Ctrl Pts',(348.790294822808,-37.8977172247027,-1.31395104080637));
#1453=CARTESIAN_POINT('Ctrl Pts',(347.591923401787,-38.2046169784393,-3.27797216256392));
#1454=CARTESIAN_POINT('Ctrl Pts',(346.697267566972,-38.3979560926462,-4.55368849417093));
#1455=CARTESIAN_POINT('Ctrl Pts',(343.737950820978,-38.94702297433,-8.24186355831723));
#1456=CARTESIAN_POINT('Ctrl Pts',(341.388734161643,-39.2722456562243,-10.5108016973532));
#1457=CARTESIAN_POINT('Ctrl Pts',(333.437000620169,-40.1716328749158,-16.7532214621857));
#1458=CARTESIAN_POINT('Ctrl Pts',(327.013347427598,-40.67435290153,-20.175087558905));
#1459=CARTESIAN_POINT('Ctrl Pts',(306.810423637347,-42.0255588775715,-29.3671014548313));
#1460=CARTESIAN_POINT('Ctrl Pts',(292.152102446233,-42.7027915247433,-34.2196717508794));
#1461=CARTESIAN_POINT('Ctrl Pts',(248.032977637826,-44.3459464970519,-47.8455666324456));
#1462=CARTESIAN_POINT('Ctrl Pts',(218.012316753032,-44.9613065663016,-55.4077871478998));
#1463=CARTESIAN_POINT('Ctrl Pts',(128.49046445166,-46.6791719644331,-75.8416920131071));
#1464=CARTESIAN_POINT('Ctrl Pts',(68.8940123531676,-47.5709824828753,-85.9632586607568));
#1465=CARTESIAN_POINT('Ctrl Pts',(-50.9363847091734,-49.1337551719508,-100.801214024875));
#1466=CARTESIAN_POINT('Ctrl Pts',(-111.085889395923,-49.7999651015263,-105.506217726655));
#1467=CARTESIAN_POINT('Ctrl Pts',(-186.221297672763,-50.7365009687092,-110.14480418007));
#1468=CARTESIAN_POINT('Ctrl Pts',(-201.24586069568,-50.9256020700135,-111.017389859949));
#1469=CARTESIAN_POINT('Ctrl Pts',(-220.718231238236,-51.1292728900682,-112.058742600696));
#1470=CARTESIAN_POINT('Ctrl Pts',(-225.17073470665,-51.1727430427668,-112.289847810039));
#1471=CARTESIAN_POINT('Ctrl Pts',(-240.187109199955,-51.3032259303979,-113.049500990789));
#1472=CARTESIAN_POINT('Ctrl Pts',(-250.74870680492,-51.3684534766352,-113.55245377063));
#1473=CARTESIAN_POINT('Ctrl Pts',(-276.317091460277,-51.3918857403027,-114.722473128334));
#1474=CARTESIAN_POINT('Ctrl Pts',(-291.320910833062,-51.2808713050448,-115.36514970966));
#1475=CARTESIAN_POINT('Ctrl Pts',(-320.381404538228,-50.7754294557764,-116.180861913499));
#1476=CARTESIAN_POINT('Ctrl Pts',(-334.442905181497,-50.4274353294317,-116.355266964025));
#1477=CARTESIAN_POINT('Ctrl Pts',(-349.466493166128,-49.9901972518838,-116.382100763826));
#1478=CARTESIAN_POINT('Ctrl Pts',(-350.420374618101,-49.9620062596091,-116.383138543542));
#1479=CARTESIAN_POINT('Ctrl Pts',(-351.374251051841,-49.9333150692055,-116.383463709831));
#1480=CARTESIAN_POINT('Ctrl Pts',(350.136736971149,-43.4089728477406,1.96348312661656));
#1481=CARTESIAN_POINT('Ctrl Pts',(349.809363948713,-43.5545358318342,1.30877290408075));
#1482=CARTESIAN_POINT('Ctrl Pts',(349.462090723501,-43.6963379299518,0.661882557472143));
#1483=CARTESIAN_POINT('Ctrl Pts',(349.088533168603,-43.836790971266,0.0134239687034253));
#1484=CARTESIAN_POINT('Ctrl Pts',(349.08269118614,-43.8389846573668,0.00329395844334281));
#1485=CARTESIAN_POINT('Ctrl Pts',(349.075883516624,-43.8415376739298,-0.008497651294426));
#1486=CARTESIAN_POINT('Ctrl Pts',(349.07492283789,-43.8418978721094,-0.0101613504549206));
#1487=CARTESIAN_POINT('Ctrl Pts',(348.712295942838,-43.9778329551481,-0.638044233918937));
#1488=CARTESIAN_POINT('Ctrl Pts',(348.330923457744,-44.1099982718115,-1.25599977800908));
#1489=CARTESIAN_POINT('Ctrl Pts',(347.111888764355,-44.5017538232101,-3.10627503110508));
#1490=CARTESIAN_POINT('Ctrl Pts',(346.2110804299,-44.7512663932582,-4.31055496628538));
#1491=CARTESIAN_POINT('Ctrl Pts',(343.264775602214,-45.4652773168839,-7.80355883405298));
#1492=CARTESIAN_POINT('Ctrl Pts',(340.972725074814,-45.8955093611937,-9.97026426389246));
#1493=CARTESIAN_POINT('Ctrl Pts',(333.296988895005,-47.0852468892944,-15.9990287097378));
#1494=CARTESIAN_POINT('Ctrl Pts',(327.140454494175,-47.747086209749,-19.3908979512838));
#1495=CARTESIAN_POINT('Ctrl Pts',(307.354051461778,-49.4935890205004,-28.4433332919013));
#1496=CARTESIAN_POINT('Ctrl Pts',(292.597949069969,-50.3353109411791,-33.130818367563));
#1497=CARTESIAN_POINT('Ctrl Pts',(248.094587109468,-52.3547834189078,-46.1725770342403));
#1498=CARTESIAN_POINT('Ctrl Pts',(217.728746318435,-53.0741417574112,-53.3342384486312));
#1499=CARTESIAN_POINT('Ctrl Pts',(127.704241092828,-55.1266321400571,-72.8707245402411));
#1500=CARTESIAN_POINT('Ctrl Pts',(68.1644487843123,-56.2116875674801,-82.6724395083527));
#1501=CARTESIAN_POINT('Ctrl Pts',(-51.5534351947783,-58.0969328210156,-97.2569704039742));
#1502=CARTESIAN_POINT('Ctrl Pts',(-111.605311007746,-58.8841630180929,-102.012520395825));
#1503=CARTESIAN_POINT('Ctrl Pts',(-186.591817123489,-60.0830152355808,-107.233395124716));
#1504=CARTESIAN_POINT('Ctrl Pts',(-201.584853703142,-60.3305153809463,-108.247846351715));
#1505=CARTESIAN_POINT('Ctrl Pts',(-221.014153227561,-60.6087296088458,-109.523785938185));
#1506=CARTESIAN_POINT('Ctrl Pts',(-225.456659888241,-60.6690718451368,-109.81249278582));
#1507=CARTESIAN_POINT('Ctrl Pts',(-240.438879303573,-60.8542801407766,-110.775760688077));
#1508=CARTESIAN_POINT('Ctrl Pts',(-250.975688214713,-60.954739632262,-111.440088618081));
#1509=CARTESIAN_POINT('Ctrl Pts',(-276.483224955839,-61.0306812442264,-112.995912728729));
#1510=CARTESIAN_POINT('Ctrl Pts',(-291.450594890887,-60.9202145232282,-113.865083363971));
#1511=CARTESIAN_POINT('Ctrl Pts',(-320.444030694325,-60.3011833522208,-115.002266890395));
#1512=CARTESIAN_POINT('Ctrl Pts',(-334.472956513084,-59.8410670969279,-115.275068141373));
#1513=CARTESIAN_POINT('Ctrl Pts',(-349.463446426846,-59.2806143543613,-115.301752255653));
#1514=CARTESIAN_POINT('Ctrl Pts',(-350.415249964261,-59.2445955032655,-115.302328037388));
#1515=CARTESIAN_POINT('Ctrl Pts',(-351.367072665106,-59.2080761650924,-115.301741915805));
#1516=CARTESIAN_POINT('Ctrl Pts',(349.193250265114,-55.5375482020553,1.72955067892189));
#1517=CARTESIAN_POINT('Ctrl Pts',(348.83899301361,-55.7419524298556,1.15631312318977));
#1518=CARTESIAN_POINT('Ctrl Pts',(348.468740389731,-55.9424011227193,0.589137208648393));
#1519=CARTESIAN_POINT('Ctrl Pts',(348.0761743599,-56.1421190467307,0.0194725769734986));
#1520=CARTESIAN_POINT('Ctrl Pts',(348.070036441202,-56.1452386690857,0.0105731817751377));
#1521=CARTESIAN_POINT('Ctrl Pts',(348.062885468764,-56.1488696396835,0.000213715971773676));
#1522=CARTESIAN_POINT('Ctrl Pts',(348.061876380054,-56.1493819315316,-0.00124792700969126));
#1523=CARTESIAN_POINT('Ctrl Pts',(347.680989759777,-56.3427186373425,-0.552877318001031));
#1524=CARTESIAN_POINT('Ctrl Pts',(347.28552293697,-56.5318347817117,-1.09686159130675));
#1525=CARTESIAN_POINT('Ctrl Pts',(346.036626034524,-57.0953586373984,-2.72964185009122));
#1526=CARTESIAN_POINT('Ctrl Pts',(345.133689594349,-57.4584043276191,-3.79798135295558));
#1527=CARTESIAN_POINT('Ctrl Pts',(342.230948820248,-58.5054775049592,-6.91681725017229));
#1528=CARTESIAN_POINT('Ctrl Pts',(340.035522418078,-59.1474509458735,-8.88009564870461));
#1529=CARTESIAN_POINT('Ctrl Pts',(332.743770606244,-60.9288251390389,-14.4144285755363));
#1530=CARTESIAN_POINT('Ctrl Pts',(326.940869129848,-61.9250333005813,-17.6236263086654));
#1531=CARTESIAN_POINT('Ctrl Pts',(307.852350613938,-64.5023480576889,-26.1794318495399));
#1532=CARTESIAN_POINT('Ctrl Pts',(293.092093411217,-65.6783601452268,-30.5545541168867));
#1533=CARTESIAN_POINT('Ctrl Pts',(248.083386653276,-68.4209990311241,-42.4634730706893));
#1534=CARTESIAN_POINT('Ctrl Pts',(217.066699210052,-69.3038194259223,-48.8340451637293));
#1535=CARTESIAN_POINT('Ctrl Pts',(126.144991761039,-71.9366027118854,-66.5379118057261));
#1536=CARTESIAN_POINT('Ctrl Pts',(66.7241129744965,-73.3565106140607,-75.6430849794303));
#1537=CARTESIAN_POINT('Ctrl Pts',(-52.7591673146308,-75.756474541743,-89.593736175803));
#1538=CARTESIAN_POINT('Ctrl Pts',(-112.619523189641,-76.6954382447015,-94.3658184875234));
#1539=CARTESIAN_POINT('Ctrl Pts',(-187.317078617914,-78.347780417623,-100.604417218786));
#1540=CARTESIAN_POINT('Ctrl Pts',(-202.249098530724,-78.7016627872206,-101.87667645498));
#1541=CARTESIAN_POINT('Ctrl Pts',(-221.595234878633,-79.1325514567918,-103.584611982535));
#1542=CARTESIAN_POINT('Ctrl Pts',(-226.01845392258,-79.2286647012965,-103.978900071163));
#1543=CARTESIAN_POINT('Ctrl Pts',(-240.934787947512,-79.5353735618369,-105.320452602752));
#1544=CARTESIAN_POINT('Ctrl Pts',(-251.423829674365,-79.7237942049177,-106.288025086883));
#1545=CARTESIAN_POINT('Ctrl Pts',(-276.813896522443,-79.9766114233509,-108.607007695259));
#1546=CARTESIAN_POINT('Ctrl Pts',(-291.710939088756,-79.9399652176399,-109.961417460599));
#1547=CARTESIAN_POINT('Ctrl Pts',(-320.570804947935,-79.2175067669689,-111.863166391051));
#1548=CARTESIAN_POINT('Ctrl Pts',(-334.535385292212,-78.574104069486,-112.40577999339));
#1549=CARTESIAN_POINT('Ctrl Pts',(-349.459410974053,-77.7591933255319,-112.432085737397));
#1550=CARTESIAN_POINT('Ctrl Pts',(-350.407011383447,-77.7068089318434,-112.431483752467));
#1551=CARTESIAN_POINT('Ctrl Pts',(-351.354652077918,-77.6537199184475,-112.428571053847));
#1552=CARTESIAN_POINT('Ctrl Pts',(348.721428891626,-61.6009961830027,1.61714495693671));
#1553=CARTESIAN_POINT('Ctrl Pts',(348.359155471994,-61.8353019404233,1.08114239288043));
#1554=CARTESIAN_POINT('Ctrl Pts',(347.981839025152,-62.0654958615385,0.550645066976246));
#1555=CARTESIAN_POINT('Ctrl Pts',(347.58310050936,-62.2952327607741,0.0175990357751147));
#1556=CARTESIAN_POINT('Ctrl Pts',(347.576866394322,-62.2988213804471,0.00927164705274649));
#1557=CARTESIAN_POINT('Ctrl Pts',(347.569603712609,-62.3029983356644,-0.000422031302096616));
#1558=CARTESIAN_POINT('Ctrl Pts',(347.568578868802,-62.3035876628231,-0.00178973816053109));
#1559=CARTESIAN_POINT('Ctrl Pts',(347.1817485757,-62.5259981385135,-0.517967861976442));
#1560=CARTESIAN_POINT('Ctrl Pts',(346.78130599877,-62.7439221663462,-1.02720514083716));
#1561=CARTESIAN_POINT('Ctrl Pts',(345.520272078261,-63.3942735621365,-2.55649076060333));
#1562=CARTESIAN_POINT('Ctrl Pts',(344.61328131879,-63.8146301071327,-3.55822656314078));
#1563=CARTESIAN_POINT('Ctrl Pts',(341.710959801737,-65.0300134366491,-6.48707747626818));
#1564=CARTESIAN_POINT('Ctrl Pts',(339.533099646613,-65.7793161877179,-8.33710406005056));
#1565=CARTESIAN_POINT('Ctrl Pts',(332.334054715753,-67.8629000610688,-13.5739462556312));
#1566=CARTESIAN_POINT('Ctrl Pts',(326.644298013352,-69.0331862353976,-16.642206395719));
#1567=CARTESIAN_POINT('Ctrl Pts',(307.838861780342,-72.04252869505,-24.853916314196));
#1568=CARTESIAN_POINT('Ctrl Pts',(293.145507917806,-73.3877699906488,-29.0719263601831));
#1569=CARTESIAN_POINT('Ctrl Pts',(248.00055389794,-76.4770855290777,-40.4240036392506));
#1570=CARTESIAN_POINT('Ctrl Pts',(216.685508330362,-77.4197850691009,-46.406703648636));
#1571=CARTESIAN_POINT('Ctrl Pts',(125.372326297299,-80.2988872459046,-63.1763494136824));
#1572=CARTESIAN_POINT('Ctrl Pts',(66.0133909556927,-81.8604695861149,-71.9047332505107));
#1573=CARTESIAN_POINT('Ctrl Pts',(-53.3477912323996,-84.4525275482847,-85.474801817279));
#1574=CARTESIAN_POINT('Ctrl Pts',(-113.11429332075,-85.4218977231045,-90.2130182584648));
#1575=CARTESIAN_POINT('Ctrl Pts',(-187.671816401418,-87.264708058085,-96.8852752440731));
#1576=CARTESIAN_POINT('Ctrl Pts',(-202.574353112072,-87.6664282572485,-98.2715511101824));
#1577=CARTESIAN_POINT('Ctrl Pts',(-221.880380673227,-88.1755525804248,-100.17666704887));
#1578=CARTESIAN_POINT('Ctrl Pts',(-226.294302376399,-88.2906108798894,-100.619341571507));
#1579=CARTESIAN_POINT('Ctrl Pts',(-241.178885118889,-88.6643714711591,-102.135100026225));
#1580=CARTESIAN_POINT('Ctrl Pts',(-251.644923199904,-88.905904434687,-103.244015383669));
#1581=CARTESIAN_POINT('Ctrl Pts',(-276.97825415903,-89.2852115124012,-105.93975731164));
#1582=CARTESIAN_POINT('Ctrl Pts',(-291.841221108591,-89.3245852865673,-107.552081562533));
#1583=CARTESIAN_POINT('Ctrl Pts',(-320.634777176527,-88.6185666751795,-109.900180450914));
#1584=CARTESIAN_POINT('Ctrl Pts',(-334.566557738941,-87.9017841402822,-110.613018343076));
#1585=CARTESIAN_POINT('Ctrl Pts',(-349.457159820506,-86.9554830277391,-110.639149191023));
#1586=CARTESIAN_POINT('Ctrl Pts',(-350.402647915883,-86.8945842147762,-110.637881826357));
#1587=CARTESIAN_POINT('Ctrl Pts',(-351.348187356893,-86.8328040284057,-110.633643294035));
#1588=CARTESIAN_POINT('Ctrl Pts',(347.772237557088,-73.7246493770231,1.39709956198034));
#1589=CARTESIAN_POINT('Ctrl Pts',(347.397236704406,-74.0198854604751,0.933380415320043));
#1590=CARTESIAN_POINT('Ctrl Pts',(347.00850632636,-74.3105931801062,0.474274805681542));
#1591=CARTESIAN_POINT('Ctrl Pts',(346.599575537841,-74.6013034395334,0.0127153013251519));
#1592=CARTESIAN_POINT('Ctrl Pts',(346.593182515842,-74.6058446437745,0.00550463238102709));
#1593=CARTESIAN_POINT('Ctrl Pts',(346.585735227256,-74.6111305248692,-0.00288917658879377));
#1594=CARTESIAN_POINT('Ctrl Pts',(346.584684345409,-74.6118763144672,-0.0040734831035562));
#1595=CARTESIAN_POINT('Ctrl Pts',(346.188030445595,-74.8933367787365,-0.451036207706787));
#1596=CARTESIAN_POINT('Ctrl Pts',(345.779121603265,-75.1696778576572,-0.892228523338981));
#1597=CARTESIAN_POINT('Ctrl Pts',(344.496519208546,-75.9958226149162,-2.21814047344063));
#1598=CARTESIAN_POINT('Ctrl Pts',(343.580764474809,-76.5318299223491,-3.08801842482602));
#1599=CARTESIAN_POINT('Ctrl Pts',(340.668993835577,-78.0857617375504,-5.63698816057131));
#1600=CARTESIAN_POINT('Ctrl Pts',(338.507705692953,-79.0494398541855,-7.25504681480296));
#1601=CARTESIAN_POINT('Ctrl Pts',(331.407696981216,-81.733117778492,-11.8629447151385));
#1602=CARTESIAN_POINT('Ctrl Pts',(325.847348576399,-83.2443645666105,-14.6026602753851));
#1603=CARTESIAN_POINT('Ctrl Pts',(307.375263065619,-87.0927871696941,-21.986579045122));
#1604=CARTESIAN_POINT('Ctrl Pts',(292.775719374315,-88.7546345136782,-25.825319567317));
#1605=CARTESIAN_POINT('Ctrl Pts',(247.456041213085,-92.4846557718966,-36.0069044268468));
#1606=CARTESIAN_POINT('Ctrl Pts',(215.726878534839,-93.5353148514202,-41.2522039515358));
#1607=CARTESIAN_POINT('Ctrl Pts',(123.877260497709,-96.8629067113258,-56.1378461802858));
#1608=CARTESIAN_POINT('Ctrl Pts',(64.6317363490391,-98.6494065923521,-64.0486903766415));
#1609=CARTESIAN_POINT('Ctrl Pts',(-54.4811199334423,-101.463904427508,-76.7010830987076));
#1610=CARTESIAN_POINT('Ctrl Pts',(-114.067722046289,-102.385672977568,-81.2838733501611));
#1611=CARTESIAN_POINT('Ctrl Pts',(-188.359155340537,-104.416205176239,-88.5336991460302));
#1612=CARTESIAN_POINT('Ctrl Pts',(-203.205868696211,-104.872840184562,-90.0797942180592));
#1613=CARTESIAN_POINT('Ctrl Pts',(-222.435942714095,-105.495652186098,-92.2716793133664));
#1614=CARTESIAN_POINT('Ctrl Pts',(-226.832254649295,-105.639587096026,-92.7852968790744));
#1615=CARTESIAN_POINT('Ctrl Pts',(-241.65663991925,-106.121407668745,-94.5590034250323));
#1616=CARTESIAN_POINT('Ctrl Pts',(-252.078979702833,-106.457811810338,-95.8807123479849));
#1617=CARTESIAN_POINT('Ctrl Pts',(-277.303609403798,-107.104485128603,-99.1638902260127));
#1618=CARTESIAN_POINT('Ctrl Pts',(-292.100332835274,-107.346181315343,-101.194511082663));
#1619=CARTESIAN_POINT('Ctrl Pts',(-320.762672221787,-106.869062566975,-104.360834533778));
#1620=CARTESIAN_POINT('Ctrl Pts',(-334.629140098186,-106.149997372106,-105.482227598762));
#1621=CARTESIAN_POINT('Ctrl Pts',(-349.452928166306,-104.938231314933,-105.510805252164));
#1622=CARTESIAN_POINT('Ctrl Pts',(-350.394189937646,-104.859493959351,-105.507898458263));
#1623=CARTESIAN_POINT('Ctrl Pts',(-351.335521427278,-104.778896189576,-105.5002599081));
#1624=CARTESIAN_POINT('Ctrl Pts',(347.28416426382,-79.7848739315845,1.29392203015659));
#1625=CARTESIAN_POINT('Ctrl Pts',(346.904658525405,-80.1111313908896,0.865129190884117));
#1626=CARTESIAN_POINT('Ctrl Pts',(346.511767064225,-80.4325983471183,0.440611289326483));
#1627=CARTESIAN_POINT('Ctrl Pts',(346.098973249291,-80.7542530204809,0.0138008857088425));
#1628=CARTESIAN_POINT('Ctrl Pts',(346.092519957553,-80.7592776560434,0.00713307546620864));
#1629=CARTESIAN_POINT('Ctrl Pts',(346.085002603299,-80.7651262967479,-0.00062880839795041));
#1630=CARTESIAN_POINT('Ctrl Pts',(346.083941837882,-80.7659514878419,-0.00172395495568047));
#1631=CARTESIAN_POINT('Ctrl Pts',(345.683558636252,-81.0773784955153,-0.415037360443157));
#1632=CARTESIAN_POINT('Ctrl Pts',(345.271275796879,-81.383318670963,-0.823037818973597));
#1633=CARTESIAN_POINT('Ctrl Pts',(343.979481586828,-82.2984023365474,-2.04934651116404));
#1634=CARTESIAN_POINT('Ctrl Pts',(343.05901423666,-82.8927369080303,-2.85408767940396));
#1635=CARTESIAN_POINT('Ctrl Pts',(340.137170565048,-84.6169238665186,-5.2133002138365));
#1636=CARTESIAN_POINT('Ctrl Pts',(337.974590535373,-85.687744630977,-6.71245467012186));
#1637=CARTESIAN_POINT('Ctrl Pts',(330.882195487217,-88.6698158117086,-10.9884727855089));
#1638=CARTESIAN_POINT('Ctrl Pts',(325.342329786351,-90.3484771411588,-13.5409308113914));
#1639=CARTESIAN_POINT('Ctrl Pts',(306.931951171009,-94.6044636612855,-20.4448096167153));
#1640=CARTESIAN_POINT('Ctrl Pts',(292.358972274874,-96.4128000309733,-24.0635597836734));
#1641=CARTESIAN_POINT('Ctrl Pts',(246.993812067324,-100.435156113424,-33.6307332301482));
#1642=CARTESIAN_POINT('Ctrl Pts',(215.148139627548,-101.534083973775,-38.5251496184868));
#1643=CARTESIAN_POINT('Ctrl Pts',(123.154568245783,-105.064416654587,-52.4608174421868));
#1644=CARTESIAN_POINT('Ctrl Pts',(63.9608207483276,-106.934236541607,-59.9311290874239));
#1645=CARTESIAN_POINT('Ctrl Pts',(-55.0257772080981,-109.778942859096,-72.0463386298606));
#1646=CARTESIAN_POINT('Ctrl Pts',(-114.526362302314,-110.622800909844,-76.5079589492905));
#1647=CARTESIAN_POINT('Ctrl Pts',(-188.691741482893,-112.648994655807,-83.8997852221865));
#1648=CARTESIAN_POINT('Ctrl Pts',(-203.512113619629,-113.112268799895,-85.4911498756131));
#1649=CARTESIAN_POINT('Ctrl Pts',(-222.7063346129,-113.769709822186,-87.7716055402723));
#1650=CARTESIAN_POINT('Ctrl Pts',(-227.094331837235,-113.923371156316,-88.3074993437263));
#1651=CARTESIAN_POINT('Ctrl Pts',(-241.890262106756,-114.445458922094,-90.1636649951931));
#1652=CARTESIAN_POINT('Ctrl Pts',(-252.291897619648,-114.822973529475,-91.555474070755));
#1653=CARTESIAN_POINT('Ctrl Pts',(-277.464546396753,-115.609405941195,-95.0444153401615));
#1654=CARTESIAN_POINT('Ctrl Pts',(-292.229120363872,-115.97656499811,-97.2298900598736));
#1655=CARTESIAN_POINT('Ctrl Pts',(-320.826601948982,-115.722237687419,-100.7570831991));
#1656=CARTESIAN_POINT('Ctrl Pts',(-334.660398871261,-115.088726602808,-102.108930863556));
#1657=CARTESIAN_POINT('Ctrl Pts',(-349.450795789673,-113.742885558075,-102.140080901024));
#1658=CARTESIAN_POINT('Ctrl Pts',(-350.389944904921,-113.65477613643,-102.136301423762));
#1659=CARTESIAN_POINT('Ctrl Pts',(-351.329172321945,-113.56395313147,-102.126777042759));
#1660=CARTESIAN_POINT('Ctrl Pts',(346.3126956635,-91.9001823028037,1.08605922888256));
#1661=CARTESIAN_POINT('Ctrl Pts',(345.927130894321,-92.2903981520805,0.725917171808645));
#1662=CARTESIAN_POINT('Ctrl Pts',(345.52826026134,-92.67513517698,0.369545104014424));
#1663=CARTESIAN_POINT('Ctrl Pts',(345.109474311914,-93.0602736182182,0.0113741100376266));
#1664=CARTESIAN_POINT('Ctrl Pts',(345.102927413447,-93.0662899917381,0.00577864481768117));
#1665=CARTESIAN_POINT('Ctrl Pts',(345.09530109891,-93.0732930600897,-0.000734904094659818));
#1666=CARTESIAN_POINT('Ctrl Pts',(345.094224960102,-93.0742811318373,-0.0016539186339804));
#1667=CARTESIAN_POINT('Ctrl Pts',(344.688039820218,-93.4471797264153,-0.348493961904313));
#1668=CARTESIAN_POINT('Ctrl Pts',(344.270048166596,-93.8136773000071,-0.690756210386051));
#1669=CARTESIAN_POINT('Ctrl Pts',(342.961158132388,-94.9101969211488,-1.71926923730694));
#1670=CARTESIAN_POINT('Ctrl Pts',(342.029558364693,-95.622788624299,-2.39392669047272));
#1671=CARTESIAN_POINT('Ctrl Pts',(339.07545385957,-97.6897725448649,-4.37207472662499));
#1672=CARTESIAN_POINT('Ctrl Pts',(336.89292737157,-98.9729920319834,-5.62958868976548));
#1673=CARTESIAN_POINT('Ctrl Pts',(329.745617539783,-102.536690395467,-9.22402119585686));
#1674=CARTESIAN_POINT('Ctrl Pts',(324.175579632384,-104.527117834467,-11.3813092195173));
#1675=CARTESIAN_POINT('Ctrl Pts',(305.687565979718,-109.517720314826,-17.25511855213));
#1676=CARTESIAN_POINT('Ctrl Pts',(291.079186584894,-111.55998915581,-20.3842338947313));
#1677=CARTESIAN_POINT('Ctrl Pts',(245.63314488751,-116.080590595172,-28.6481786318248));
#1678=CARTESIAN_POINT('Ctrl Pts',(213.768849650248,-117.301002119511,-32.855744523317));
#1679=CARTESIAN_POINT('Ctrl Pts',(121.78156950992,-121.230045802379,-44.865058082914));
#1680=CARTESIAN_POINT('Ctrl Pts',(62.6765264977037,-123.200963729596,-51.3912475715024));
#1681=CARTESIAN_POINT('Ctrl Pts',(-56.0578838766405,-125.921059453722,-62.2573170716641));
#1682=CARTESIAN_POINT('Ctrl Pts',(-115.39678953097,-126.497847712154,-66.3881434454051));
#1683=CARTESIAN_POINT('Ctrl Pts',(-189.326865107027,-128.2028378509,-73.6931308840099));
#1684=CARTESIAN_POINT('Ctrl Pts',(-204.098277268069,-128.607149931233,-75.2851400951499));
#1685=CARTESIAN_POINT('Ctrl Pts',(-223.225856183882,-129.228259928983,-77.593544935141));
#1686=CARTESIAN_POINT('Ctrl Pts',(-227.598395448589,-129.376464496951,-78.1376570210109));
#1687=CARTESIAN_POINT('Ctrl Pts',(-242.341368124522,-129.89309850927,-80.0278449306295));
#1688=CARTESIAN_POINT('Ctrl Pts',(-252.704386827792,-130.288585555069,-81.4539001955524));
#1689=CARTESIAN_POINT('Ctrl Pts',(-277.779181506818,-131.204654288358,-85.0545445091779));
#1690=CARTESIAN_POINT('Ctrl Pts',(-292.482394559812,-131.73554163195,-87.3303043936129));
#1691=CARTESIAN_POINT('Ctrl Pts',(-320.953504714461,-131.87262387822,-91.1065912003912));
#1692=CARTESIAN_POINT('Ctrl Pts',(-334.722576049372,-131.497530107133,-92.6599379086359));
#1693=CARTESIAN_POINT('Ctrl Pts',(-349.446578823264,-129.885563204003,-92.698559762428));
#1694=CARTESIAN_POINT('Ctrl Pts',(-350.38152622764,-129.778263891234,-92.6942533447279));
#1695=CARTESIAN_POINT('Ctrl Pts',(-351.316568233654,-129.666013875958,-92.6832428598928));
#1696=CARTESIAN_POINT('Ctrl Pts',(345.822606371784,-97.9544561547614,0.983578120306215));
#1697=CARTESIAN_POINT('Ctrl Pts',(345.435358406421,-98.3775521105328,0.657170194217883));
#1698=CARTESIAN_POINT('Ctrl Pts',(345.034598527498,-98.79475232857,0.334348867232686));
#1699=CARTESIAN_POINT('Ctrl Pts',(344.613676200817,-99.2123938937134,0.0100429429137341));
#1700=CARTESIAN_POINT('Ctrl Pts',(344.607095867661,-99.2189180107479,0.00497656532828362));
#1701=CARTESIAN_POINT('Ctrl Pts',(344.599430563259,-99.2265120949921,-0.000921042956608171));
#1702=CARTESIAN_POINT('Ctrl Pts',(344.598348921603,-99.2275835539572,-0.00175315175445833));
#1703=CARTESIAN_POINT('Ctrl Pts',(344.190086396796,-99.6319525248674,-0.315794226800206));
#1704=CARTESIAN_POINT('Ctrl Pts',(343.769816822191,-100.029385396274,-0.625551912022588));
#1705=CARTESIAN_POINT('Ctrl Pts',(342.45336679321,-101.218369619445,-1.55604177865308));
#1706=CARTESIAN_POINT('Ctrl Pts',(341.515816265359,-101.990921694878,-2.16592457474502));
#1707=CARTESIAN_POINT('Ctrl Pts',(338.541218688196,-104.230658807393,-3.95330650563713));
#1708=CARTESIAN_POINT('Ctrl Pts',(336.341425612021,-105.619425002903,-5.08843178903113));
#1709=CARTESIAN_POINT('Ctrl Pts',(329.134217957733,-109.467255539522,-8.3335365648963));
#1710=CARTESIAN_POINT('Ctrl Pts',(323.513539554173,-111.602649615207,-10.2824347465117));
#1711=CARTESIAN_POINT('Ctrl Pts',(304.886296040426,-116.920965070605,-15.6058622800038));
#1712=CARTESIAN_POINT('Ctrl Pts',(290.216076658212,-119.049478029512,-18.4664629173212));
#1713=CARTESIAN_POINT('Ctrl Pts',(244.734830764524,-123.774134530577,-26.0431429588418));
#1714=CARTESIAN_POINT('Ctrl Pts',(212.96835635922,-125.068566236319,-29.9139672354776));
#1715=CARTESIAN_POINT('Ctrl Pts',(121.131304009065,-129.194192130057,-40.9463416258355));
#1716=CARTESIAN_POINT('Ctrl Pts',(62.0631785963811,-131.182730609362,-46.9690500513187));
#1717=CARTESIAN_POINT('Ctrl Pts',(-56.5453097155383,-133.747889969954,-57.1231229874436));
#1718=CARTESIAN_POINT('Ctrl Pts',(-115.808551676551,-134.135933950206,-61.0444109796939));
#1719=CARTESIAN_POINT('Ctrl Pts',(-189.629379339775,-135.522259115812,-68.1201401587743));
#1720=CARTESIAN_POINT('Ctrl Pts',(-204.378173553164,-135.860450706527,-69.6674491710524));
#1721=CARTESIAN_POINT('Ctrl Pts',(-223.474970139253,-136.409163190361,-71.9148879085158));
#1722=CARTESIAN_POINT('Ctrl Pts',(-227.840368098933,-136.541800476132,-72.4448418745098));
#1723=CARTESIAN_POINT('Ctrl Pts',(-242.55884642587,-137.011146140756,-74.286133387519));
#1724=CARTESIAN_POINT('Ctrl Pts',(-252.903961766154,-137.381997305578,-75.6758703043218));
#1725=CARTESIAN_POINT('Ctrl Pts',(-277.932907020577,-138.281524403515,-79.1797367207861));
#1726=CARTESIAN_POINT('Ctrl Pts',(-292.606919686423,-138.844733496383,-81.3891418584089));
#1727=CARTESIAN_POINT('Ctrl Pts',(-321.016491918465,-139.122487013312,-85.0298414853287));
#1728=CARTESIAN_POINT('Ctrl Pts',(-334.753488567766,-138.8929555136,-86.5101937020619));
#1729=CARTESIAN_POINT('Ctrl Pts',(-349.444487986138,-137.14895638801,-86.5537067171073));
#1730=CARTESIAN_POINT('Ctrl Pts',(-350.377346256634,-137.031968298092,-86.5500536538682));
#1731=CARTESIAN_POINT('Ctrl Pts',(-351.310306783388,-136.908768653139,-86.5400316313269));
#1732=CARTESIAN_POINT('Ctrl Pts',(344.834001265991,-110.054571729769,0.78129823950781));
#1733=CARTESIAN_POINT('Ctrl Pts',(344.447630228622,-110.547361334657,0.52161653474219));
#1734=CARTESIAN_POINT('Ctrl Pts',(344.046645932179,-111.033134806369,0.265245944485653));
#1735=CARTESIAN_POINT('Ctrl Pts',(343.624309729129,-111.519129936451,0.00809611425420268));
#1736=CARTESIAN_POINT('Ctrl Pts',(343.617707010669,-111.526721753909,0.00407896404603787));
#1737=CARTESIAN_POINT('Ctrl Pts',(343.610015301622,-111.535558557543,-0.000597155713684436));
#1738=CARTESIAN_POINT('Ctrl Pts',(343.608929926424,-111.53680535137,-0.00125691884269095));
#1739=CARTESIAN_POINT('Ctrl Pts',(343.199255318071,-112.007345005428,-0.250253052361113));
#1740=CARTESIAN_POINT('Ctrl Pts',(342.776451819461,-112.469529699133,-0.495470739291973));
#1741=CARTESIAN_POINT('Ctrl Pts',(341.448783400169,-113.85101144107,-1.23110745088666));
#1742=CARTESIAN_POINT('Ctrl Pts',(340.4988618213,-114.746927179048,-1.71192446138359));
#1743=CARTESIAN_POINT('Ctrl Pts',(337.472904181047,-117.336869342494,-3.11843785278165));
#1744=CARTESIAN_POINT('Ctrl Pts',(335.219497797734,-118.932155354046,-4.00819159562993));
#1745=CARTESIAN_POINT('Ctrl Pts',(327.81218464454,-123.313739265927,-6.55079801030955));
#1746=CARTESIAN_POINT('Ctrl Pts',(322.008181650322,-125.688354251194,-8.0776780848866));
#1747=CARTESIAN_POINT('Ctrl Pts',(302.907295486835,-131.508341682223,-12.2805176545001));
#1748=CARTESIAN_POINT('Ctrl Pts',(288.074762844373,-133.729981859105,-14.5848781366242));
#1749=CARTESIAN_POINT('Ctrl Pts',(242.607013516773,-138.788542165198,-20.7378140946678));
#1750=CARTESIAN_POINT('Ctrl Pts',(211.21371599189,-140.286388595385,-23.9192446189694));
#1751=CARTESIAN_POINT('Ctrl Pts',(119.917379307328,-144.81082897254,-32.9416538198338));
#1752=CARTESIAN_POINT('Ctrl Pts',(60.9079448046247,-146.762021277814,-37.8970382807477));
#1753=CARTESIAN_POINT('Ctrl Pts',(-57.453033322066,-148.821095917597,-46.4472895976497));
#1754=CARTESIAN_POINT('Ctrl Pts',(-116.575847072985,-148.724262566313,-49.8541579990768));
#1755=CARTESIAN_POINT('Ctrl Pts',(-190.195474374612,-149.098880335226,-56.1209659598967));
#1756=CARTESIAN_POINT('Ctrl Pts',(-204.902833778017,-149.215481399106,-57.4949521222309));
#1757=CARTESIAN_POINT('Ctrl Pts',(-223.943472618742,-149.471200594518,-59.4847861854539));
#1758=CARTESIAN_POINT('Ctrl Pts',(-228.295856088541,-149.53658844383,-59.9535772651815));
#1759=CARTESIAN_POINT('Ctrl Pts',(-242.969719899717,-149.780880357424,-61.5795591700768));
#1760=CARTESIAN_POINT('Ctrl Pts',(-253.282284058751,-149.996225004953,-62.8027681862727));
#1761=CARTESIAN_POINT('Ctrl Pts',(-278.22746239695,-150.558399370024,-65.8528367779971));
#1762=CARTESIAN_POINT('Ctrl Pts',(-292.847840377529,-150.966184650003,-67.7465162182562));
#1763=CARTESIAN_POINT('Ctrl Pts',(-321.140598920704,-151.00532823019,-70.7107598278565));
#1764=CARTESIAN_POINT('Ctrl Pts',(-334.814648840133,-150.685477443725,-71.7744641753706));
#1765=CARTESIAN_POINT('Ctrl Pts',(-349.440336365418,-148.683049002787,-71.8274659138721));
#1766=CARTESIAN_POINT('Ctrl Pts',(-350.369059562971,-148.549007952182,-71.8264494453473));
#1767=CARTESIAN_POINT('Ctrl Pts',(-351.297900243108,-148.408124198485,-71.8210333524378));
#1768=CARTESIAN_POINT('Ctrl Pts',(344.335323244938,-116.099357448779,0.680918763097546));
#1769=CARTESIAN_POINT('Ctrl Pts',(343.951291856263,-116.628797472813,0.454213493937385));
#1770=CARTESIAN_POINT('Ctrl Pts',(343.551767442586,-117.150518552518,0.230730665323829));
#1771=CARTESIAN_POINT('Ctrl Pts',(343.129974557917,-117.6722127197,0.0068648829891424));
#1772=CARTESIAN_POINT('Ctrl Pts',(343.12338009625,-117.680362131751,0.00336776484017428));
#1773=CARTESIAN_POINT('Ctrl Pts',(343.115697729496,-117.68984789247,-0.000702930823080145));
#1774=CARTESIAN_POINT('Ctrl Pts',(343.114613666232,-117.691186246533,-0.00127727141698465));
#1775=CARTESIAN_POINT('Ctrl Pts',(342.705431813833,-118.196280025114,-0.21803399698107));
#1776=CARTESIAN_POINT('Ctrl Pts',(342.282228071568,-118.692148703128,-0.431217589810627));
#1777=CARTESIAN_POINT('Ctrl Pts',(340.950577943735,-120.173333813031,-1.07000969334558));
#1778=CARTESIAN_POINT('Ctrl Pts',(339.994184914719,-121.132537047583,-1.48649961043332));
#1779=CARTESIAN_POINT('Ctrl Pts',(336.937738811921,-123.900037837136,-2.70273027780348));
#1780=CARTESIAN_POINT('Ctrl Pts',(334.648971624824,-125.597021291408,-3.46928334790127));
#1781=CARTESIAN_POINT('Ctrl Pts',(327.103523097227,-130.230896925913,-5.65801024635439));
#1782=CARTESIAN_POINT('Ctrl Pts',(321.165700959981,-132.701298629722,-6.97080520463871));
#1783=CARTESIAN_POINT('Ctrl Pts',(301.723721608528,-138.693871690708,-10.6031903389578));
#1784=CARTESIAN_POINT('Ctrl Pts',(286.79035784777,-140.918875739121,-12.6207441563017));
#1785=CARTESIAN_POINT('Ctrl Pts',(241.378178498281,-146.107516788665,-18.0385952391374));
#1786=CARTESIAN_POINT('Ctrl Pts',(210.260994569352,-147.736665839532,-20.8670431898309));
#1787=CARTESIAN_POINT('Ctrl Pts',(119.354090533514,-152.463543934139,-28.8558665077314));
#1788=CARTESIAN_POINT('Ctrl Pts',(60.366105390857,-154.359427990076,-33.2473600888077));
#1789=CARTESIAN_POINT('Ctrl Pts',(-57.8733310207833,-156.067269840047,-40.9057995746176));
#1790=CARTESIAN_POINT('Ctrl Pts',(-116.931353763704,-155.674537328605,-44.0075562558049));
#1791=CARTESIAN_POINT('Ctrl Pts',(-190.459020298229,-155.355528927094,-49.6959773282958));
#1792=CARTESIAN_POINT('Ctrl Pts',(-205.14756203614,-155.316467427214,-50.9416830130288));
#1793=CARTESIAN_POINT('Ctrl Pts',(-224.162836085726,-155.350956965599,-52.735843116619));
#1794=CARTESIAN_POINT('Ctrl Pts',(-228.50934965747,-155.364490380495,-53.1578891914598));
#1795=CARTESIAN_POINT('Ctrl Pts',(-243.163108443918,-155.430317315733,-54.6185542700775));
#1796=CARTESIAN_POINT('Ctrl Pts',(-253.461043201633,-155.514089356582,-55.7126169355604));
#1797=CARTESIAN_POINT('Ctrl Pts',(-278.368367104129,-155.753149665268,-58.4111340973915));
#1798=CARTESIAN_POINT('Ctrl Pts',(-292.964369168702,-155.971301244503,-60.0598869186937));
#1799=CARTESIAN_POINT('Ctrl Pts',(-321.201795622762,-155.627694472946,-62.5174474807775));
#1800=CARTESIAN_POINT('Ctrl Pts',(-334.844957668448,-155.071171218148,-63.2934165844951));
#1801=CARTESIAN_POINT('Ctrl Pts',(-349.438333309877,-152.942440483243,-63.3510615839363));
#1802=CARTESIAN_POINT('Ctrl Pts',(-350.365009700333,-152.801045752478,-63.3516710867707));
#1803=CARTESIAN_POINT('Ctrl Pts',(-351.291810401847,-152.65344078764,-63.3491803344608));
#1804=CARTESIAN_POINT('Ctrl Pts',(343.301378969611,-128.158013092956,0.483123661891474));
#1805=CARTESIAN_POINT('Ctrl Pts',(342.932631942127,-128.770205943909,0.32163495646198));
#1806=CARTESIAN_POINT('Ctrl Pts',(342.545312983329,-129.372861567759,0.163280385389377));
#1807=CARTESIAN_POINT('Ctrl Pts',(342.132436055154,-129.974422091996,0.00537744135042416));
#1808=CARTESIAN_POINT('Ctrl Pts',(342.125980044158,-129.983818833561,0.00291094321277961));
#1809=CARTESIAN_POINT('Ctrl Pts',(342.118457868163,-129.994756149255,4.01151614205081E-5));
#1810=CARTESIAN_POINT('Ctrl Pts',(342.117396383999,-129.996299297192,-0.000364929392848323));
#1811=CARTESIAN_POINT('Ctrl Pts',(341.71672744362,-130.578679383736,-0.153227314999482));
#1812=CARTESIAN_POINT('Ctrl Pts',(341.29870475061,-131.149388526534,-0.302876876477692));
#1813=CARTESIAN_POINT('Ctrl Pts',(339.972139996873,-132.849877341096,-0.749551604517059));
#1814=CARTESIAN_POINT('Ctrl Pts',(339.00442231403,-133.945088973561,-1.03837824749248));
#1815=CARTESIAN_POINT('Ctrl Pts',(335.870598543607,-137.080586596396,-1.87744498247471));
#1816=CARTESIAN_POINT('Ctrl Pts',(333.470934640846,-138.967882383972,-2.40054387653396));
#1817=CARTESIAN_POINT('Ctrl Pts',(325.50097270617,-144.017800713292,-3.89383741008922));
#1818=CARTESIAN_POINT('Ctrl Pts',(319.182514170222,-146.564352157814,-4.79121318512828));
#1819=CARTESIAN_POINT('Ctrl Pts',(298.939399869052,-152.658188497578,-7.31155032274352));
#1820=CARTESIAN_POINT('Ctrl Pts',(283.932072678783,-154.870421194416,-8.75635414200739));
#1821=CARTESIAN_POINT('Ctrl Pts',(238.857177606821,-160.342389293942,-12.6720079781087));
#1822=CARTESIAN_POINT('Ctrl Pts',(208.342160967393,-162.27117518521,-14.7545122869982));
#1823=CARTESIAN_POINT('Ctrl Pts',(118.312937539721,-167.381091241279,-20.5892125531449));
#1824=CARTESIAN_POINT('Ctrl Pts',(59.3627948810206,-169.095003284909,-23.7962820309308));
#1825=CARTESIAN_POINT('Ctrl Pts',(-58.6405846241194,-169.90815382292,-29.4998120443852));
#1826=CARTESIAN_POINT('Ctrl Pts',(-117.578928037632,-168.81501250249,-31.8853785536852));
#1827=CARTESIAN_POINT('Ctrl Pts',(-190.938174037795,-166.771181787815,-36.1753382392418));
#1828=CARTESIAN_POINT('Ctrl Pts',(-205.592438591161,-166.340957841453,-37.1099458061607));
#1829=CARTESIAN_POINT('Ctrl Pts',(-224.561959414133,-165.799035724631,-38.4369401667641));
#1830=CARTESIAN_POINT('Ctrl Pts',(-228.897915027718,-165.676119851371,-38.7478676990461));
#1831=CARTESIAN_POINT('Ctrl Pts',(-243.515633183077,-165.266242315406,-39.8184075850249));
#1832=CARTESIAN_POINT('Ctrl Pts',(-253.787551195865,-164.988900915519,-40.6115673176158));
#1833=CARTESIAN_POINT('Ctrl Pts',(-278.628143838757,-164.303618335557,-42.5244835311624));
#1834=CARTESIAN_POINT('Ctrl Pts',(-293.182071971641,-163.933510298251,-43.6509641594806));
#1835=CARTESIAN_POINT('Ctrl Pts',(-321.320392738333,-162.480061559416,-45.1935317126548));
#1836=CARTESIAN_POINT('Ctrl Pts',(-334.904482717267,-161.363304304479,-45.5825309273211));
#1837=CARTESIAN_POINT('Ctrl Pts',(-349.434223917387,-158.988703984832,-45.6438773404493));
#1838=CARTESIAN_POINT('Ctrl Pts',(-350.356871091761,-158.833234548807,-45.6463704748276));
#1839=CARTESIAN_POINT('Ctrl Pts',(-351.279660540501,-158.673057881874,-45.6473947025567));
#1840=CARTESIAN_POINT('Ctrl Pts',(342.789428298082,-134.182326684996,0.384076629070083));
#1841=CARTESIAN_POINT('Ctrl Pts',(342.432321921915,-134.840266575333,0.254789519981962));
#1842=CARTESIAN_POINT('Ctrl Pts',(342.054042613148,-135.487157489878,0.12864032540823));
#1843=CARTESIAN_POINT('Ctrl Pts',(341.647728314001,-136.131914413178,0.00341372117196277));
#1844=CARTESIAN_POINT('Ctrl Pts',(341.641374198124,-136.141985670057,0.0014577806098088));
#1845=CARTESIAN_POINT('Ctrl Pts',(341.633969904429,-136.153707807988,-0.000818629828518689));
#1846=CARTESIAN_POINT('Ctrl Pts',(341.632925035579,-136.155361680184,-0.00113980431103346));
#1847=CARTESIAN_POINT('Ctrl Pts',(341.238520414287,-136.779526385547,-0.122348472828892));
#1848=CARTESIAN_POINT('Ctrl Pts',(340.824271898829,-137.390261465409,-0.240466831321524));
#1849=CARTESIAN_POINT('Ctrl Pts',(339.502104280514,-139.207135956752,-0.591640970605518));
#1850=CARTESIAN_POINT('Ctrl Pts',(338.527829494572,-140.373394402347,-0.816788555946538));
#1851=CARTESIAN_POINT('Ctrl Pts',(335.347351663912,-143.699401218146,-1.467634904181));
#1852=CARTESIAN_POINT('Ctrl Pts',(332.8771746208,-145.68228262981,-1.86927824551838));
#1853=CARTESIAN_POINT('Ctrl Pts',(324.613065051555,-150.907463577135,-3.01936702000897));
#1854=CARTESIAN_POINT('Ctrl Pts',(318.022791231839,-153.422226601206,-3.71689409466741));
#1855=CARTESIAN_POINT('Ctrl Pts',(297.307740047976,-159.42155042357,-5.6988662895152));
#1856=CARTESIAN_POINT('Ctrl Pts',(282.353468778089,-161.627243027426,-6.85770393269275));
#1857=CARTESIAN_POINT('Ctrl Pts',(237.575009553485,-167.262203991328,-10.0057517827787));
#1858=CARTESIAN_POINT('Ctrl Pts',(207.378915426514,-169.35656968203,-11.6949700231042));
#1859=CARTESIAN_POINT('Ctrl Pts',(117.834792196339,-174.645740569004,-16.4085612970318));
#1860=CARTESIAN_POINT('Ctrl Pts',(58.9013465420508,-176.233038507488,-18.9950569288298));
#1861=CARTESIAN_POINT('Ctrl Pts',(-58.9875475016677,-176.502686398709,-23.6355358954916));
#1862=CARTESIAN_POINT('Ctrl Pts',(-117.870976993215,-175.004723640271,-25.6096779031697));
#1863=CARTESIAN_POINT('Ctrl Pts',(-191.153730600681,-171.930992155257,-29.0816501116669));
#1864=CARTESIAN_POINT('Ctrl Pts',(-205.792527406186,-171.265640677386,-29.8340160942962));
#1865=CARTESIAN_POINT('Ctrl Pts',(-224.741652234597,-170.369395377186,-30.8907371428201));
#1866=CARTESIAN_POINT('Ctrl Pts',(-229.072918310393,-170.162107548068,-31.137603270363));
#1867=CARTESIAN_POINT('Ctrl Pts',(-243.67469874983,-169.455867992016,-31.9845379859371));
#1868=CARTESIAN_POINT('Ctrl Pts',(-253.935229728996,-168.949756348412,-32.6070348651552));
#1869=CARTESIAN_POINT('Ctrl Pts',(-278.747010023016,-167.666632115239,-34.0896860637412));
#1870=CARTESIAN_POINT('Ctrl Pts',(-293.283386175401,-166.899962987563,-34.9431075950423));
#1871=CARTESIAN_POINT('Ctrl Pts',(-321.378297209009,-164.744413959908,-36.0809548268426));
#1872=CARTESIAN_POINT('Ctrl Pts',(-334.934271413074,-163.313588492254,-36.3538439384324));
#1873=CARTESIAN_POINT('Ctrl Pts',(-349.432580517433,-160.819631749026,-36.414286911119));
#1874=CARTESIAN_POINT('Ctrl Pts',(-350.353230409893,-160.657597096345,-36.417192168883));
#1875=CARTESIAN_POINT('Ctrl Pts',(-351.274026527139,-160.491834466516,-36.4190988251108));
#1876=CARTESIAN_POINT('Ctrl Pts',(341.900393301572,-143.139662995938,0.240288156269541));
#1877=CARTESIAN_POINT('Ctrl Pts',(341.593341251659,-143.887296157862,0.158455106356957));
#1878=CARTESIAN_POINT('Ctrl Pts',(341.259664495508,-144.622887087753,0.0799808721555216));
#1879=CARTESIAN_POINT('Ctrl Pts',(340.890286251548,-145.354397364766,0.00311801754777036));
#1880=CARTESIAN_POINT('Ctrl Pts',(340.884507200212,-145.365823310563,0.00191774380116049));
#1881=CARTESIAN_POINT('Ctrl Pts',(340.877770029065,-145.379121699912,0.000521116823467102));
#1882=CARTESIAN_POINT('Ctrl Pts',(340.876819233156,-145.380997953299,0.000324076412291002));
#1883=CARTESIAN_POINT('Ctrl Pts',(340.517898025857,-146.089084050265,-0.0740347266969402));
#1884=CARTESIAN_POINT('Ctrl Pts',(340.131016968346,-146.780267091642,-0.145499690401998));
#1885=CARTESIAN_POINT('Ctrl Pts',(338.862527686957,-148.825510724142,-0.355936419570603));
#1886=CARTESIAN_POINT('Ctrl Pts',(337.882391566286,-150.122105338521,-0.488092656489697));
#1887=CARTESIAN_POINT('Ctrl Pts',(334.570229498913,-153.744379959011,-0.868386523722125));
#1888=CARTESIAN_POINT('Ctrl Pts',(331.866022993026,-155.792657326363,-1.10155558106045));
#1889=CARTESIAN_POINT('Ctrl Pts',(322.922836302653,-161.012523186868,-1.77974824793834));
#1890=CARTESIAN_POINT('Ctrl Pts',(315.992646027156,-163.347590332396,-2.2021767170966));
#1891=CARTESIAN_POINT('Ctrl Pts',(294.857363220061,-169.13950855537,-3.41195840460099));
#1892=CARTESIAN_POINT('Ctrl Pts',(280.100275171682,-171.44306268407,-4.13212033454744));
#1893=CARTESIAN_POINT('Ctrl Pts',(235.82899130582,-177.382627534668,-6.09457055120371));
#1894=CARTESIAN_POINT('Ctrl Pts',(206.034364760826,-179.689995361799,-7.15844731327853));
#1895=CARTESIAN_POINT('Ctrl Pts',(117.165243504761,-185.190654710275,-10.1138156047874));
#1896=CARTESIAN_POINT('Ctrl Pts',(58.2714492106867,-186.546858015237,-11.7320161981443));
#1897=CARTESIAN_POINT('Ctrl Pts',(-59.4509651428567,-185.872907234042,-14.6653085235641));
#1898=CARTESIAN_POINT('Ctrl Pts',(-118.258221260371,-183.681655491068,-15.9391561807497));
#1899=CARTESIAN_POINT('Ctrl Pts',(-191.435228588538,-178.904237924447,-18.1097007223524));
#1900=CARTESIAN_POINT('Ctrl Pts',(-206.052707730125,-177.851795839074,-18.576409507576));
#1901=CARTESIAN_POINT('Ctrl Pts',(-224.973965824891,-176.375267005281,-19.2224091812718));
#1902=CARTESIAN_POINT('Ctrl Pts',(-229.298842243737,-176.029976617017,-19.3727186760534));
#1903=CARTESIAN_POINT('Ctrl Pts',(-243.878991013566,-174.839600283583,-19.8859907407465));
#1904=CARTESIAN_POINT('Ctrl Pts',(-254.124192761938,-173.960696419493,-20.2591916468807));
#1905=CARTESIAN_POINT('Ctrl Pts',(-278.89800911431,-171.706451567947,-21.1355688732405));
#1906=CARTESIAN_POINT('Ctrl Pts',(-293.412001572849,-170.295541882205,-21.626636016195));
#1907=CARTESIAN_POINT('Ctrl Pts',(-321.45508801769,-167.028938296896,-22.272930332048));
#1908=CARTESIAN_POINT('Ctrl Pts',(-334.976493317804,-165.195719422256,-22.4346298342763));
#1909=CARTESIAN_POINT('Ctrl Pts',(-349.429238019923,-162.523018151669,-22.4822057321275));
#1910=CARTESIAN_POINT('Ctrl Pts',(-350.34701680575,-162.350459393667,-22.484668920734));
#1911=CARTESIAN_POINT('Ctrl Pts',(-351.264978203888,-162.175047942894,-22.4865230657576));
#1912=CARTESIAN_POINT('Ctrl Pts',(341.616718735207,-146.124631355005,0.190178644136253));
#1913=CARTESIAN_POINT('Ctrl Pts',(341.334693745392,-146.90750757329,0.123877626411599));
#1914=CARTESIAN_POINT('Ctrl Pts',(341.022083503954,-147.677494039584,0.0610824738081244));
#1915=CARTESIAN_POINT('Ctrl Pts',(340.668927364328,-148.441866289898,0.00022748440071131));
#1916=CARTESIAN_POINT('Ctrl Pts',(340.663400543518,-148.45380520645,-0.000722647129959068));
#1917=CARTESIAN_POINT('Ctrl Pts',(340.656955593748,-148.467700252125,-0.00182801769956534));
#1918=CARTESIAN_POINT('Ctrl Pts',(340.65604599583,-148.46966067824,-0.00198396229688551));
#1919=CARTESIAN_POINT('Ctrl Pts',(340.312660892713,-149.209509716627,-0.060832393081566));
#1920=CARTESIAN_POINT('Ctrl Pts',(339.936465082293,-149.930410462449,-0.116750164932005));
#1921=CARTESIAN_POINT('Ctrl Pts',(338.686936540793,-152.058685249118,-0.280059603070407));
#1922=CARTESIAN_POINT('Ctrl Pts',(337.701648337721,-153.401480934891,-0.380802205967553));
#1923=CARTESIAN_POINT('Ctrl Pts',(334.326060881639,-157.124050726154,-0.671304576165774));
#1924=CARTESIAN_POINT('Ctrl Pts',(331.511059300918,-159.178097047703,-0.850989671601543));
#1925=CARTESIAN_POINT('Ctrl Pts',(322.285559546679,-164.335374134797,-1.38000410921188));
#1926=CARTESIAN_POINT('Ctrl Pts',(315.268915615769,-166.590604667136,-1.71452436522347));
#1927=CARTESIAN_POINT('Ctrl Pts',(294.051962093561,-172.311244586523,-2.67167511588403));
#1928=CARTESIAN_POINT('Ctrl Pts',(279.372063657528,-174.663998260457,-3.24374130366276));
#1929=CARTESIAN_POINT('Ctrl Pts',(235.275225583591,-180.712947702599,-4.80510282235084));
#1930=CARTESIAN_POINT('Ctrl Pts',(205.602631493419,-183.085401883433,-5.65480442011574));
#1931=CARTESIAN_POINT('Ctrl Pts',(116.94986988056,-188.646913291716,-8.01151616479402));
#1932=CARTESIAN_POINT('Ctrl Pts',(58.0718109451953,-189.91934695643,-9.30074328258178));
#1933=CARTESIAN_POINT('Ctrl Pts',(-59.5959594219465,-188.909609161159,-11.6462975068027));
#1934=CARTESIAN_POINT('Ctrl Pts',(-118.37885520812,-186.472915387275,-12.6729305702739));
#1935=CARTESIAN_POINT('Ctrl Pts',(-191.522102483251,-181.101663906994,-14.3972985723877));
#1936=CARTESIAN_POINT('Ctrl Pts',(-206.132787438269,-179.914603192741,-14.7667467727381));
#1937=CARTESIAN_POINT('Ctrl Pts',(-225.045204816993,-178.23683664269,-15.2749016169673));
#1938=CARTESIAN_POINT('Ctrl Pts',(-229.368057108857,-177.843721480083,-15.3929312361883));
#1939=CARTESIAN_POINT('Ctrl Pts',(-243.941367193321,-176.485686760977,-15.7951855339514));
#1940=CARTESIAN_POINT('Ctrl Pts',(-254.181744195838,-175.477882124279,-16.0863005340419));
#1941=CARTESIAN_POINT('Ctrl Pts',(-278.943746806819,-172.888336531834,-16.7664351105841));
#1942=CARTESIAN_POINT('Ctrl Pts',(-293.450887067151,-171.255609974955,-17.1437615748046));
#1943=CARTESIAN_POINT('Ctrl Pts',(-321.478864219247,-167.605321032312,-17.642246371201));
#1944=CARTESIAN_POINT('Ctrl Pts',(-334.990237134385,-165.646521075916,-17.776129606368));
#1945=CARTESIAN_POINT('Ctrl Pts',(-349.427976840775,-162.91399318989,-17.8174178777096));
#1946=CARTESIAN_POINT('Ctrl Pts',(-350.344819434192,-162.737679707635,-17.8195341402339));
#1947=CARTESIAN_POINT('Ctrl Pts',(-351.261866462331,-162.558629018243,-17.8211071491803));
#1948=CARTESIAN_POINT('Ctrl Pts',(341.066884777045,-150.551565950284,0.120477139270186));
#1949=CARTESIAN_POINT('Ctrl Pts',(340.841279931166,-151.392198308783,0.0769789837511021));
#1950=CARTESIAN_POINT('Ctrl Pts',(340.58678774321,-152.224026602612,0.0375661629525273));
#1951=CARTESIAN_POINT('Ctrl Pts',(340.284340873343,-153.050448114037,0.000524051477064866));
#1952=CARTESIAN_POINT('Ctrl Pts',(340.279604298543,-153.063356310164,-5.39931212114873E-5));
#1953=CARTESIAN_POINT('Ctrl Pts',(340.274076938029,-153.078379557612,-0.000726142363478743));
#1954=CARTESIAN_POINT('Ctrl Pts',(340.273296751597,-153.080499162184,-0.000820960628635953));
#1955=CARTESIAN_POINT('Ctrl Pts',(339.978731751137,-153.880421801687,-0.0365993229608761));
#1956=CARTESIAN_POINT('Ctrl Pts',(339.642602028886,-154.66016334502,-0.0694889924414383));
#1957=CARTESIAN_POINT('Ctrl Pts',(338.468269737681,-156.947699196097,-0.164417413308058));
#1958=CARTESIAN_POINT('Ctrl Pts',(337.463582707206,-158.366174701274,-0.221830019037123));
#1959=CARTESIAN_POINT('Ctrl Pts',(333.905705166124,-162.189406129107,-0.390491158545496));
#1960=CARTESIAN_POINT('Ctrl Pts',(330.872492904183,-164.166299428101,-0.497617760036431));
#1961=CARTESIAN_POINT('Ctrl Pts',(321.270351970184,-169.141588664538,-0.814753643319324));
#1962=CARTESIAN_POINT('Ctrl Pts',(314.215972907852,-171.330744665754,-1.01740046127193));
#1963=CARTESIAN_POINT('Ctrl Pts',(292.953825615948,-177.003578235046,-1.59675514383988));
#1964=CARTESIAN_POINT('Ctrl Pts',(278.363931076287,-179.430832915115,-1.94443221758677));
#1965=CARTESIAN_POINT('Ctrl Pts',(234.496610259115,-185.641885690727,-2.89581651246921));
#1966=CARTESIAN_POINT('Ctrl Pts',(204.987951373773,-188.100788165107,-3.4162399979002));
#1967=CARTESIAN_POINT('Ctrl Pts',(116.636466809932,-193.736341848973,-4.85690288182555));
#1968=CARTESIAN_POINT('Ctrl Pts',(57.7876640623169,-194.874821307954,-5.64418343982945));
#1969=CARTESIAN_POINT('Ctrl Pts',(-59.7992287224481,-193.332767851496,-7.08289266637945));
#1970=CARTESIAN_POINT('Ctrl Pts',(-118.546960369228,-190.506525438932,-7.71871212217956));
#1971=CARTESIAN_POINT('Ctrl Pts',(-191.641435216566,-184.220032265216,-8.76686025903715));
#1972=CARTESIAN_POINT('Ctrl Pts',(-206.242311057217,-182.826472418935,-8.99036831598745));
#1973=CARTESIAN_POINT('Ctrl Pts',(-225.141988506294,-180.842768208888,-9.29527278475552));
#1974=CARTESIAN_POINT('Ctrl Pts',(-229.461926084158,-180.377114332209,-9.36593133637514));
#1975=CARTESIAN_POINT('Ctrl Pts',(-244.025397644326,-178.765468514713,-9.60612810439401));
#1976=CARTESIAN_POINT('Ctrl Pts',(-254.258850725854,-177.56383844538,-9.77889531805842));
#1977=CARTESIAN_POINT('Ctrl Pts',(-279.003987961084,-174.473571208209,-10.1799605279358));
#1978=CARTESIAN_POINT('Ctrl Pts',(-293.501359274059,-172.514969656735,-10.3997474304517));
#1979=CARTESIAN_POINT('Ctrl Pts',(-321.509085436483,-168.287496580285,-10.6921503139566));
#1980=CARTESIAN_POINT('Ctrl Pts',(-335.010125148905,-166.074447170678,-10.7761658657499));
#1981=CARTESIAN_POINT('Ctrl Pts',(-349.427302826269,-163.252468714666,-10.8042895997457));
#1982=CARTESIAN_POINT('Ctrl Pts',(-350.342847243762,-163.071323822119,-10.8057479589712));
#1983=CARTESIAN_POINT('Ctrl Pts',(-351.258613257944,-162.888290670233,-10.8068446203261));
#1984=CARTESIAN_POINT('Ctrl Pts',(340.850923777319,-152.013755115481,0.0986739063700393));
#1985=CARTESIAN_POINT('Ctrl Pts',(340.646122592247,-152.873653524841,0.0629521280782687));
#1986=CARTESIAN_POINT('Ctrl Pts',(340.415031505831,-153.727500288891,0.0315587616267394));
#1987=CARTESIAN_POINT('Ctrl Pts',(340.134693745841,-154.577263609246,0.00246167387740192));
#1988=CARTESIAN_POINT('Ctrl Pts',(340.130302187718,-154.590536718338,0.00200772520570891));
#1989=CARTESIAN_POINT('Ctrl Pts',(340.125175990416,-154.605985041582,0.00148000414755769));
#1990=CARTESIAN_POINT('Ctrl Pts',(340.124452394382,-154.60816462797,0.0014055630201573));
#1991=CARTESIAN_POINT('Ctrl Pts',(339.851240812773,-155.43072717539,-0.0266826505603041));
#1992=CARTESIAN_POINT('Ctrl Pts',(339.53456347286,-156.233811383252,-0.0521083433071022));
#1993=CARTESIAN_POINT('Ctrl Pts',(338.402329376163,-158.585140558797,-0.125167544729026));
#1994=CARTESIAN_POINT('Ctrl Pts',(337.395405151441,-160.03274758449,-0.169028316626502));
#1995=CARTESIAN_POINT('Ctrl Pts',(333.754863951182,-163.878187488821,-0.29990271473329));
#1996=CARTESIAN_POINT('Ctrl Pts',(330.639645911805,-165.810895785519,-0.383898734571627));
#1997=CARTESIAN_POINT('Ctrl Pts',(320.925382929242,-170.712893794946,-0.632029676358999));
#1998=CARTESIAN_POINT('Ctrl Pts',(313.872176522692,-172.890676728638,-0.790669488433485));
#1999=CARTESIAN_POINT('Ctrl Pts',(292.605820009406,-178.55726167597,-1.24426653102794));
#2000=CARTESIAN_POINT('Ctrl Pts',(278.041804459053,-181.009035001923,-1.51681022757722));
#2001=CARTESIAN_POINT('Ctrl Pts',(234.245609476311,-187.273689262111,-2.26350965015964));
#2002=CARTESIAN_POINT('Ctrl Pts',(204.788495034171,-189.759609414777,-2.67284321539591));
#2003=CARTESIAN_POINT('Ctrl Pts',(116.533614778761,-195.417003589339,-3.80516327920955));
#2004=CARTESIAN_POINT('Ctrl Pts',(57.6954975003619,-196.509444157824,-4.42371482251302));
#2005=CARTESIAN_POINT('Ctrl Pts',(-59.8646166455149,-194.785188467124,-5.55594144868979));
#2006=CARTESIAN_POINT('Ctrl Pts',(-118.600856100739,-191.825540402398,-6.05816721479897));
#2007=CARTESIAN_POINT('Ctrl Pts',(-191.679384719127,-185.229893652169,-6.87973058437218));
#2008=CARTESIAN_POINT('Ctrl Pts',(-206.277054579906,-183.766740242302,-7.05457767737641));
#2009=CARTESIAN_POINT('Ctrl Pts',(-225.172572216024,-181.680376958308,-7.29230502226908));
#2010=CARTESIAN_POINT('Ctrl Pts',(-229.491558459816,-181.190409909431,-7.34734465167125));
#2011=CARTESIAN_POINT('Ctrl Pts',(-244.05182042283,-179.493873065269,-7.53425446900873));
#2012=CARTESIAN_POINT('Ctrl Pts',(-254.283017737909,-178.227554597743,-7.66835802787835));
#2013=CARTESIAN_POINT('Ctrl Pts',(-279.022674959205,-174.970757073903,-7.97891858835825));
#2014=CARTESIAN_POINT('Ctrl Pts',(-293.516872373927,-172.904637627067,-8.14834219349899));
#2015=CARTESIAN_POINT('Ctrl Pts',(-321.51823964481,-168.484793501646,-8.37466928963647));
#2016=CARTESIAN_POINT('Ctrl Pts',(-335.016555121297,-166.176808782418,-8.44084372708811));
#2017=CARTESIAN_POINT('Ctrl Pts',(-349.427241375184,-163.325117392759,-8.46396739704372));
#2018=CARTESIAN_POINT('Ctrl Pts',(-350.34237334292,-163.14249557599,-8.46518344160718));
#2019=CARTESIAN_POINT('Ctrl Pts',(-351.25772994891,-162.958376611354,-8.46611126722533));
#2020=CARTESIAN_POINT('Ctrl Pts',(340.478510237772,-154.783524757509,0.055770435887551));
#2021=CARTESIAN_POINT('Ctrl Pts',(340.31742700834,-155.676830551525,0.032482653674732));
#2022=CARTESIAN_POINT('Ctrl Pts',(340.143809837961,-156.571648983557,0.0147790262859651));
#2023=CARTESIAN_POINT('Ctrl Pts',(339.92126238694,-157.466305877047,0.00024712158801797));
#2024=CARTESIAN_POINT('Ctrl Pts',(339.917773026176,-157.480280987093,2.08838844225343E-5));
#2025=CARTESIAN_POINT('Ctrl Pts',(339.913696195995,-157.496547208942,-0.000241574015028021));
#2026=CARTESIAN_POINT('Ctrl Pts',(339.91312063813,-157.498842211489,-0.000278584021990644));
#2027=CARTESIAN_POINT('Ctrl Pts',(339.695771580126,-158.364969502942,-0.0142384777650153));
#2028=CARTESIAN_POINT('Ctrl Pts',(339.430390260352,-159.213450526196,-0.0251215080711033));
#2029=CARTESIAN_POINT('Ctrl Pts',(338.360913247721,-161.670968151719,-0.0568305970682203));
#2030=CARTESIAN_POINT('Ctrl Pts',(337.258221737936,-163.134754108838,-0.0774964018023599));
#2031=CARTESIAN_POINT('Ctrl Pts',(333.390604288376,-166.949044236944,-0.13964686509434));
#2032=CARTESIAN_POINT('Ctrl Pts',(330.176070073533,-168.807047835679,-0.180296271374642));
#2033=CARTESIAN_POINT('Ctrl Pts',(320.318103579978,-173.60418215554,-0.299360931272744));
#2034=CARTESIAN_POINT('Ctrl Pts',(313.265150280817,-175.777446928879,-0.375812676091029));
#2035=CARTESIAN_POINT('Ctrl Pts',(291.993396399505,-181.451385741069,-0.594196755532361));
#2036=CARTESIAN_POINT('Ctrl Pts',(277.469121601881,-183.945482528836,-0.725748701390119));
#2037=CARTESIAN_POINT('Ctrl Pts',(233.792010812179,-190.30809740762,-1.08708323666027));
#2038=CARTESIAN_POINT('Ctrl Pts',(204.425809858488,-192.841396163459,-1.28600368867433));
#2039=CARTESIAN_POINT('Ctrl Pts',(116.343812423611,-198.534398831213,-1.83553024941766));
#2040=CARTESIAN_POINT('Ctrl Pts',(57.527585027867,-199.538210264692,-2.13552752712221));
#2041=CARTESIAN_POINT('Ctrl Pts',(-59.9826720941226,-197.46437496843,-2.68633524951522));
#2042=CARTESIAN_POINT('Ctrl Pts',(-118.697788813817,-194.248342676302,-2.93235337094514));
#2043=CARTESIAN_POINT('Ctrl Pts',(-191.746977213967,-187.068323678885,-3.32887560236925));
#2044=CARTESIAN_POINT('Ctrl Pts',(-206.338748892428,-185.47399103884,-3.4129425014846));
#2045=CARTESIAN_POINT('Ctrl Pts',(-225.226615830674,-183.195210052753,-3.52650621555983));
#2046=CARTESIAN_POINT('Ctrl Pts',(-229.543852514194,-182.659739046723,-3.55275153281488));
#2047=CARTESIAN_POINT('Ctrl Pts',(-244.098213293769,-180.804604302413,-3.64170060384676));
#2048=CARTESIAN_POINT('Ctrl Pts',(-254.325264040205,-179.417894954324,-3.70520967536075));
#2049=CARTESIAN_POINT('Ctrl Pts',(-279.054867235873,-175.852755148863,-3.85160319980043));
#2050=CARTESIAN_POINT('Ctrl Pts',(-293.543218680507,-173.589307269319,-3.93080097581316));
#2051=CARTESIAN_POINT('Ctrl Pts',(-321.533122456672,-168.815174046667,-4.03745572141743));
#2052=CARTESIAN_POINT('Ctrl Pts',(-335.026859024594,-166.324896454561,-4.06888492518147));
#2053=CARTESIAN_POINT('Ctrl Pts',(-349.426755005654,-163.4186658385,-4.08154548941278));
#2054=CARTESIAN_POINT('Ctrl Pts',(-350.341195695881,-163.2333867395,-4.08224244987033));
#2055=CARTESIAN_POINT('Ctrl Pts',(-351.255859261581,-163.047373388755,-4.08279186886468));
#2056=CARTESIAN_POINT('Ctrl Pts',(340.322528469574,-156.091253498103,0.0338232876923002));
#2057=CARTESIAN_POINT('Ctrl Pts',(340.18173286384,-156.998140040236,0.0149442417253256));
#2058=CARTESIAN_POINT('Ctrl Pts',(340.03942269143,-157.910924594464,0.00258769203561339));
#2059=CARTESIAN_POINT('Ctrl Pts',(339.857245120128,-158.828381900921,-0.00503011309673593));
#2060=CARTESIAN_POINT('Ctrl Pts',(339.854387726488,-158.842714079641,-0.00514801202667811));
#2061=CARTESIAN_POINT('Ctrl Pts',(339.851047926174,-158.859396930846,-0.00528398373253501));
#2062=CARTESIAN_POINT('Ctrl Pts',(339.850576389865,-158.861750739368,-0.00530313890935476));
#2063=CARTESIAN_POINT('Ctrl Pts',(339.672497236788,-159.750080113922,-0.0125212742694967));
#2064=CARTESIAN_POINT('Ctrl Pts',(339.450969703689,-160.624134545455,-0.0154223696380002));
#2065=CARTESIAN_POINT('Ctrl Pts',(338.403292913467,-163.125794123098,-0.0265890772591071));
#2066=CARTESIAN_POINT('Ctrl Pts',(337.17113989952,-164.567409539452,-0.0389761879206135));
#2067=CARTESIAN_POINT('Ctrl Pts',(333.1949220647,-168.336308319198,-0.0685201761318984));
#2068=CARTESIAN_POINT('Ctrl Pts',(329.951865119884,-170.168593070035,-0.0892927160366897));
#2069=CARTESIAN_POINT('Ctrl Pts',(320.053164966154,-174.932669956138,-0.1481269113327));
#2070=CARTESIAN_POINT('Ctrl Pts',(312.997680500151,-177.10911785074,-0.186429839331644));
#2071=CARTESIAN_POINT('Ctrl Pts',(291.723806400701,-182.793765904109,-0.295319552454078));
#2072=CARTESIAN_POINT('Ctrl Pts',(277.214663354134,-185.306218839244,-0.361050875375943));
#2073=CARTESIAN_POINT('Ctrl Pts',(233.587304635266,-191.713482790345,-0.54195984117193));
#2074=CARTESIAN_POINT('Ctrl Pts',(204.261192844835,-194.267561648888,-0.641854193647675));
#2075=CARTESIAN_POINT('Ctrl Pts',(116.256501613022,-199.975007998431,-0.917599323409067));
#2076=CARTESIAN_POINT('Ctrl Pts',(57.4512397443544,-200.936532721388,-1.06809182892428));
#2077=CARTESIAN_POINT('Ctrl Pts',(-60.0359004036566,-198.696376025342,-1.34489966733086));
#2078=CARTESIAN_POINT('Ctrl Pts',(-118.741335724229,-195.358192675544,-1.46906422434692));
#2079=CARTESIAN_POINT('Ctrl Pts',(-191.777063153755,-187.903630999002,-1.66721042210999));
#2080=CARTESIAN_POINT('Ctrl Pts',(-206.366129073565,-186.247817976145,-1.7091116196505));
#2081=CARTESIAN_POINT('Ctrl Pts',(-225.250487275021,-183.879295643441,-1.76547735956567));
#2082=CARTESIAN_POINT('Ctrl Pts',(-229.566921618106,-183.322629390721,-1.77848868906587));
#2083=CARTESIAN_POINT('Ctrl Pts',(-244.11857674971,-181.393736428541,-1.82252897110901));
#2084=CARTESIAN_POINT('Ctrl Pts',(-254.343726524243,-179.95122621071,-1.85387533242196));
#2085=CARTESIAN_POINT('Ctrl Pts',(-279.068729399393,-176.243824216489,-1.92592699465828));
#2086=CARTESIAN_POINT('Ctrl Pts',(-293.554397352479,-173.890045775996,-1.96474051410948));
#2087=CARTESIAN_POINT('Ctrl Pts',(-321.539132144388,-168.953280676849,-2.01728511422316));
#2088=CARTESIAN_POINT('Ctrl Pts',(-335.030914822439,-166.376968725138,-2.0320878139546));
#2089=CARTESIAN_POINT('Ctrl Pts',(-349.426359719152,-163.445808143378,-2.03943023243281));
#2090=CARTESIAN_POINT('Ctrl Pts',(-350.340512488734,-163.259324485755,-2.03985721020361));
#2091=CARTESIAN_POINT('Ctrl Pts',(-351.254884139567,-163.072463849596,-2.04020191176518));
#2092=CARTESIAN_POINT('Ctrl Pts',(340.138567459246,-157.592614505589,0.0256257216166576));
#2093=CARTESIAN_POINT('Ctrl Pts',(340.001254701781,-158.505145547221,0.0111653001914121));
#2094=CARTESIAN_POINT('Ctrl Pts',(339.861019898461,-159.422503061096,0.00344222465730565));
#2095=CARTESIAN_POINT('Ctrl Pts',(339.678603616154,-160.342973771155,0.000843409124876043));
#2096=CARTESIAN_POINT('Ctrl Pts',(339.675741943461,-160.35735264908,0.000804005856475698));
#2097=CARTESIAN_POINT('Ctrl Pts',(339.672396521653,-160.374089422462,0.000759510821544835));
#2098=CARTESIAN_POINT('Ctrl Pts',(339.671924177349,-160.376450828829,0.000753264697906904));
#2099=CARTESIAN_POINT('Ctrl Pts',(339.49353448012,-161.267643819502,-0.00159204827025705));
#2100=CARTESIAN_POINT('Ctrl Pts',(339.269472664279,-162.143007257185,0.000662451020090945));
#2101=CARTESIAN_POINT('Ctrl Pts',(338.209851140567,-164.645426162571,0.00579265803960474));
#2102=CARTESIAN_POINT('Ctrl Pts',(336.965092489125,-166.083830992563,0.00509200205186681));
#2103=CARTESIAN_POINT('Ctrl Pts',(332.957655219641,-169.845087395463,0.0104605495620211));
#2104=CARTESIAN_POINT('Ctrl Pts',(329.700688935851,-171.67422821371,0.0128647713439191));
#2105=CARTESIAN_POINT('Ctrl Pts',(319.773170817713,-176.436020419791,0.0219324419938779));
#2106=CARTESIAN_POINT('Ctrl Pts',(312.712178266319,-178.617827016984,0.0271021569574635));
#2107=CARTESIAN_POINT('Ctrl Pts',(291.432985908849,-184.322842918759,0.042895200667383));
#2108=CARTESIAN_POINT('Ctrl Pts',(276.937912065877,-186.855081275771,0.0525231542031121));
#2109=CARTESIAN_POINT('Ctrl Pts',(233.360695990632,-193.312540877581,0.0788179254251178));
#2110=CARTESIAN_POINT('Ctrl Pts',(204.077863878651,-195.888970887796,0.0933607342213798));
#2111=CARTESIAN_POINT('Ctrl Pts',(116.157798844848,-201.610632884436,0.133468741335547));
#2112=CARTESIAN_POINT('Ctrl Pts',(57.3659591333314,-202.52266217246,0.155358801981824));
#2113=CARTESIAN_POINT('Ctrl Pts',(-60.0948264064057,-200.088395233657,0.195621700032675));
#2114=CARTESIAN_POINT('Ctrl Pts',(-118.789347578553,-196.607363118264,0.213682715302572));
#2115=CARTESIAN_POINT('Ctrl Pts',(-191.809880249805,-188.836788948286,0.242503182341216));
#2116=CARTESIAN_POINT('Ctrl Pts',(-206.395891729181,-187.110405491269,0.248597888306588));
#2117=CARTESIAN_POINT('Ctrl Pts',(-225.276288477309,-184.639456561091,0.256796933539223));
#2118=CARTESIAN_POINT('Ctrl Pts',(-229.591816804134,-184.058635140494,0.2586890800585));
#2119=CARTESIAN_POINT('Ctrl Pts',(-244.140416707889,-182.045836924981,0.265095040300237));
#2120=CARTESIAN_POINT('Ctrl Pts',(-254.363418257512,-180.540096926461,0.269651576327218));
#2121=CARTESIAN_POINT('Ctrl Pts',(-279.083231207911,-176.672406440359,0.2801395428413));
#2122=CARTESIAN_POINT('Ctrl Pts',(-293.565865069597,-174.217637747348,0.285729789565983));
#2123=CARTESIAN_POINT('Ctrl Pts',(-321.544749132964,-169.099999732091,0.29341797045));
#2124=CARTESIAN_POINT('Ctrl Pts',(-335.034172915534,-166.431752032585,0.297295210329633));
#2125=CARTESIAN_POINT('Ctrl Pts',(-349.425351499297,-163.472859740997,0.29652786856159));
#2126=CARTESIAN_POINT('Ctrl Pts',(-350.339224231141,-163.284961494752,0.296453105695409));
#2127=CARTESIAN_POINT('Ctrl Pts',(-351.253307184765,-163.097018872764,0.296396759888572));
#2128=CARTESIAN_POINT('Ctrl Pts',(340.115017629998,-157.783241863105,0.0248990900212601));
#2129=CARTESIAN_POINT('Ctrl Pts',(339.977846055208,-158.696331809304,0.010992404034488));
#2130=CARTESIAN_POINT('Ctrl Pts',(339.837367606629,-159.61402386001,0.00383792857903585));
#2131=CARTESIAN_POINT('Ctrl Pts',(339.65405606667,-160.53446318394,0.00182341367756582));
#2132=CARTESIAN_POINT('Ctrl Pts',(339.651180270858,-160.548841489175,0.00179314258370791));
#2133=CARTESIAN_POINT('Ctrl Pts',(339.647818251282,-160.565577500809,0.00175928303798853));
#2134=CARTESIAN_POINT('Ctrl Pts',(339.647343561124,-160.567938797479,0.00175453767747983));
#2135=CARTESIAN_POINT('Ctrl Pts',(339.468067303437,-161.459089563085,-2.43603780160926E-5));
#2136=CARTESIAN_POINT('Ctrl Pts',(339.242538714736,-162.33406583545,0.00280260834158573));
#2137=CARTESIAN_POINT('Ctrl Pts',(338.180661290903,-164.83567534448,0.00986538335495177));
#2138=CARTESIAN_POINT('Ctrl Pts',(336.937232770249,-166.274215194891,0.010709172061904));
#2139=CARTESIAN_POINT('Ctrl Pts',(332.92698834312,-170.035232275607,0.0204414795618938));
#2140=CARTESIAN_POINT('Ctrl Pts',(329.668829276176,-171.864427249473,0.0258033946179577));
#2141=CARTESIAN_POINT('Ctrl Pts',(319.738020327145,-176.626559241954,0.0434699350866332));
#2142=CARTESIAN_POINT('Ctrl Pts',(312.676292364267,-178.809092115379,0.0541558092808965));
#2143=CARTESIAN_POINT('Ctrl Pts',(291.396387709865,-184.516851831016,0.0857671001271443));
#2144=CARTESIAN_POINT('Ctrl Pts',(276.90303865565,-187.051579602877,0.104963864363451));
#2145=CARTESIAN_POINT('Ctrl Pts',(233.332065740335,-193.515397412551,0.157579854605164));
#2146=CARTESIAN_POINT('Ctrl Pts',(204.054680480366,-196.094638706369,0.186672933964067));
#2147=CARTESIAN_POINT('Ctrl Pts',(116.145289407095,-201.818063030698,0.26693072300309));
#2148=CARTESIAN_POINT('Ctrl Pts',(57.3551699170431,-202.723787618862,0.310731549844549));
#2149=CARTESIAN_POINT('Ctrl Pts',(-60.1022713227291,-200.264805370274,0.391316779773589));
#2150=CARTESIAN_POINT('Ctrl Pts',(-118.795409805021,-196.765579674298,0.427487025246536));
#2151=CARTESIAN_POINT('Ctrl Pts',(-191.814017125825,-188.954848566252,0.485123875774731));
#2152=CARTESIAN_POINT('Ctrl Pts',(-206.399641568734,-187.219501056255,0.497307738503961));
#2153=CARTESIAN_POINT('Ctrl Pts',(-225.279536341,-184.7355523175,0.513687976167054));
#2154=CARTESIAN_POINT('Ctrl Pts',(-229.594949860635,-184.151665830942,0.5174679327625));
#2155=CARTESIAN_POINT('Ctrl Pts',(-244.143162613128,-182.128223650964,0.530261482827484));
#2156=CARTESIAN_POINT('Ctrl Pts',(-254.365891920152,-180.614467103541,0.539359876340842));
#2157=CARTESIAN_POINT('Ctrl Pts',(-279.085047302254,-176.726471447023,0.560280976336821));
#2158=CARTESIAN_POINT('Ctrl Pts',(-293.567296608792,-174.258924079006,0.571475687459626));
#2159=CARTESIAN_POINT('Ctrl Pts',(-321.545439134886,-169.118417657167,0.586779991733887));
#2160=CARTESIAN_POINT('Ctrl Pts',(-335.034561529223,-166.438611375418,0.593023124704188));
#2161=CARTESIAN_POINT('Ctrl Pts',(-349.425213254718,-163.476212118899,0.593099712714309));
#2162=CARTESIAN_POINT('Ctrl Pts',(-350.339051328769,-163.28813369857,0.593070456405719));
#2163=CARTESIAN_POINT('Ctrl Pts',(-351.253098443951,-163.100051840401,0.5930516911624));
#2164=CARTESIAN_POINT('Ctrl Pts',(340.090995175451,-157.973668512016,0.0245050270677893));
#2165=CARTESIAN_POINT('Ctrl Pts',(339.953642116186,-158.887147137711,0.0111438588410086));
#2166=CARTESIAN_POINT('Ctrl Pts',(339.81239842896,-159.804917885098,0.00453636978758841));
#2167=CARTESIAN_POINT('Ctrl Pts',(339.62741799731,-160.72494300169,0.00305734639514203));
#2168=CARTESIAN_POINT('Ctrl Pts',(339.624515948544,-160.739314728584,0.00303543938495505));
#2169=CARTESIAN_POINT('Ctrl Pts',(339.621123163023,-160.756042958986,0.00301131471022908));
#2170=CARTESIAN_POINT('Ctrl Pts',(339.620644127249,-160.758403154916,0.0030079428332138));
#2171=CARTESIAN_POINT('Ctrl Pts',(339.439726025507,-161.649137418297,0.00174739009517795));
#2172=CARTESIAN_POINT('Ctrl Pts',(339.211795081856,-162.523248799698,0.00507548254397848));
#2173=CARTESIAN_POINT('Ctrl Pts',(338.147069956913,-165.023243656361,0.0139419072674928));
#2174=CARTESIAN_POINT('Ctrl Pts',(336.907436814061,-166.462361116257,0.0163666196571575));
#2175=CARTESIAN_POINT('Ctrl Pts',(332.895810675058,-170.223884046151,0.0303936932224462));
#2176=CARTESIAN_POINT('Ctrl Pts',(329.636944488761,-172.053592529396,0.0387186804251928));
#2177=CARTESIAN_POINT('Ctrl Pts',(319.703269625125,-176.816719472178,0.0649552515285131));
#2178=CARTESIAN_POINT('Ctrl Pts',(312.640764308959,-179.000027276612,0.0811522835582764));
#2179=CARTESIAN_POINT('Ctrl Pts',(291.360120591932,-184.710697733505,0.12856496017248));
#2180=CARTESIAN_POINT('Ctrl Pts',(276.868433703656,-187.247891758186,0.157329521281608));
#2181=CARTESIAN_POINT('Ctrl Pts',(233.303581463155,-193.718054235859,0.236275077683677));
#2182=CARTESIAN_POINT('Ctrl Pts',(204.031593800313,-196.300079800799,0.279936732272326));
#2183=CARTESIAN_POINT('Ctrl Pts',(116.132804266975,-202.025224175833,0.400385111470241));
#2184=CARTESIAN_POINT('Ctrl Pts',(57.3444206883293,-202.924624636884,0.466117519645777));
#2185=CARTESIAN_POINT('Ctrl Pts',(-60.1096785404813,-200.44086147475,0.5870838464392));
#2186=CARTESIAN_POINT('Ctrl Pts',(-118.801437528497,-196.92338849612,0.641411714862334));
#2187=CARTESIAN_POINT('Ctrl Pts',(-191.81812358568,-189.072474628498,0.72785874702211));
#2188=CARTESIAN_POINT('Ctrl Pts',(-206.403361810241,-187.328160974042,0.746125877363374));
#2189=CARTESIAN_POINT('Ctrl Pts',(-225.282755653041,-184.831220271152,0.770669406138472));
#2190=CARTESIAN_POINT('Ctrl Pts',(-229.598054600407,-184.244271246266,0.776332391387272));
#2191=CARTESIAN_POINT('Ctrl Pts',(-244.145880998236,-182.210196756665,0.795494980985835));
#2192=CARTESIAN_POINT('Ctrl Pts',(-254.368338590115,-180.688437099819,0.809117842940885));
#2193=CARTESIAN_POINT('Ctrl Pts',(-279.086837821738,-176.780187529773,0.840423887801589));
#2194=CARTESIAN_POINT('Ctrl Pts',(-293.568703273297,-174.299908253392,0.857189263055916));
#2195=CARTESIAN_POINT('Ctrl Pts',(-321.546105478327,-169.136639287582,0.880077461960997));
#2196=CARTESIAN_POINT('Ctrl Pts',(-335.034924213548,-166.445403448697,0.888678795681529));
#2197=CARTESIAN_POINT('Ctrl Pts',(-349.425063899371,-163.479511652711,0.889608337335133));
#2198=CARTESIAN_POINT('Ctrl Pts',(-350.338868197346,-163.291252434176,0.889625375274724));
#2199=CARTESIAN_POINT('Ctrl Pts',(-351.252880298998,-163.103029343001,0.889645176066551));
#2200=CARTESIAN_POINT('Ctrl Pts',(-348.511719506475,-13.6570113042606,-119.999999998854));
#2201=CARTESIAN_POINT('Ctrl Pts',(-348.511719506475,-19.4424741812373,-119.467888528748));
#2202=CARTESIAN_POINT('Ctrl Pts',(-348.511719506475,-25.6347229714444,-118.88963986813));
#2203=CARTESIAN_POINT('Ctrl Pts',(-348.511719506475,-37.5855234139574,-117.705791158796));
#2204=CARTESIAN_POINT('Ctrl Pts',(-348.511719506475,-43.770001430624,-117.059325933848));
#2205=CARTESIAN_POINT('Ctrl Pts',(-348.511719506475,-53.5280068693104,-115.934324311959));
#2206=CARTESIAN_POINT('Ctrl Pts',(-348.511719506475,-57.5057978336491,-115.442871238056));
#2207=CARTESIAN_POINT('Ctrl Pts',(-348.511719506475,-77.8088000907228,-112.659571923326));
#2208=CARTESIAN_POINT('Ctrl Pts',(-348.511719506475,-93.2045377738912,-109.64804026775));
#2209=CARTESIAN_POINT('Ctrl Pts',(-348.511719506475,-117.76881360275,-100.406179044432));
#2210=CARTESIAN_POINT('Ctrl Pts',(-348.511719507102,-125.848056276977,-95.492036199204));
#2211=CARTESIAN_POINT('Ctrl Pts',(-348.511719507102,-139.951927261591,-83.8497736208936));
#2212=CARTESIAN_POINT('Ctrl Pts',(-348.511719506475,-145.904023597995,-76.3604492465461));
#2213=CARTESIAN_POINT('Ctrl Pts',(-348.511719506475,-153.090755098308,-62.6492016345087));
#2214=CARTESIAN_POINT('Ctrl Pts',(-348.511719506475,-155.133783482853,-57.6239468765783));
#2215=CARTESIAN_POINT('Ctrl Pts',(-348.511719506475,-159.179391853878,-44.9485698064127));
#2216=CARTESIAN_POINT('Ctrl Pts',(-348.511719506475,-161.005735032427,-36.4756221294055));
#2217=CARTESIAN_POINT('Ctrl Pts',(-348.511719506475,-162.725836852953,-22.0684280837677));
#2218=CARTESIAN_POINT('Ctrl Pts',(-348.511719506475,-163.092359234984,-17.6633675764503));
#2219=CARTESIAN_POINT('Ctrl Pts',(-348.511719506475,-163.528822579497,-8.87279008278221));
#2220=CARTESIAN_POINT('Ctrl Pts',(-348.511719506475,-163.602883071798,-4.39611751161127));
#2221=CARTESIAN_POINT('Ctrl Pts',(-348.511719506475,-163.65595356601,-0.0905503056756291));
#2222=CARTESIAN_POINT('Origin',(-348.511719506475,-82.6091960207821,49.4246561352288));
#2223=CARTESIAN_POINT('Ctrl Pts',(-348.511719506475,-13.6570113042606,119.999999998854));
#2224=CARTESIAN_POINT('Ctrl Pts',(-348.511719506475,-19.4424741812373,119.467888528748));
#2225=CARTESIAN_POINT('Ctrl Pts',(-348.511719506475,-25.6347229714444,118.88963986813));
#2226=CARTESIAN_POINT('Ctrl Pts',(-348.511719506475,-37.5855234139574,117.705791158796));
#2227=CARTESIAN_POINT('Ctrl Pts',(-348.511719506475,-43.770001430624,117.059325933848));
#2228=CARTESIAN_POINT('Ctrl Pts',(-348.511719506475,-53.5280068693104,115.934324311959));
#2229=CARTESIAN_POINT('Ctrl Pts',(-348.511719506475,-57.5057978336491,115.442871238056));
#2230=CARTESIAN_POINT('Ctrl Pts',(-348.511719506475,-77.8088000907228,112.659571923326));
#2231=CARTESIAN_POINT('Ctrl Pts',(-348.511719506475,-93.2045377738912,109.64804026775));
#2232=CARTESIAN_POINT('Ctrl Pts',(-348.511719506475,-117.76881360275,100.406179044432));
#2233=CARTESIAN_POINT('Ctrl Pts',(-348.511719507102,-125.848056276977,95.492036199204));
#2234=CARTESIAN_POINT('Ctrl Pts',(-348.511719507102,-139.951927261591,83.8497736208936));
#2235=CARTESIAN_POINT('Ctrl Pts',(-348.511719506475,-145.904023597995,76.3604492465461));
#2236=CARTESIAN_POINT('Ctrl Pts',(-348.511719506475,-153.090755098308,62.6492016345087));
#2237=CARTESIAN_POINT('Ctrl Pts',(-348.511719506475,-155.133783482853,57.6239468765783));
#2238=CARTESIAN_POINT('Ctrl Pts',(-348.511719506475,-159.179391853878,44.9485698064127));
#2239=CARTESIAN_POINT('Ctrl Pts',(-348.511719506475,-161.005735032427,36.4756221294055));
#2240=CARTESIAN_POINT('Ctrl Pts',(-348.511719506475,-162.725836852953,22.0684280837677));
#2241=CARTESIAN_POINT('Ctrl Pts',(-348.511719506475,-163.092359234984,17.6633675764503));
#2242=CARTESIAN_POINT('Ctrl Pts',(-348.511719506475,-163.528822579497,8.87279008278222));
#2243=CARTESIAN_POINT('Ctrl Pts',(-348.511719506475,-163.602883071798,4.3961175116113));
#2244=CARTESIAN_POINT('Ctrl Pts',(-348.511719506475,-163.65595356601,0.0905503056756679));
#2245=CARTESIAN_POINT('Ctrl Pts',(351.582545065546,-13.0489805489542,-2.91995840270858));
#2246=CARTESIAN_POINT('Ctrl Pts',(351.563325195745,-13.0623706152787,-1.96833888085894));
#2247=CARTESIAN_POINT('Ctrl Pts',(351.553002589033,-13.068479719799,-1.00925469111343));
#2248=CARTESIAN_POINT('Ctrl Pts',(351.482036381398,-13.0689915968169,-0.0453900446016934));
#2249=CARTESIAN_POINT('Ctrl Pts',(351.480906475026,-13.0689983918346,-0.0303336725852442));
#2250=CARTESIAN_POINT('Ctrl Pts',(351.479565259902,-13.0690049405346,-0.0128088667735547));
#2251=CARTESIAN_POINT('Ctrl Pts',(351.479375423197,-13.0690058329794,-0.0103362891921289));
#2252=CARTESIAN_POINT('Ctrl Pts',(351.407501744125,-13.0693307833652,0.92280755199824));
#2253=CARTESIAN_POINT('Ctrl Pts',(351.201748082309,-13.0662610755886,1.83161670831397));
#2254=CARTESIAN_POINT('Ctrl Pts',(349.963367412603,-13.0621937567151,4.37764632380982));
#2255=CARTESIAN_POINT('Ctrl Pts',(348.7039805554,-13.0583914430999,5.82760437773497));
#2256=CARTESIAN_POINT('Ctrl Pts',(344.62599303423,-13.0489952809884,9.80838060607496));
#2257=CARTESIAN_POINT('Ctrl Pts',(341.512441352063,-13.0424033801021,12.0073807639933));
#2258=CARTESIAN_POINT('Ctrl Pts',(331.960750814183,-13.0240677923216,18.1904217745884));
#2259=CARTESIAN_POINT('Ctrl Pts',(325.226651349474,-13.0125707295402,21.7003092131096));
#2260=CARTESIAN_POINT('Ctrl Pts',(304.771797249707,-12.9811162971987,31.6239274999801));
#2261=CARTESIAN_POINT('Ctrl Pts',(290.721128820149,-12.963835084077,37.3409031799471));
#2262=CARTESIAN_POINT('Ctrl Pts',(248.184063224575,-12.920344525124,53.3407482849243));
#2263=CARTESIAN_POINT('Ctrl Pts',(219.217731867666,-12.9016652044905,62.3311749642249));
#2264=CARTESIAN_POINT('Ctrl Pts',(131.479884176279,-12.8524251331072,86.0677220509922));
#2265=CARTESIAN_POINT('Ctrl Pts',(71.7851384068804,-12.8285177728518,97.3393569933029));
#2266=CARTESIAN_POINT('Ctrl Pts',(-48.4327845124376,-12.7859581618289,112.896975324861));
#2267=CARTESIAN_POINT('Ctrl Pts',(-108.968239680631,-12.7671093336306,117.170607888179));
#2268=CARTESIAN_POINT('Ctrl Pts',(-184.701158967451,-12.7470991903887,119.516757178591));
#2269=CARTESIAN_POINT('Ctrl Pts',(-199.852573651811,-12.743428471251,119.820321740746));
#2270=CARTESIAN_POINT('Ctrl Pts',(-219.498288818411,-12.7401035684126,120.078783321794));
#2271=CARTESIAN_POINT('Ctrl Pts',(-223.991007070908,-12.739444404516,120.134056863151));
#2272=CARTESIAN_POINT('Ctrl Pts',(-239.145245848572,-12.7376897609798,120.195075013481));
#2273=CARTESIAN_POINT('Ctrl Pts',(-249.807117628608,-12.7371893416645,120.13474371454));
#2274=CARTESIAN_POINT('Ctrl Pts',(-275.623602620121,-12.7389792598067,120.113516298715));
#2275=CARTESIAN_POINT('Ctrl Pts',(-290.778223953475,-12.7416215409087,120.099418332685));
#2276=CARTESIAN_POINT('Ctrl Pts',(-320.126265386891,-12.7548555673623,120.085545088134));
#2277=CARTESIAN_POINT('Ctrl Pts',(-334.326267339025,-12.7870831154916,120.076088743619));
#2278=CARTESIAN_POINT('Ctrl Pts',(-349.472524616277,-12.7678000107365,120.081978920101));
#2279=CARTESIAN_POINT('Ctrl Pts',(-350.434007288447,-12.7659325415166,120.082500071698));
#2280=CARTESIAN_POINT('Ctrl Pts',(-351.395279658027,-12.7632949105464,120.083155659086));
#2281=CARTESIAN_POINT('Ctrl Pts',(351.582953002639,-13.2438876493964,-2.91394122737335));
#2282=CARTESIAN_POINT('Ctrl Pts',(351.563888941347,-13.2577401141886,-1.96284400955266));
#2283=CARTESIAN_POINT('Ctrl Pts',(351.554391309079,-13.2643154211151,-1.00406347899843));
#2284=CARTESIAN_POINT('Ctrl Pts',(351.488795238668,-13.2651426106163,-0.0391811944592353));
#2285=CARTESIAN_POINT('Ctrl Pts',(351.487750023549,-13.2651543016082,-0.0241086455791069));
#2286=CARTESIAN_POINT('Ctrl Pts',(351.486508255892,-13.2651665164662,-0.00656469384643413));
#2287=CARTESIAN_POINT('Ctrl Pts',(351.486332470436,-13.2651682075972,-0.00408940761871172));
#2288=CARTESIAN_POINT('Ctrl Pts',(351.419769212233,-13.2657942985755,0.930079426293694));
#2289=CARTESIAN_POINT('Ctrl Pts',(351.217063244754,-13.2630354940935,1.84040426694026));
#2290=CARTESIAN_POINT('Ctrl Pts',(349.967182355576,-13.2605859964386,4.38600887452589));
#2291=CARTESIAN_POINT('Ctrl Pts',(348.709910814438,-13.2578055744711,5.83414089269538));
#2292=CARTESIAN_POINT('Ctrl Pts',(344.631294146354,-13.2516469691979,9.81215557870978));
#2293=CARTESIAN_POINT('Ctrl Pts',(341.519861215845,-13.2471653803529,12.0101588097672));
#2294=CARTESIAN_POINT('Ctrl Pts',(331.970144676921,-13.234957000724,18.1894583043712));
#2295=CARTESIAN_POINT('Ctrl Pts',(325.236159503141,-13.2272542939184,21.6965970672029));
#2296=CARTESIAN_POINT('Ctrl Pts',(304.779997140939,-13.2062792443167,31.611452337885));
#2297=CARTESIAN_POINT('Ctrl Pts',(290.72643403687,-13.1947601305834,37.3221217156669));
#2298=CARTESIAN_POINT('Ctrl Pts',(248.18023551477,-13.1657923730315,53.3042245448351));
#2299=CARTESIAN_POINT('Ctrl Pts',(219.207339603386,-13.1533690462468,62.2843288661861));
#2300=CARTESIAN_POINT('Ctrl Pts',(131.457413416286,-13.1206027213219,85.9964686506289));
#2301=CARTESIAN_POINT('Ctrl Pts',(71.762552786759,-13.1046811244911,97.2595541378175));
#2302=CARTESIAN_POINT('Ctrl Pts',(-48.4527169741499,-13.0763392818897,112.812756166479));
#2303=CARTESIAN_POINT('Ctrl Pts',(-108.985173842568,-13.0637892853584,117.090817479793));
#2304=CARTESIAN_POINT('Ctrl Pts',(-184.713415891037,-13.0504181340533,119.454044452694));
#2305=CARTESIAN_POINT('Ctrl Pts',(-199.863837968827,-13.0479631252489,119.761537795709));
#2306=CARTESIAN_POINT('Ctrl Pts',(-219.508197570363,-13.0457309690112,120.025639357638));
#2307=CARTESIAN_POINT('Ctrl Pts',(-224.000601090179,-13.0452874268568,120.082270645078));
#2308=CARTESIAN_POINT('Ctrl Pts',(-239.153764307786,-13.0441098963616,120.14771237138));
#2309=CARTESIAN_POINT('Ctrl Pts',(-249.814854627901,-13.0437628735015,120.090519394154));
#2310=CARTESIAN_POINT('Ctrl Pts',(-275.62939971774,-13.0449654461876,120.076554375381));
#2311=CARTESIAN_POINT('Ctrl Pts',(-290.782840449232,-13.0463902157611,120.066272114272));
#2312=CARTESIAN_POINT('Ctrl Pts',(-320.128578224892,-13.0557231319575,120.05711327458));
#2313=CARTESIAN_POINT('Ctrl Pts',(-334.327329521663,-13.0853810591235,120.048717873245));
#2314=CARTESIAN_POINT('Ctrl Pts',(-349.472792794085,-13.0636594262932,120.054809841339));
#2315=CARTESIAN_POINT('Ctrl Pts',(-350.434227646345,-13.0616378160226,120.055339811926));
#2316=CARTESIAN_POINT('Ctrl Pts',(-351.395454670213,-13.0588466203263,120.056000207138));
#2317=CARTESIAN_POINT('Ctrl Pts',(351.58284757041,-13.4385229000545,-2.90800310127913));
#2318=CARTESIAN_POINT('Ctrl Pts',(351.563476331194,-13.4528450369673,-1.95759644385454));
#2319=CARTESIAN_POINT('Ctrl Pts',(351.553762369649,-13.4599113024726,-0.999414914763701));
#2320=CARTESIAN_POINT('Ctrl Pts',(351.491393505391,-13.4611358606503,-0.0341821916980795));
#2321=CARTESIAN_POINT('Ctrl Pts',(351.490399431152,-13.4611537379914,-0.0191039472373955));
#2322=CARTESIAN_POINT('Ctrl Pts',(351.489217999232,-13.4611731303424,-0.00155311378487808));
#2323=CARTESIAN_POINT('Ctrl Pts',(351.489050745377,-13.4611758336061,0.000923149239997265));
#2324=CARTESIAN_POINT('Ctrl Pts',(351.425714299642,-13.4621837018408,0.935462820319151));
#2325=CARTESIAN_POINT('Ctrl Pts',(351.225120803426,-13.4598161844073,1.84657518822976));
#2326=CARTESIAN_POINT('Ctrl Pts',(349.968041386773,-13.4590181381166,4.39149757706855));
#2327=CARTESIAN_POINT('Ctrl Pts',(348.713847468075,-13.4572802408975,5.83868836173973));
#2328=CARTESIAN_POINT('Ctrl Pts',(344.636878026007,-13.4543866360711,9.8151041285601));
#2329=CARTESIAN_POINT('Ctrl Pts',(341.527294874834,-13.4520283171876,12.0122932735393));
#2330=CARTESIAN_POINT('Ctrl Pts',(331.979915363756,-13.4459670677193,18.188299170088));
#2331=CARTESIAN_POINT('Ctrl Pts',(325.245955156422,-13.442064621207,21.692685201148));
#2332=CARTESIAN_POINT('Ctrl Pts',(304.788447273953,-13.4315795097356,31.5988522298555));
#2333=CARTESIAN_POINT('Ctrl Pts',(290.731932711161,-13.4258184734881,37.3031898724706));
#2334=CARTESIAN_POINT('Ctrl Pts',(248.176480011924,-13.4113484801171,53.2675123369427));
#2335=CARTESIAN_POINT('Ctrl Pts',(219.196973349216,-13.4051511973263,62.2372687668916));
#2336=CARTESIAN_POINT('Ctrl Pts',(131.43490516944,-13.3887984398665,85.9249548558017));
#2337=CARTESIAN_POINT('Ctrl Pts',(71.7399537839938,-13.3808458781258,97.1794786992611));
#2338=CARTESIAN_POINT('Ctrl Pts',(-48.4726508249552,-13.3666908612485,112.728239702314));
#2339=CARTESIAN_POINT('Ctrl Pts',(-109.002106846081,-13.3604239245681,117.010714833482));
#2340=CARTESIAN_POINT('Ctrl Pts',(-184.725668332533,-13.3537228866507,119.391061055018));
#2341=CARTESIAN_POINT('Ctrl Pts',(-199.875096998248,-13.3524927454651,119.702522031901));
#2342=CARTESIAN_POINT('Ctrl Pts',(-219.518099956145,-13.3513673320974,119.972264693745));
#2343=CARTESIAN_POINT('Ctrl Pts',(-224.010188551351,-13.3511427327487,120.030234106806));
#2344=CARTESIAN_POINT('Ctrl Pts',(-239.162275156607,-13.3505534680874,120.1001341239));
#2345=CARTESIAN_POINT('Ctrl Pts',(-249.822583181817,-13.3503678180633,120.046135387394));
#2346=CARTESIAN_POINT('Ctrl Pts',(-275.635186175516,-13.3509960158914,120.03949595792));
#2347=CARTESIAN_POINT('Ctrl Pts',(-290.787445269673,-13.3512058592345,120.03306327861));
#2348=CARTESIAN_POINT('Ctrl Pts',(-320.130874746419,-13.3566197171834,120.028654361295));
#2349=CARTESIAN_POINT('Ctrl Pts',(-334.328366803461,-13.3836909673544,120.021326052323));
#2350=CARTESIAN_POINT('Ctrl Pts',(-349.473028597547,-13.359498059043,120.027621832767));
#2351=CARTESIAN_POINT('Ctrl Pts',(-350.434415292434,-13.357320448922,120.028160614607));
#2352=CARTESIAN_POINT('Ctrl Pts',(-351.395596757204,-13.3543740624496,120.028825670939));
#2353=CARTESIAN_POINT('Ctrl Pts',(351.58251864916,-14.2038196185585,-2.88407123518114));
#2354=CARTESIAN_POINT('Ctrl Pts',(351.560671895044,-14.2199950606862,-1.93687662810084));
#2355=CARTESIAN_POINT('Ctrl Pts',(351.549303442818,-14.2289638346564,-0.981441259760839));
#2356=CARTESIAN_POINT('Ctrl Pts',(351.486653834145,-14.2321966337584,-0.0182527625815495));
#2357=CARTESIAN_POINT('Ctrl Pts',(351.48565570023,-14.232245907653,-0.00320628401865204));
#2358=CARTESIAN_POINT('Ctrl Pts',(351.48446992245,-14.232301874951,0.014307769105646));
#2359=CARTESIAN_POINT('Ctrl Pts',(351.484302064233,-14.2323097392995,0.0167788472737152));
#2360=CARTESIAN_POINT('Ctrl Pts',(351.420740853557,-14.2352656590943,0.949363460006438));
#2361=CARTESIAN_POINT('Ctrl Pts',(351.221250155346,-14.2349126118331,1.85923258868401));
#2362=CARTESIAN_POINT('Ctrl Pts',(349.970002480136,-14.240378080703,4.40178230165675));
#2363=CARTESIAN_POINT('Ctrl Pts',(348.722353309536,-14.2430070904439,5.84894881222472));
#2364=CARTESIAN_POINT('Ctrl Pts',(344.660692685724,-14.2530408392403,9.82375205150586));
#2365=CARTESIAN_POINT('Ctrl Pts',(341.556856959069,-14.2590964772308,12.0182953364549));
#2366=CARTESIAN_POINT('Ctrl Pts',(332.019900298327,-14.2773048119971,18.1829992821485));
#2367=CARTESIAN_POINT('Ctrl Pts',(325.285695717234,-14.2883881246326,21.6765276250915));
#2368=CARTESIAN_POINT('Ctrl Pts',(304.822706503472,-14.3192433417103,31.5487532376038));
#2369=CARTESIAN_POINT('Ctrl Pts',(290.75434982853,-14.3361379164019,37.228060875591));
#2370=CARTESIAN_POINT('Ctrl Pts',(248.161975530766,-14.3786509714026,53.1222182080946));
#2371=CARTESIAN_POINT('Ctrl Pts',(219.156258352717,-14.3968500170281,62.0511297459692));
#2372=CARTESIAN_POINT('Ctrl Pts',(131.346132091945,-14.4448871768607,85.642345830329));
#2373=CARTESIAN_POINT('Ctrl Pts',(71.6509187107015,-14.4682465752808,96.863109736531));
#2374=CARTESIAN_POINT('Ctrl Pts',(-48.5511449266555,-14.5098284205941,112.394284321856));
#2375=CARTESIAN_POINT('Ctrl Pts',(-109.068775389141,-14.5282369719194,116.694078326994));
#2376=CARTESIAN_POINT('Ctrl Pts',(-184.773894635103,-14.5479209277818,119.141989699031));
#2377=CARTESIAN_POINT('Ctrl Pts',(-199.919408666348,-14.5515496731402,119.469226471059));
#2378=CARTESIAN_POINT('Ctrl Pts',(-219.55706579579,-14.5548375415646,119.761183454924));
#2379=CARTESIAN_POINT('Ctrl Pts',(-224.047913693291,-14.5554882232128,119.824342272955));
#2380=CARTESIAN_POINT('Ctrl Pts',(-239.195757167822,-14.5572596933481,119.911932747298));
#2381=CARTESIAN_POINT('Ctrl Pts',(-249.852981751731,-14.5577414554864,119.870732338184));
#2382=CARTESIAN_POINT('Ctrl Pts',(-275.657929571659,-14.5561610516508,119.893187237052));
#2383=CARTESIAN_POINT('Ctrl Pts',(-290.805532184625,-14.5515988709641,119.902046585468));
#2384=CARTESIAN_POINT('Ctrl Pts',(-320.139856459551,-14.5415134775752,119.916482632098));
#2385=CARTESIAN_POINT('Ctrl Pts',(-334.332360813933,-14.5583351030818,119.913379909539));
#2386=CARTESIAN_POINT('Ctrl Pts',(-349.473837252387,-14.5242822046698,119.920486272318));
#2387=CARTESIAN_POINT('Ctrl Pts',(-350.435032947433,-14.5214830027903,119.921059719174));
#2388=CARTESIAN_POINT('Ctrl Pts',(-351.396034129605,-14.5179191163609,119.921742561505));
#2389=CARTESIAN_POINT('Ctrl Pts',(351.583351231436,-14.7722943943841,-2.86463702377565));
#2390=CARTESIAN_POINT('Ctrl Pts',(351.556653590026,-14.7898526960625,-1.92094073621588));
#2391=CARTESIAN_POINT('Ctrl Pts',(351.538523654241,-14.8002735858329,-0.969098578032316));
#2392=CARTESIAN_POINT('Ctrl Pts',(351.447085871784,-14.8059907051292,-0.0152046850545237));
#2393=CARTESIAN_POINT('Ctrl Pts',(351.445634475757,-14.8060789938402,-0.000304543179675113));
#2394=CARTESIAN_POINT('Ctrl Pts',(351.443917339149,-14.8061806052419,0.0170378979693176));
#2395=CARTESIAN_POINT('Ctrl Pts',(351.443674423719,-14.8061949149201,0.0194847336140333));
#2396=CARTESIAN_POINT('Ctrl Pts',(351.351754285285,-14.8115853096023,0.942909138848562));
#2397=CARTESIAN_POINT('Ctrl Pts',(351.138747431822,-14.81374473732,1.84242687851954));
#2398=CARTESIAN_POINT('Ctrl Pts',(349.961294123338,-14.8235619323891,4.38296218754268));
#2399=CARTESIAN_POINT('Ctrl Pts',(348.713540987083,-14.8298561281728,5.83941051254607));
#2400=CARTESIAN_POINT('Ctrl Pts',(344.683154326909,-14.8496687867177,9.82391966774044));
#2401=CARTESIAN_POINT('Ctrl Pts',(341.579712677573,-14.8621232765352,12.0175453475688));
#2402=CARTESIAN_POINT('Ctrl Pts',(332.053072551902,-14.8985749286339,18.1774569760412));
#2403=CARTESIAN_POINT('Ctrl Pts',(325.317931478547,-14.9208871868458,21.6628320956895));
#2404=CARTESIAN_POINT('Ctrl Pts',(304.850427601779,-14.9826615598728,31.5103122181597));
#2405=CARTESIAN_POINT('Ctrl Pts',(290.772755679826,-15.0164211444892,37.1707321301122));
#2406=CARTESIAN_POINT('Ctrl Pts',(248.151774353287,-15.1012216589566,53.0122027284171));
#2407=CARTESIAN_POINT('Ctrl Pts',(219.126107669339,-15.1373608873983,61.9104235744998));
#2408=CARTESIAN_POINT('Ctrl Pts',(131.279582526943,-15.232912135558,85.4292674822506));
#2409=CARTESIAN_POINT('Ctrl Pts',(71.5843828332506,-15.2794864096342,96.6247392501818));
#2410=CARTESIAN_POINT('Ctrl Pts',(-48.6097140297816,-15.362378522022,112.142574935434));
#2411=CARTESIAN_POINT('Ctrl Pts',(-109.118500918068,-15.3990553713469,116.455157863403));
#2412=CARTESIAN_POINT('Ctrl Pts',(-184.809834204381,-15.4386896430876,118.953820122649));
#2413=CARTESIAN_POINT('Ctrl Pts',(-199.952421067732,-15.4460221499197,119.293165492133));
#2414=CARTESIAN_POINT('Ctrl Pts',(-219.586081180635,-15.4527241234125,119.601698451133));
#2415=CARTESIAN_POINT('Ctrl Pts',(-224.07600197407,-15.4540567248368,119.66854955725));
#2416=CARTESIAN_POINT('Ctrl Pts',(-239.22067123572,-15.4576868083012,119.769635545411));
#2417=CARTESIAN_POINT('Ctrl Pts',(-249.875588572718,-15.4587366637363,119.738470488799));
#2418=CARTESIAN_POINT('Ctrl Pts',(-275.674807465562,-15.4556246866424,119.783180398698));
#2419=CARTESIAN_POINT('Ctrl Pts',(-290.818927947099,-15.4475282413973,119.80374198789));
#2420=CARTESIAN_POINT('Ctrl Pts',(-320.146423765912,-15.4257306904139,119.832548018331));
#2421=CARTESIAN_POINT('Ctrl Pts',(-334.335141819924,-15.4347640776632,119.832650245596));
#2422=CARTESIAN_POINT('Ctrl Pts',(-349.474176793704,-15.3930705884516,119.840379424373));
#2423=CARTESIAN_POINT('Ctrl Pts',(-350.435226996882,-15.3897915177829,119.840978685843));
#2424=CARTESIAN_POINT('Ctrl Pts',(-351.396091744615,-15.3857528364563,119.841673548916));
#2425=CARTESIAN_POINT('Ctrl Pts',(351.576727919333,-16.1001582133839,-2.81635421850084));
#2426=CARTESIAN_POINT('Ctrl Pts',(351.526294849611,-16.1215748396191,-1.88515743787784));
#2427=CARTESIAN_POINT('Ctrl Pts',(351.464525739329,-16.136657752439,-0.950657956635617));
#2428=CARTESIAN_POINT('Ctrl Pts',(351.318482294215,-16.1482788995873,-0.0202230127270516));
#2429=CARTESIAN_POINT('Ctrl Pts',(351.31617875566,-16.1484596161213,-0.00569016074948711));
#2430=CARTESIAN_POINT('Ctrl Pts',(351.313471272355,-16.1486690311041,0.0112238851905547));
#2431=CARTESIAN_POINT('Ctrl Pts',(351.313088663589,-16.1486985559656,0.0136102578714));
#2432=CARTESIAN_POINT('Ctrl Pts',(351.168462561503,-16.1598330468783,0.914208461924763));
#2433=CARTESIAN_POINT('Ctrl Pts',(350.932594680245,-16.1678317857762,1.79090798179477));
#2434=CARTESIAN_POINT('Ctrl Pts',(349.848511102667,-16.1909849999058,4.31020290933655));
#2435=CARTESIAN_POINT('Ctrl Pts',(348.6639451336,-16.2052130824871,5.79033158022914));
#2436=CARTESIAN_POINT('Ctrl Pts',(344.735989959448,-16.2483931081102,9.80781550267391));
#2437=CARTESIAN_POINT('Ctrl Pts',(341.635136341364,-16.2758326031479,12.0046963776391));
#2438=CARTESIAN_POINT('Ctrl Pts',(332.138394473072,-16.3552196810208,18.1607886940284));
#2439=CARTESIAN_POINT('Ctrl Pts',(325.399505894178,-16.403903418864,21.6271518247124));
#2440=CARTESIAN_POINT('Ctrl Pts',(304.920390788862,-16.538172443649,31.4179516774469));
#2441=CARTESIAN_POINT('Ctrl Pts',(290.8197689821,-16.6113008859974,37.0336380209488));
#2442=CARTESIAN_POINT('Ctrl Pts',(248.129329916345,-16.7945069879626,52.7509629665629));
#2443=CARTESIAN_POINT('Ctrl Pts',(219.056058265678,-16.8720146144114,61.5768446536407));
#2444=CARTESIAN_POINT('Ctrl Pts',(131.123090130066,-17.0775254202286,84.925355164313));
#2445=CARTESIAN_POINT('Ctrl Pts',(71.4284149407041,-17.1780886198648,96.061375810424));
#2446=CARTESIAN_POINT('Ctrl Pts',(-48.7468003928964,-17.3570000553631,111.547442182752));
#2447=CARTESIAN_POINT('Ctrl Pts',(-109.234843963667,-17.4360746168791,115.889596972255));
#2448=CARTESIAN_POINT('Ctrl Pts',(-184.893855980091,-17.5230036527065,118.507792236729));
#2449=CARTESIAN_POINT('Ctrl Pts',(-200.029578297033,-17.5391868064628,118.876197107455));
#2450=CARTESIAN_POINT('Ctrl Pts',(-219.653865820915,-17.5541680697619,119.223548224704));
#2451=CARTESIAN_POINT('Ctrl Pts',(-224.141613736112,-17.5571657814554,119.298700563098));
#2452=CARTESIAN_POINT('Ctrl Pts',(-239.278836310872,-17.5653807701303,119.432058696981));
#2453=CARTESIAN_POINT('Ctrl Pts',(-249.928339717816,-17.5679326365578,119.425466581415));
#2454=CARTESIAN_POINT('Ctrl Pts',(-275.714115969706,-17.5615376639198,119.523513884117));
#2455=CARTESIAN_POINT('Ctrl Pts',(-290.85007063504,-17.5452521135318,119.572174674398));
#2456=CARTESIAN_POINT('Ctrl Pts',(-320.161532254425,-17.4957410113763,119.635385117563));
#2457=CARTESIAN_POINT('Ctrl Pts',(-334.341320415898,-17.4862578163678,119.643103014775));
#2458=CARTESIAN_POINT('Ctrl Pts',(-349.474495076424,-17.426037369901,119.652325042736));
#2459=CARTESIAN_POINT('Ctrl Pts',(-350.435197266898,-17.4215979663665,119.652984551702));
#2460=CARTESIAN_POINT('Ctrl Pts',(-351.395736915237,-17.4164148236744,119.653704907907));
#2461=CARTESIAN_POINT('Ctrl Pts',(351.565467230961,-16.8589936989762,-2.78692046599597));
#2462=CARTESIAN_POINT('Ctrl Pts',(351.493867864314,-16.8831029849914,-1.86587752806234));
#2463=CARTESIAN_POINT('Ctrl Pts',(351.399363555847,-16.90145117293,-0.94543240602355));
#2464=CARTESIAN_POINT('Ctrl Pts',(351.22834028368,-16.9165831799746,-0.0295174969277054));
#2465=CARTESIAN_POINT('Ctrl Pts',(351.225648988243,-16.9168187781192,-0.0152113862797549));
#2466=CARTESIAN_POINT('Ctrl Pts',(351.222493127847,-16.9170921154841,0.00143885973537904));
#2467=CARTESIAN_POINT('Ctrl Pts',(351.222047325902,-16.9171306601692,0.00378801551141189));
#2468=CARTESIAN_POINT('Ctrl Pts',(351.053598254466,-16.9316695793748,0.890341706713658));
#2469=CARTESIAN_POINT('Ctrl Pts',(350.806109900187,-16.9431214897958,1.75395330820348));
#2470=CARTESIAN_POINT('Ctrl Pts',(349.73937934001,-16.9755008082987,4.2518447719372));
#2471=CARTESIAN_POINT('Ctrl Pts',(348.612548537477,-16.9943628584773,5.74304388990979));
#2472=CARTESIAN_POINT('Ctrl Pts',(344.764760582964,-17.0513268571635,9.78495367941574));
#2473=CARTESIAN_POINT('Ctrl Pts',(341.668258578318,-17.087329960701,11.9887295895715));
#2474=CARTESIAN_POINT('Ctrl Pts',(332.193241451534,-17.1914867167975,18.1484330201438));
#2475=CARTESIAN_POINT('Ctrl Pts',(325.450956160128,-17.2553420828006,21.603937038262));
#2476=CARTESIAN_POINT('Ctrl Pts',(304.964369452496,-17.4312296981332,31.3632261416868));
#2477=CARTESIAN_POINT('Ctrl Pts',(290.849720866939,-17.5268268540278,36.9528806055867));
#2478=CARTESIAN_POINT('Ctrl Pts',(248.117573684089,-17.7659581565105,52.5984596914309));
#2479=CARTESIAN_POINT('Ctrl Pts',(219.016335549887,-17.8666830715247,61.3825194936979));
#2480=CARTESIAN_POINT('Ctrl Pts',(131.032895785728,-18.134215742493,84.6327445093706));
#2481=CARTESIAN_POINT('Ctrl Pts',(71.3388992773448,-18.2654360237038,95.7345188494222));
#2482=CARTESIAN_POINT('Ctrl Pts',(-48.8253209756555,-18.4988304110173,111.20196736723));
#2483=CARTESIAN_POINT('Ctrl Pts',(-109.301449290995,-18.6019125391226,115.5607816925));
#2484=CARTESIAN_POINT('Ctrl Pts',(-184.941906844894,-18.71639142017,118.248017184375));
#2485=CARTESIAN_POINT('Ctrl Pts',(-200.073687115942,-18.7377835834348,118.63361838185));
#2486=CARTESIAN_POINT('Ctrl Pts',(-219.692592993297,-18.7577284546467,119.003217288753));
#2487=CARTESIAN_POINT('Ctrl Pts',(-224.179094072302,-18.7617329103458,119.082865728867));
#2488=CARTESIAN_POINT('Ctrl Pts',(-239.312038152503,-18.7727542482961,119.235235223031));
#2489=CARTESIAN_POINT('Ctrl Pts',(-249.95843012304,-18.7762987623597,119.243550647578));
#2490=CARTESIAN_POINT('Ctrl Pts',(-275.736480943084,-18.7682550476955,119.373103915905));
#2491=CARTESIAN_POINT('Ctrl Pts',(-290.867746421624,-18.7473426923588,119.438405075211));
#2492=CARTESIAN_POINT('Ctrl Pts',(-320.169984476914,-18.6817269100428,119.521912778958));
#2493=CARTESIAN_POINT('Ctrl Pts',(-334.344606342499,-18.6614176912027,119.534079687726));
#2494=CARTESIAN_POINT('Ctrl Pts',(-349.474312193109,-18.590090765203,119.544183876633));
#2495=CARTESIAN_POINT('Ctrl Pts',(-350.434809285425,-18.5849581729557,119.544877775544));
#2496=CARTESIAN_POINT('Ctrl Pts',(-351.395158286278,-18.579093995253,119.545610722521));
#2497=CARTESIAN_POINT('Ctrl Pts',(351.538397512576,-19.1361663845156,-2.6883449071789));
#2498=CARTESIAN_POINT('Ctrl Pts',(351.41223574599,-19.1692103041492,-1.7974722817469));
#2499=CARTESIAN_POINT('Ctrl Pts',(351.246700407904,-19.1975631831276,-0.914778645596848));
#2500=CARTESIAN_POINT('Ctrl Pts',(351.017494861596,-19.2231660748968,-0.0379547184362502));
#2501=CARTESIAN_POINT('Ctrl Pts',(351.013898680205,-19.2235653236472,-0.0242592738353302));
#2502=CARTESIAN_POINT('Ctrl Pts',(351.009694389129,-19.2240292386672,-0.00831979446259413));
#2503=CARTESIAN_POINT('Ctrl Pts',(351.009100775407,-19.2240946742359,-0.00607092049768918));
#2504=CARTESIAN_POINT('Ctrl Pts',(350.784910288622,-19.2487829827057,0.84263691119821));
#2505=CARTESIAN_POINT('Ctrl Pts',(350.503992719889,-19.2703934080614,1.66989108714557));
#2506=CARTESIAN_POINT('Ctrl Pts',(349.446600625977,-19.3308372923996,4.09571882838137));
#2507=CARTESIAN_POINT('Ctrl Pts',(348.435108374319,-19.3651099446951,5.59386781143489));
#2508=CARTESIAN_POINT('Ctrl Pts',(344.810931285072,-19.4653332502368,9.6805648829837));
#2509=CARTESIAN_POINT('Ctrl Pts',(341.760428803397,-19.5271496552853,11.9174533714085));
#2510=CARTESIAN_POINT('Ctrl Pts',(332.371475455006,-19.7064360478874,18.1002014686943));
#2511=CARTESIAN_POINT('Ctrl Pts',(325.61722999957,-19.8159471484927,21.5254969745282));
#2512=CARTESIAN_POINT('Ctrl Pts',(305.108001471098,-20.1169682722882,31.1937421495386));
#2513=CARTESIAN_POINT('Ctrl Pts',(290.948302676092,-20.279684788947,36.7039476549096));
#2514=CARTESIAN_POINT('Ctrl Pts',(248.085552392153,-20.6852047445925,52.1324323406073));
#2515=CARTESIAN_POINT('Ctrl Pts',(218.898309649989,-20.8541326906655,60.7898421293564));
#2516=CARTESIAN_POINT('Ctrl Pts',(130.760681859274,-21.3048223343975,83.7430089826672));
#2517=CARTESIAN_POINT('Ctrl Pts',(71.0698467053571,-21.5272023723838,94.7414213473777));
#2518=CARTESIAN_POINT('Ctrl Pts',(-49.0608623791774,-21.922421912955,110.151629124573));
#2519=CARTESIAN_POINT('Ctrl Pts',(-109.501153427336,-22.0966134333985,114.559352042862));
#2520=CARTESIAN_POINT('Ctrl Pts',(-185.085842102287,-22.2950461670874,117.455373616075));
#2521=CARTESIAN_POINT('Ctrl Pts',(-200.205771863779,-22.3324725786015,117.893688398164));
#2522=CARTESIAN_POINT('Ctrl Pts',(-219.808499779476,-22.3679786432334,118.330347687477));
#2523=CARTESIAN_POINT('Ctrl Pts',(-224.291253244977,-22.3751650980098,118.4233214544));
#2524=CARTESIAN_POINT('Ctrl Pts',(-239.411329740857,-22.3951630116894,118.634263786812));
#2525=CARTESIAN_POINT('Ctrl Pts',(-250.048362262864,-22.4021038845209,118.689370422741));
#2526=CARTESIAN_POINT('Ctrl Pts',(-275.803181153147,-22.3899025973735,118.916062620372));
#2527=CARTESIAN_POINT('Ctrl Pts',(-290.920347237077,-22.3553636867743,119.033005076042));
#2528=CARTESIAN_POINT('Ctrl Pts',(-320.194887991634,-22.2409154813353,119.179362951772));
#2529=CARTESIAN_POINT('Ctrl Pts',(-334.354174155059,-22.1875982932912,119.205116488289));
#2530=CARTESIAN_POINT('Ctrl Pts',(-349.473188857614,-22.0816522631606,119.217889078696));
#2531=CARTESIAN_POINT('Ctrl Pts',(-350.433052090119,-22.074360749578,119.218684566469));
#2532=CARTESIAN_POINT('Ctrl Pts',(-351.39281042977,-22.0663784833889,119.219450239406));
#2533=CARTESIAN_POINT('Ctrl Pts',(351.530872864473,-20.6547496989489,-2.6098728128685));
#2534=CARTESIAN_POINT('Ctrl Pts',(351.378385594427,-20.6946464955673,-1.73860129222214));
#2535=CARTESIAN_POINT('Ctrl Pts',(351.187112943099,-20.730060621897,-0.877457394182473));
#2536=CARTESIAN_POINT('Ctrl Pts',(350.935977564347,-20.7626929840608,-0.0223991873480828));
#2537=CARTESIAN_POINT('Ctrl Pts',(350.932039620595,-20.7632020394766,-0.00904379724359976));
#2538=CARTESIAN_POINT('Ctrl Pts',(350.927438462986,-20.7637937653542,0.00649981551503374));
#2539=CARTESIAN_POINT('Ctrl Pts',(350.926788876693,-20.7638772338119,0.00869283516980367));
#2540=CARTESIAN_POINT('Ctrl Pts',(350.681482633813,-20.7953711247602,0.836320873843135));
#2541=CARTESIAN_POINT('Ctrl Pts',(350.382164628262,-20.823658686087,1.64260423266923));
#2542=CARTESIAN_POINT('Ctrl Pts',(349.289055885368,-20.9036490378983,4.01277841459088));
#2543=CARTESIAN_POINT('Ctrl Pts',(348.298803087996,-20.9496767722691,5.48997478018158));
#2544=CARTESIAN_POINT('Ctrl Pts',(344.787108508715,-21.0814643076553,9.56850129457735));
#2545=CARTESIAN_POINT('Ctrl Pts',(341.809104663329,-21.16084069931,11.8384925445751));
#2546=CARTESIAN_POINT('Ctrl Pts',(332.508741461117,-21.3913587003268,18.0521603268168));
#2547=CARTESIAN_POINT('Ctrl Pts',(325.744142177327,-21.5314567133995,21.4614027417502));
#2548=CARTESIAN_POINT('Ctrl Pts',(305.219641615478,-21.9162428004362,31.0738348764247));
#2549=CARTESIAN_POINT('Ctrl Pts',(291.025759430819,-22.1233184093038,36.5291514566754));
#2550=CARTESIAN_POINT('Ctrl Pts',(248.068544328191,-22.6379025026117,51.8103940291767));
#2551=CARTESIAN_POINT('Ctrl Pts',(218.821159064993,-22.850364991487,60.3817898191271));
#2552=CARTESIAN_POINT('Ctrl Pts',(130.577026188978,-23.4192751930187,83.1339750694858));
#2553=CARTESIAN_POINT('Ctrl Pts',(70.8898035655362,-23.7013473789191,94.0626505795646));
#2554=CARTESIAN_POINT('Ctrl Pts',(-49.2178630518627,-24.2022861112726,109.432848250845));
#2555=CARTESIAN_POINT('Ctrl Pts',(-109.634140772264,-24.4226660799808,113.871712338387));
#2556=CARTESIAN_POINT('Ctrl Pts',(-185.181509417762,-24.6788138687502,116.909196734844));
#2557=CARTESIAN_POINT('Ctrl Pts',(-200.293506663748,-24.7274745176713,117.384072241431));
#2558=CARTESIAN_POINT('Ctrl Pts',(-219.885405180941,-24.7742506930683,117.865890409896));
#2559=CARTESIAN_POINT('Ctrl Pts',(-224.36565029655,-24.7837746086861,117.96766459964));
#2560=CARTESIAN_POINT('Ctrl Pts',(-239.477105656007,-24.8105018821898,118.219728758081));
#2561=CARTESIAN_POINT('Ctrl Pts',(-250.107865074537,-24.8202653190605,118.308744239014));
#2562=CARTESIAN_POINT('Ctrl Pts',(-275.847122926667,-24.8063448186444,118.60362164971));
#2563=CARTESIAN_POINT('Ctrl Pts',(-290.95484527483,-24.7630532812628,118.757310899067));
#2564=CARTESIAN_POINT('Ctrl Pts',(-320.21089307625,-24.6153577712339,118.948181673772));
#2565=CARTESIAN_POINT('Ctrl Pts',(-334.360232671909,-24.539352369945,118.983277975627));
#2566=CARTESIAN_POINT('Ctrl Pts',(-349.471744121507,-24.4086071509946,118.997852087441));
#2567=CARTESIAN_POINT('Ctrl Pts',(-350.431159230302,-24.3997703009607,118.99871338958));
#2568=CARTESIAN_POINT('Ctrl Pts',(-351.390497246022,-24.3902748684007,118.999494865901));
#2569=CARTESIAN_POINT('Ctrl Pts',(351.376368981857,-25.2079451268351,-2.42546724809255));
#2570=CARTESIAN_POINT('Ctrl Pts',(351.154035674469,-25.2681725922311,-1.61103858195924));
#2571=CARTESIAN_POINT('Ctrl Pts',(350.895013360668,-25.3244510966036,-0.809393225199491));
#2572=CARTESIAN_POINT('Ctrl Pts',(350.590405555884,-25.3782613352423,-0.0118430458477795));
#2573=CARTESIAN_POINT('Ctrl Pts',(350.58563585479,-25.3791012870736,0.000614536154033597));
#2574=CARTESIAN_POINT('Ctrl Pts',(350.580070717888,-25.3800782554305,0.0151137593538703));
#2575=CARTESIAN_POINT('Ctrl Pts',(350.579285219626,-25.380216080055,0.0171594400806537));
#2576=CARTESIAN_POINT('Ctrl Pts',(350.282722469164,-25.4322246892551,0.789187539318346));
#2577=CARTESIAN_POINT('Ctrl Pts',(349.947696085884,-25.4809184493276,1.54318995805333));
#2578=CARTESIAN_POINT('Ctrl Pts',(348.808028423575,-25.6211180709176,3.77831073937089));
#2579=CARTESIAN_POINT('Ctrl Pts',(347.874717837347,-25.7047464237089,5.20140938973654));
#2580=CARTESIAN_POINT('Ctrl Pts',(344.622938433027,-25.9395065866562,9.21811434887042));
#2581=CARTESIAN_POINT('Ctrl Pts',(341.8626138421,-26.0763589930205,11.5476039742113));
#2582=CARTESIAN_POINT('Ctrl Pts',(332.899911787504,-26.4685906336208,17.8405549785853));
#2583=CARTESIAN_POINT('Ctrl Pts',(326.136041459271,-26.7014264737413,21.2256888983039));
#2584=CARTESIAN_POINT('Ctrl Pts',(305.595101299809,-27.3397686970301,30.6895354574435));
#2585=CARTESIAN_POINT('Ctrl Pts',(291.286317191545,-27.6784912791501,35.9768187915072));
#2586=CARTESIAN_POINT('Ctrl Pts',(248.030058314861,-28.5145325528292,50.8113414652629));
#2587=CARTESIAN_POINT('Ctrl Pts',(218.593589723922,-28.8517212716429,59.1197740630049));
#2588=CARTESIAN_POINT('Ctrl Pts',(130.020310149093,-29.7635200394816,81.2603896135223));
#2589=CARTESIAN_POINT('Ctrl Pts',(70.348162468885,-30.2212152971802,91.9770352524024));
#2590=CARTESIAN_POINT('Ctrl Pts',(-49.688434312522,-31.032037132106,107.220699122949));
#2591=CARTESIAN_POINT('Ctrl Pts',(-110.032409549238,-31.3866274281436,111.747295348853));
#2592=CARTESIAN_POINT('Ctrl Pts',(-185.467588535768,-31.8202231547367,115.2144797282));
#2593=CARTESIAN_POINT('Ctrl Pts',(-200.555748034052,-31.9040485354525,115.799159561569));
#2594=CARTESIAN_POINT('Ctrl Pts',(-220.115086748726,-31.9872714844055,116.420975740002));
#2595=CARTESIAN_POINT('Ctrl Pts',(-224.587783487476,-32.0044565687,116.552092321356));
#2596=CARTESIAN_POINT('Ctrl Pts',(-239.673317273122,-32.0536714565103,116.932708841879));
#2597=CARTESIAN_POINT('Ctrl Pts',(-250.285213902897,-32.073716826517,117.127785065718));
#2598=CARTESIAN_POINT('Ctrl Pts',(-275.97773580391,-32.0585330051049,117.636769208155));
#2599=CARTESIAN_POINT('Ctrl Pts',(-291.057048218323,-31.9906049132055,117.907491162055));
#2600=CARTESIAN_POINT('Ctrl Pts',(-320.258139136464,-31.7427887282227,118.241345874459));
#2601=CARTESIAN_POINT('Ctrl Pts',(-334.380149532939,-31.5971929817543,118.305916099005));
#2602=CARTESIAN_POINT('Ctrl Pts',(-349.468557527088,-31.3887967715698,118.32541389799));
#2603=CARTESIAN_POINT('Ctrl Pts',(-350.426557063854,-31.3750942403014,118.326445891773));
#2604=CARTESIAN_POINT('Ctrl Pts',(-351.384534508996,-31.3608113889508,118.327248920598));
#2605=CARTESIAN_POINT('Ctrl Pts',(351.141200814758,-28.2404718366351,-2.35228741629406));
#2606=CARTESIAN_POINT('Ctrl Pts',(350.889741188188,-28.3146142779976,-1.57066502783499));
#2607=CARTESIAN_POINT('Ctrl Pts',(350.607533527373,-28.3849071638813,-0.800154692579004));
#2608=CARTESIAN_POINT('Ctrl Pts',(350.286169252678,-28.4529734364616,-0.0316079699771489));
#2609=CARTESIAN_POINT('Ctrl Pts',(350.281139369928,-28.4540361433937,-0.019602938253798));
#2610=CARTESIAN_POINT('Ctrl Pts',(350.275273216168,-28.4552724649401,-0.00562987437501342));
#2611=CARTESIAN_POINT('Ctrl Pts',(350.27444528977,-28.455446883546,-0.00365841599053565));
#2612=CARTESIAN_POINT('Ctrl Pts',(349.961886137083,-28.5212666549548,0.740363487252325));
#2613=CARTESIAN_POINT('Ctrl Pts',(349.617198059978,-28.5837553313377,1.46888577965616));
#2614=CARTESIAN_POINT('Ctrl Pts',(348.465722511095,-28.7655937575278,3.63432481929805));
#2615=CARTESIAN_POINT('Ctrl Pts',(347.548665173478,-28.8767433745889,5.02086952438978));
#2616=CARTESIAN_POINT('Ctrl Pts',(344.400708739326,-29.1893146411602,8.96088822175849));
#2617=CARTESIAN_POINT('Ctrl Pts',(341.777964787882,-29.3711000156394,11.289618660212));
#2618=CARTESIAN_POINT('Ctrl Pts',(333.113376373565,-29.8830338818879,17.6087697737253));
#2619=CARTESIAN_POINT('Ctrl Pts',(326.405083924081,-30.1793712239008,21.0079515315351));
#2620=CARTESIAN_POINT('Ctrl Pts',(305.901079766777,-30.9900605147915,30.3998233798239));
#2621=CARTESIAN_POINT('Ctrl Pts',(291.49803532553,-31.4145045910636,35.5712836593431));
#2622=CARTESIAN_POINT('Ctrl Pts',(248.021602268537,-32.4571300727921,50.1016073711696));
#2623=CARTESIAN_POINT('Ctrl Pts',(218.44722461948,-32.8696013401789,58.2279769002393));
#2624=CARTESIAN_POINT('Ctrl Pts',(129.641459991844,-33.9942227246647,79.9493040062538));
#2625=CARTESIAN_POINT('Ctrl Pts',(69.9850500595424,-34.5643951246625,90.5208477400636));
#2626=CARTESIAN_POINT('Ctrl Pts',(-50.0015766227753,-35.5721105206249,105.671479495874));
#2627=CARTESIAN_POINT('Ctrl Pts',(-110.296999177479,-36.0103703596703,110.249054671249));
#2628=CARTESIAN_POINT('Ctrl Pts',(-185.65708123755,-36.5680902715918,114.009754239781));
#2629=CARTESIAN_POINT('Ctrl Pts',(-200.72929693776,-36.6773304993831,114.667391959284));
#2630=CARTESIAN_POINT('Ctrl Pts',(-220.266832661317,-36.7883951344262,115.389459004303));
#2631=CARTESIAN_POINT('Ctrl Pts',(-224.734466874843,-36.8115593714856,115.544038728544));
#2632=CARTESIAN_POINT('Ctrl Pts',(-239.802645325111,-36.8788524095212,116.017149064954));
#2633=CARTESIAN_POINT('Ctrl Pts',(-250.401911945307,-36.9081845402313,116.288300851301));
#2634=CARTESIAN_POINT('Ctrl Pts',(-276.063213092861,-36.8973590632434,116.953424941979));
#2635=CARTESIAN_POINT('Ctrl Pts',(-291.123479051386,-36.8151378240287,117.311004101378));
#2636=CARTESIAN_POINT('Ctrl Pts',(-320.288746764709,-36.5000984852587,117.752849764612));
#2637=CARTESIAN_POINT('Ctrl Pts',(-334.396086603238,-36.3059008661523,117.838882832417));
#2638=CARTESIAN_POINT('Ctrl Pts',(-349.468378946958,-36.0416670151102,117.860916671378));
#2639=CARTESIAN_POINT('Ctrl Pts',(-350.425343624259,-36.0244307635469,117.862022047559));
#2640=CARTESIAN_POINT('Ctrl Pts',(-351.382283180236,-36.0066397663313,117.86280261758));
#2641=CARTESIAN_POINT('Ctrl Pts',(350.537712803043,-37.3413714783961,-2.11117917559517));
#2642=CARTESIAN_POINT('Ctrl Pts',(350.225304023905,-37.4579277265154,-1.41366552858407));
#2643=CARTESIAN_POINT('Ctrl Pts',(349.890807078426,-37.570805317606,-0.7250843413816));
#2644=CARTESIAN_POINT('Ctrl Pts',(349.528244521524,-37.6820147900551,-0.035449008176283));
#2645=CARTESIAN_POINT('Ctrl Pts',(349.522573840182,-37.6837515799737,-0.0246759029096852));
#2646=CARTESIAN_POINT('Ctrl Pts',(349.515965035862,-37.6857726840609,-0.012135893214914));
#2647=CARTESIAN_POINT('Ctrl Pts',(349.515032403074,-37.6860578320786,-0.0103666051522028));
#2648=CARTESIAN_POINT('Ctrl Pts',(349.162985392385,-37.7936682192275,0.657364130714043));
#2649=CARTESIAN_POINT('Ctrl Pts',(348.790294822808,-37.8977172247027,1.31395104080637));
#2650=CARTESIAN_POINT('Ctrl Pts',(347.591923401787,-38.2046169784393,3.27797216256392));
#2651=CARTESIAN_POINT('Ctrl Pts',(346.697267566972,-38.3979560926462,4.55368849417093));
#2652=CARTESIAN_POINT('Ctrl Pts',(343.737950820978,-38.94702297433,8.24186355831723));
#2653=CARTESIAN_POINT('Ctrl Pts',(341.388734161643,-39.2722456562243,10.5108016973532));
#2654=CARTESIAN_POINT('Ctrl Pts',(333.437000620169,-40.1716328749158,16.7532214621857));
#2655=CARTESIAN_POINT('Ctrl Pts',(327.013347427598,-40.67435290153,20.175087558905));
#2656=CARTESIAN_POINT('Ctrl Pts',(306.810423637347,-42.0255588775715,29.3671014548313));
#2657=CARTESIAN_POINT('Ctrl Pts',(292.152102446233,-42.7027915247433,34.2196717508794));
#2658=CARTESIAN_POINT('Ctrl Pts',(248.032977637826,-44.3459464970519,47.8455666324456));
#2659=CARTESIAN_POINT('Ctrl Pts',(218.012316753032,-44.9613065663016,55.4077871478998));
#2660=CARTESIAN_POINT('Ctrl Pts',(128.49046445166,-46.6791719644331,75.8416920131071));
#2661=CARTESIAN_POINT('Ctrl Pts',(68.8940123531676,-47.5709824828753,85.9632586607568));
#2662=CARTESIAN_POINT('Ctrl Pts',(-50.9363847091734,-49.1337551719508,100.801214024875));
#2663=CARTESIAN_POINT('Ctrl Pts',(-111.085889395923,-49.7999651015263,105.506217726655));
#2664=CARTESIAN_POINT('Ctrl Pts',(-186.221297672763,-50.7365009687092,110.14480418007));
#2665=CARTESIAN_POINT('Ctrl Pts',(-201.24586069568,-50.9256020700135,111.017389859949));
#2666=CARTESIAN_POINT('Ctrl Pts',(-220.718231238236,-51.1292728900682,112.058742600696));
#2667=CARTESIAN_POINT('Ctrl Pts',(-225.17073470665,-51.1727430427668,112.289847810039));
#2668=CARTESIAN_POINT('Ctrl Pts',(-240.187109199955,-51.3032259303979,113.049500990789));
#2669=CARTESIAN_POINT('Ctrl Pts',(-250.74870680492,-51.3684534766352,113.55245377063));
#2670=CARTESIAN_POINT('Ctrl Pts',(-276.317091460277,-51.3918857403027,114.722473128334));
#2671=CARTESIAN_POINT('Ctrl Pts',(-291.320910833062,-51.2808713050448,115.36514970966));
#2672=CARTESIAN_POINT('Ctrl Pts',(-320.381404538228,-50.7754294557764,116.180861913499));
#2673=CARTESIAN_POINT('Ctrl Pts',(-334.442905181497,-50.4274353294317,116.355266964025));
#2674=CARTESIAN_POINT('Ctrl Pts',(-349.466493166128,-49.9901972518838,116.382100763826));
#2675=CARTESIAN_POINT('Ctrl Pts',(-350.420374618101,-49.9620062596091,116.383138543542));
#2676=CARTESIAN_POINT('Ctrl Pts',(-351.374251051841,-49.9333150692055,116.383463709831));
#2677=CARTESIAN_POINT('Ctrl Pts',(350.136736971149,-43.4089728477406,-1.96348312661656));
#2678=CARTESIAN_POINT('Ctrl Pts',(349.809363948713,-43.5545358318342,-1.30877290408075));
#2679=CARTESIAN_POINT('Ctrl Pts',(349.462090723501,-43.6963379299518,-0.661882557472143));
#2680=CARTESIAN_POINT('Ctrl Pts',(349.088533168603,-43.836790971266,-0.0134239687034253));
#2681=CARTESIAN_POINT('Ctrl Pts',(349.08269118614,-43.8389846573668,-0.00329395844334281));
#2682=CARTESIAN_POINT('Ctrl Pts',(349.075883516624,-43.8415376739298,0.008497651294426));
#2683=CARTESIAN_POINT('Ctrl Pts',(349.07492283789,-43.8418978721094,0.0101613504549206));
#2684=CARTESIAN_POINT('Ctrl Pts',(348.712295942838,-43.9778329551481,0.638044233918937));
#2685=CARTESIAN_POINT('Ctrl Pts',(348.330923457744,-44.1099982718115,1.25599977800908));
#2686=CARTESIAN_POINT('Ctrl Pts',(347.111888764355,-44.5017538232101,3.10627503110508));
#2687=CARTESIAN_POINT('Ctrl Pts',(346.2110804299,-44.7512663932582,4.31055496628538));
#2688=CARTESIAN_POINT('Ctrl Pts',(343.264775602214,-45.4652773168839,7.80355883405298));
#2689=CARTESIAN_POINT('Ctrl Pts',(340.972725074814,-45.8955093611937,9.97026426389246));
#2690=CARTESIAN_POINT('Ctrl Pts',(333.296988895005,-47.0852468892944,15.9990287097378));
#2691=CARTESIAN_POINT('Ctrl Pts',(327.140454494175,-47.747086209749,19.3908979512838));
#2692=CARTESIAN_POINT('Ctrl Pts',(307.354051461778,-49.4935890205004,28.4433332919013));
#2693=CARTESIAN_POINT('Ctrl Pts',(292.597949069969,-50.3353109411791,33.130818367563));
#2694=CARTESIAN_POINT('Ctrl Pts',(248.094587109468,-52.3547834189078,46.1725770342403));
#2695=CARTESIAN_POINT('Ctrl Pts',(217.728746318435,-53.0741417574112,53.3342384486312));
#2696=CARTESIAN_POINT('Ctrl Pts',(127.704241092828,-55.1266321400571,72.8707245402411));
#2697=CARTESIAN_POINT('Ctrl Pts',(68.1644487843123,-56.2116875674801,82.6724395083527));
#2698=CARTESIAN_POINT('Ctrl Pts',(-51.5534351947783,-58.0969328210156,97.2569704039742));
#2699=CARTESIAN_POINT('Ctrl Pts',(-111.605311007746,-58.8841630180929,102.012520395825));
#2700=CARTESIAN_POINT('Ctrl Pts',(-186.591817123489,-60.0830152355808,107.233395124716));
#2701=CARTESIAN_POINT('Ctrl Pts',(-201.584853703142,-60.3305153809463,108.247846351715));
#2702=CARTESIAN_POINT('Ctrl Pts',(-221.014153227561,-60.6087296088458,109.523785938185));
#2703=CARTESIAN_POINT('Ctrl Pts',(-225.456659888241,-60.6690718451368,109.81249278582));
#2704=CARTESIAN_POINT('Ctrl Pts',(-240.438879303573,-60.8542801407766,110.775760688077));
#2705=CARTESIAN_POINT('Ctrl Pts',(-250.975688214713,-60.954739632262,111.440088618081));
#2706=CARTESIAN_POINT('Ctrl Pts',(-276.483224955839,-61.0306812442264,112.995912728729));
#2707=CARTESIAN_POINT('Ctrl Pts',(-291.450594890887,-60.9202145232282,113.865083363971));
#2708=CARTESIAN_POINT('Ctrl Pts',(-320.444030694325,-60.3011833522208,115.002266890395));
#2709=CARTESIAN_POINT('Ctrl Pts',(-334.472956513084,-59.8410670969279,115.275068141373));
#2710=CARTESIAN_POINT('Ctrl Pts',(-349.463446426846,-59.2806143543613,115.301752255653));
#2711=CARTESIAN_POINT('Ctrl Pts',(-350.415249964261,-59.2445955032655,115.302328037388));
#2712=CARTESIAN_POINT('Ctrl Pts',(-351.367072665106,-59.2080761650924,115.301741915805));
#2713=CARTESIAN_POINT('Ctrl Pts',(349.193250265114,-55.5375482020553,-1.72955067892189));
#2714=CARTESIAN_POINT('Ctrl Pts',(348.83899301361,-55.7419524298556,-1.15631312318977));
#2715=CARTESIAN_POINT('Ctrl Pts',(348.468740389731,-55.9424011227193,-0.589137208648393));
#2716=CARTESIAN_POINT('Ctrl Pts',(348.0761743599,-56.1421190467307,-0.0194725769734986));
#2717=CARTESIAN_POINT('Ctrl Pts',(348.070036441202,-56.1452386690857,-0.0105731817751377));
#2718=CARTESIAN_POINT('Ctrl Pts',(348.062885468764,-56.1488696396835,-0.000213715971773676));
#2719=CARTESIAN_POINT('Ctrl Pts',(348.061876380054,-56.1493819315316,0.00124792700969126));
#2720=CARTESIAN_POINT('Ctrl Pts',(347.680989759777,-56.3427186373425,0.552877318001031));
#2721=CARTESIAN_POINT('Ctrl Pts',(347.28552293697,-56.5318347817117,1.09686159130675));
#2722=CARTESIAN_POINT('Ctrl Pts',(346.036626034524,-57.0953586373984,2.72964185009122));
#2723=CARTESIAN_POINT('Ctrl Pts',(345.133689594349,-57.4584043276191,3.79798135295558));
#2724=CARTESIAN_POINT('Ctrl Pts',(342.230948820248,-58.5054775049592,6.91681725017229));
#2725=CARTESIAN_POINT('Ctrl Pts',(340.035522418078,-59.1474509458735,8.88009564870461));
#2726=CARTESIAN_POINT('Ctrl Pts',(332.743770606244,-60.9288251390389,14.4144285755363));
#2727=CARTESIAN_POINT('Ctrl Pts',(326.940869129848,-61.9250333005813,17.6236263086654));
#2728=CARTESIAN_POINT('Ctrl Pts',(307.852350613938,-64.5023480576889,26.1794318495399));
#2729=CARTESIAN_POINT('Ctrl Pts',(293.092093411217,-65.6783601452268,30.5545541168867));
#2730=CARTESIAN_POINT('Ctrl Pts',(248.083386653276,-68.4209990311241,42.4634730706893));
#2731=CARTESIAN_POINT('Ctrl Pts',(217.066699210052,-69.3038194259223,48.8340451637293));
#2732=CARTESIAN_POINT('Ctrl Pts',(126.144991761039,-71.9366027118854,66.5379118057261));
#2733=CARTESIAN_POINT('Ctrl Pts',(66.7241129744965,-73.3565106140607,75.6430849794303));
#2734=CARTESIAN_POINT('Ctrl Pts',(-52.7591673146308,-75.756474541743,89.593736175803));
#2735=CARTESIAN_POINT('Ctrl Pts',(-112.619523189641,-76.6954382447015,94.3658184875234));
#2736=CARTESIAN_POINT('Ctrl Pts',(-187.317078617914,-78.347780417623,100.604417218786));
#2737=CARTESIAN_POINT('Ctrl Pts',(-202.249098530724,-78.7016627872206,101.87667645498));
#2738=CARTESIAN_POINT('Ctrl Pts',(-221.595234878633,-79.1325514567918,103.584611982535));
#2739=CARTESIAN_POINT('Ctrl Pts',(-226.01845392258,-79.2286647012965,103.978900071163));
#2740=CARTESIAN_POINT('Ctrl Pts',(-240.934787947512,-79.5353735618369,105.320452602752));
#2741=CARTESIAN_POINT('Ctrl Pts',(-251.423829674365,-79.7237942049177,106.288025086883));
#2742=CARTESIAN_POINT('Ctrl Pts',(-276.813896522443,-79.9766114233509,108.607007695259));
#2743=CARTESIAN_POINT('Ctrl Pts',(-291.710939088756,-79.9399652176399,109.961417460599));
#2744=CARTESIAN_POINT('Ctrl Pts',(-320.570804947935,-79.2175067669689,111.863166391051));
#2745=CARTESIAN_POINT('Ctrl Pts',(-334.535385292212,-78.574104069486,112.40577999339));
#2746=CARTESIAN_POINT('Ctrl Pts',(-349.459410974053,-77.7591933255319,112.432085737397));
#2747=CARTESIAN_POINT('Ctrl Pts',(-350.407011383447,-77.7068089318434,112.431483752467));
#2748=CARTESIAN_POINT('Ctrl Pts',(-351.354652077918,-77.6537199184475,112.428571053847));
#2749=CARTESIAN_POINT('Ctrl Pts',(348.721428891626,-61.6009961830027,-1.61714495693671));
#2750=CARTESIAN_POINT('Ctrl Pts',(348.359155471994,-61.8353019404233,-1.08114239288043));
#2751=CARTESIAN_POINT('Ctrl Pts',(347.981839025152,-62.0654958615385,-0.550645066976246));
#2752=CARTESIAN_POINT('Ctrl Pts',(347.58310050936,-62.2952327607741,-0.0175990357751147));
#2753=CARTESIAN_POINT('Ctrl Pts',(347.576866394322,-62.2988213804471,-0.00927164705274649));
#2754=CARTESIAN_POINT('Ctrl Pts',(347.569603712609,-62.3029983356644,0.000422031302096616));
#2755=CARTESIAN_POINT('Ctrl Pts',(347.568578868802,-62.3035876628231,0.00178973816053109));
#2756=CARTESIAN_POINT('Ctrl Pts',(347.1817485757,-62.5259981385135,0.517967861976442));
#2757=CARTESIAN_POINT('Ctrl Pts',(346.78130599877,-62.7439221663462,1.02720514083716));
#2758=CARTESIAN_POINT('Ctrl Pts',(345.520272078261,-63.3942735621365,2.55649076060333));
#2759=CARTESIAN_POINT('Ctrl Pts',(344.61328131879,-63.8146301071327,3.55822656314078));
#2760=CARTESIAN_POINT('Ctrl Pts',(341.710959801737,-65.0300134366491,6.48707747626818));
#2761=CARTESIAN_POINT('Ctrl Pts',(339.533099646613,-65.7793161877179,8.33710406005056));
#2762=CARTESIAN_POINT('Ctrl Pts',(332.334054715753,-67.8629000610688,13.5739462556312));
#2763=CARTESIAN_POINT('Ctrl Pts',(326.644298013352,-69.0331862353976,16.642206395719));
#2764=CARTESIAN_POINT('Ctrl Pts',(307.838861780342,-72.04252869505,24.853916314196));
#2765=CARTESIAN_POINT('Ctrl Pts',(293.145507917806,-73.3877699906488,29.0719263601831));
#2766=CARTESIAN_POINT('Ctrl Pts',(248.00055389794,-76.4770855290777,40.4240036392506));
#2767=CARTESIAN_POINT('Ctrl Pts',(216.685508330362,-77.4197850691009,46.406703648636));
#2768=CARTESIAN_POINT('Ctrl Pts',(125.372326297299,-80.2988872459046,63.1763494136824));
#2769=CARTESIAN_POINT('Ctrl Pts',(66.0133909556927,-81.8604695861149,71.9047332505107));
#2770=CARTESIAN_POINT('Ctrl Pts',(-53.3477912323996,-84.4525275482847,85.474801817279));
#2771=CARTESIAN_POINT('Ctrl Pts',(-113.11429332075,-85.4218977231045,90.2130182584648));
#2772=CARTESIAN_POINT('Ctrl Pts',(-187.671816401418,-87.264708058085,96.8852752440731));
#2773=CARTESIAN_POINT('Ctrl Pts',(-202.574353112072,-87.6664282572485,98.2715511101824));
#2774=CARTESIAN_POINT('Ctrl Pts',(-221.880380673227,-88.1755525804248,100.17666704887));
#2775=CARTESIAN_POINT('Ctrl Pts',(-226.294302376399,-88.2906108798894,100.619341571507));
#2776=CARTESIAN_POINT('Ctrl Pts',(-241.178885118889,-88.6643714711591,102.135100026225));
#2777=CARTESIAN_POINT('Ctrl Pts',(-251.644923199904,-88.905904434687,103.244015383669));
#2778=CARTESIAN_POINT('Ctrl Pts',(-276.97825415903,-89.2852115124012,105.93975731164));
#2779=CARTESIAN_POINT('Ctrl Pts',(-291.841221108591,-89.3245852865673,107.552081562533));
#2780=CARTESIAN_POINT('Ctrl Pts',(-320.634777176527,-88.6185666751795,109.900180450914));
#2781=CARTESIAN_POINT('Ctrl Pts',(-334.566557738941,-87.9017841402822,110.613018343076));
#2782=CARTESIAN_POINT('Ctrl Pts',(-349.457159820506,-86.9554830277391,110.639149191023));
#2783=CARTESIAN_POINT('Ctrl Pts',(-350.402647915883,-86.8945842147762,110.637881826357));
#2784=CARTESIAN_POINT('Ctrl Pts',(-351.348187356893,-86.8328040284057,110.633643294035));
#2785=CARTESIAN_POINT('Ctrl Pts',(347.772237557088,-73.7246493770231,-1.39709956198034));
#2786=CARTESIAN_POINT('Ctrl Pts',(347.397236704406,-74.0198854604751,-0.933380415320043));
#2787=CARTESIAN_POINT('Ctrl Pts',(347.00850632636,-74.3105931801062,-0.474274805681542));
#2788=CARTESIAN_POINT('Ctrl Pts',(346.599575537841,-74.6013034395334,-0.0127153013251519));
#2789=CARTESIAN_POINT('Ctrl Pts',(346.593182515842,-74.6058446437745,-0.00550463238102709));
#2790=CARTESIAN_POINT('Ctrl Pts',(346.585735227256,-74.6111305248692,0.00288917658879377));
#2791=CARTESIAN_POINT('Ctrl Pts',(346.584684345409,-74.6118763144672,0.0040734831035562));
#2792=CARTESIAN_POINT('Ctrl Pts',(346.188030445595,-74.8933367787365,0.451036207706787));
#2793=CARTESIAN_POINT('Ctrl Pts',(345.779121603265,-75.1696778576572,0.892228523338981));
#2794=CARTESIAN_POINT('Ctrl Pts',(344.496519208546,-75.9958226149162,2.21814047344063));
#2795=CARTESIAN_POINT('Ctrl Pts',(343.580764474809,-76.5318299223491,3.08801842482602));
#2796=CARTESIAN_POINT('Ctrl Pts',(340.668993835577,-78.0857617375504,5.63698816057131));
#2797=CARTESIAN_POINT('Ctrl Pts',(338.507705692953,-79.0494398541855,7.25504681480296));
#2798=CARTESIAN_POINT('Ctrl Pts',(331.407696981216,-81.733117778492,11.8629447151385));
#2799=CARTESIAN_POINT('Ctrl Pts',(325.847348576399,-83.2443645666105,14.6026602753851));
#2800=CARTESIAN_POINT('Ctrl Pts',(307.375263065619,-87.0927871696941,21.986579045122));
#2801=CARTESIAN_POINT('Ctrl Pts',(292.775719374315,-88.7546345136782,25.825319567317));
#2802=CARTESIAN_POINT('Ctrl Pts',(247.456041213085,-92.4846557718966,36.0069044268468));
#2803=CARTESIAN_POINT('Ctrl Pts',(215.726878534839,-93.5353148514202,41.2522039515358));
#2804=CARTESIAN_POINT('Ctrl Pts',(123.877260497709,-96.8629067113258,56.1378461802858));
#2805=CARTESIAN_POINT('Ctrl Pts',(64.6317363490391,-98.6494065923521,64.0486903766415));
#2806=CARTESIAN_POINT('Ctrl Pts',(-54.4811199334423,-101.463904427508,76.7010830987076));
#2807=CARTESIAN_POINT('Ctrl Pts',(-114.067722046289,-102.385672977568,81.2838733501611));
#2808=CARTESIAN_POINT('Ctrl Pts',(-188.359155340537,-104.416205176239,88.5336991460302));
#2809=CARTESIAN_POINT('Ctrl Pts',(-203.205868696211,-104.872840184562,90.0797942180592));
#2810=CARTESIAN_POINT('Ctrl Pts',(-222.435942714095,-105.495652186098,92.2716793133664));
#2811=CARTESIAN_POINT('Ctrl Pts',(-226.832254649295,-105.639587096026,92.7852968790744));
#2812=CARTESIAN_POINT('Ctrl Pts',(-241.65663991925,-106.121407668745,94.5590034250323));
#2813=CARTESIAN_POINT('Ctrl Pts',(-252.078979702833,-106.457811810338,95.8807123479849));
#2814=CARTESIAN_POINT('Ctrl Pts',(-277.303609403798,-107.104485128603,99.1638902260127));
#2815=CARTESIAN_POINT('Ctrl Pts',(-292.100332835274,-107.346181315343,101.194511082663));
#2816=CARTESIAN_POINT('Ctrl Pts',(-320.762672221787,-106.869062566975,104.360834533778));
#2817=CARTESIAN_POINT('Ctrl Pts',(-334.629140098186,-106.149997372106,105.482227598762));
#2818=CARTESIAN_POINT('Ctrl Pts',(-349.452928166306,-104.938231314933,105.510805252164));
#2819=CARTESIAN_POINT('Ctrl Pts',(-350.394189937646,-104.859493959351,105.507898458263));
#2820=CARTESIAN_POINT('Ctrl Pts',(-351.335521427278,-104.778896189576,105.5002599081));
#2821=CARTESIAN_POINT('Ctrl Pts',(347.28416426382,-79.7848739315845,-1.29392203015659));
#2822=CARTESIAN_POINT('Ctrl Pts',(346.904658525405,-80.1111313908896,-0.865129190884117));
#2823=CARTESIAN_POINT('Ctrl Pts',(346.511767064225,-80.4325983471183,-0.440611289326483));
#2824=CARTESIAN_POINT('Ctrl Pts',(346.098973249291,-80.7542530204809,-0.0138008857088425));
#2825=CARTESIAN_POINT('Ctrl Pts',(346.092519957553,-80.7592776560434,-0.00713307546620864));
#2826=CARTESIAN_POINT('Ctrl Pts',(346.085002603299,-80.7651262967479,0.00062880839795041));
#2827=CARTESIAN_POINT('Ctrl Pts',(346.083941837882,-80.7659514878419,0.00172395495568047));
#2828=CARTESIAN_POINT('Ctrl Pts',(345.683558636252,-81.0773784955153,0.415037360443157));
#2829=CARTESIAN_POINT('Ctrl Pts',(345.271275796879,-81.383318670963,0.823037818973597));
#2830=CARTESIAN_POINT('Ctrl Pts',(343.979481586828,-82.2984023365474,2.04934651116404));
#2831=CARTESIAN_POINT('Ctrl Pts',(343.05901423666,-82.8927369080303,2.85408767940396));
#2832=CARTESIAN_POINT('Ctrl Pts',(340.137170565048,-84.6169238665186,5.2133002138365));
#2833=CARTESIAN_POINT('Ctrl Pts',(337.974590535373,-85.687744630977,6.71245467012186));
#2834=CARTESIAN_POINT('Ctrl Pts',(330.882195487217,-88.6698158117086,10.9884727855089));
#2835=CARTESIAN_POINT('Ctrl Pts',(325.342329786351,-90.3484771411588,13.5409308113914));
#2836=CARTESIAN_POINT('Ctrl Pts',(306.931951171009,-94.6044636612855,20.4448096167153));
#2837=CARTESIAN_POINT('Ctrl Pts',(292.358972274874,-96.4128000309733,24.0635597836734));
#2838=CARTESIAN_POINT('Ctrl Pts',(246.993812067324,-100.435156113424,33.6307332301482));
#2839=CARTESIAN_POINT('Ctrl Pts',(215.148139627548,-101.534083973775,38.5251496184868));
#2840=CARTESIAN_POINT('Ctrl Pts',(123.154568245783,-105.064416654587,52.4608174421868));
#2841=CARTESIAN_POINT('Ctrl Pts',(63.9608207483276,-106.934236541607,59.9311290874239));
#2842=CARTESIAN_POINT('Ctrl Pts',(-55.0257772080981,-109.778942859096,72.0463386298606));
#2843=CARTESIAN_POINT('Ctrl Pts',(-114.526362302314,-110.622800909844,76.5079589492905));
#2844=CARTESIAN_POINT('Ctrl Pts',(-188.691741482893,-112.648994655807,83.8997852221865));
#2845=CARTESIAN_POINT('Ctrl Pts',(-203.512113619629,-113.112268799895,85.4911498756131));
#2846=CARTESIAN_POINT('Ctrl Pts',(-222.7063346129,-113.769709822186,87.7716055402723));
#2847=CARTESIAN_POINT('Ctrl Pts',(-227.094331837235,-113.923371156316,88.3074993437263));
#2848=CARTESIAN_POINT('Ctrl Pts',(-241.890262106756,-114.445458922094,90.1636649951931));
#2849=CARTESIAN_POINT('Ctrl Pts',(-252.291897619648,-114.822973529475,91.555474070755));
#2850=CARTESIAN_POINT('Ctrl Pts',(-277.464546396753,-115.609405941195,95.0444153401615));
#2851=CARTESIAN_POINT('Ctrl Pts',(-292.229120363872,-115.97656499811,97.2298900598736));
#2852=CARTESIAN_POINT('Ctrl Pts',(-320.826601948982,-115.722237687419,100.7570831991));
#2853=CARTESIAN_POINT('Ctrl Pts',(-334.660398871261,-115.088726602808,102.108930863556));
#2854=CARTESIAN_POINT('Ctrl Pts',(-349.450795789673,-113.742885558075,102.140080901024));
#2855=CARTESIAN_POINT('Ctrl Pts',(-350.389944904921,-113.65477613643,102.136301423762));
#2856=CARTESIAN_POINT('Ctrl Pts',(-351.329172321945,-113.56395313147,102.126777042759));
#2857=CARTESIAN_POINT('Ctrl Pts',(346.3126956635,-91.9001823028037,-1.08605922888256));
#2858=CARTESIAN_POINT('Ctrl Pts',(345.927130894321,-92.2903981520805,-0.725917171808645));
#2859=CARTESIAN_POINT('Ctrl Pts',(345.52826026134,-92.67513517698,-0.369545104014424));
#2860=CARTESIAN_POINT('Ctrl Pts',(345.109474311914,-93.0602736182182,-0.0113741100376266));
#2861=CARTESIAN_POINT('Ctrl Pts',(345.102927413447,-93.0662899917381,-0.00577864481768117));
#2862=CARTESIAN_POINT('Ctrl Pts',(345.09530109891,-93.0732930600897,0.000734904094659818));
#2863=CARTESIAN_POINT('Ctrl Pts',(345.094224960102,-93.0742811318373,0.0016539186339804));
#2864=CARTESIAN_POINT('Ctrl Pts',(344.688039820218,-93.4471797264153,0.348493961904313));
#2865=CARTESIAN_POINT('Ctrl Pts',(344.270048166596,-93.8136773000071,0.690756210386051));
#2866=CARTESIAN_POINT('Ctrl Pts',(342.961158132388,-94.9101969211488,1.71926923730694));
#2867=CARTESIAN_POINT('Ctrl Pts',(342.029558364693,-95.622788624299,2.39392669047272));
#2868=CARTESIAN_POINT('Ctrl Pts',(339.07545385957,-97.6897725448649,4.37207472662499));
#2869=CARTESIAN_POINT('Ctrl Pts',(336.89292737157,-98.9729920319834,5.62958868976548));
#2870=CARTESIAN_POINT('Ctrl Pts',(329.745617539783,-102.536690395467,9.22402119585686));
#2871=CARTESIAN_POINT('Ctrl Pts',(324.175579632384,-104.527117834467,11.3813092195173));
#2872=CARTESIAN_POINT('Ctrl Pts',(305.687565979718,-109.517720314826,17.25511855213));
#2873=CARTESIAN_POINT('Ctrl Pts',(291.079186584894,-111.55998915581,20.3842338947313));
#2874=CARTESIAN_POINT('Ctrl Pts',(245.63314488751,-116.080590595172,28.6481786318248));
#2875=CARTESIAN_POINT('Ctrl Pts',(213.768849650248,-117.301002119511,32.855744523317));
#2876=CARTESIAN_POINT('Ctrl Pts',(121.78156950992,-121.230045802379,44.865058082914));
#2877=CARTESIAN_POINT('Ctrl Pts',(62.6765264977037,-123.200963729596,51.3912475715024));
#2878=CARTESIAN_POINT('Ctrl Pts',(-56.0578838766405,-125.921059453722,62.2573170716641));
#2879=CARTESIAN_POINT('Ctrl Pts',(-115.39678953097,-126.497847712154,66.3881434454051));
#2880=CARTESIAN_POINT('Ctrl Pts',(-189.326865107027,-128.2028378509,73.6931308840099));
#2881=CARTESIAN_POINT('Ctrl Pts',(-204.098277268069,-128.607149931233,75.2851400951499));
#2882=CARTESIAN_POINT('Ctrl Pts',(-223.225856183882,-129.228259928983,77.593544935141));
#2883=CARTESIAN_POINT('Ctrl Pts',(-227.598395448589,-129.376464496951,78.1376570210109));
#2884=CARTESIAN_POINT('Ctrl Pts',(-242.341368124522,-129.89309850927,80.0278449306295));
#2885=CARTESIAN_POINT('Ctrl Pts',(-252.704386827792,-130.288585555069,81.4539001955524));
#2886=CARTESIAN_POINT('Ctrl Pts',(-277.779181506818,-131.204654288358,85.0545445091779));
#2887=CARTESIAN_POINT('Ctrl Pts',(-292.482394559812,-131.73554163195,87.3303043936129));
#2888=CARTESIAN_POINT('Ctrl Pts',(-320.953504714461,-131.87262387822,91.1065912003912));
#2889=CARTESIAN_POINT('Ctrl Pts',(-334.722576049372,-131.497530107133,92.6599379086359));
#2890=CARTESIAN_POINT('Ctrl Pts',(-349.446578823264,-129.885563204003,92.698559762428));
#2891=CARTESIAN_POINT('Ctrl Pts',(-350.38152622764,-129.778263891234,92.6942533447279));
#2892=CARTESIAN_POINT('Ctrl Pts',(-351.316568233654,-129.666013875958,92.6832428598928));
#2893=CARTESIAN_POINT('Ctrl Pts',(345.822606371784,-97.9544561547614,-0.983578120306215));
#2894=CARTESIAN_POINT('Ctrl Pts',(345.435358406421,-98.3775521105328,-0.657170194217883));
#2895=CARTESIAN_POINT('Ctrl Pts',(345.034598527498,-98.79475232857,-0.334348867232686));
#2896=CARTESIAN_POINT('Ctrl Pts',(344.613676200817,-99.2123938937134,-0.0100429429137341));
#2897=CARTESIAN_POINT('Ctrl Pts',(344.607095867661,-99.2189180107479,-0.00497656532828362));
#2898=CARTESIAN_POINT('Ctrl Pts',(344.599430563259,-99.2265120949921,0.000921042956608171));
#2899=CARTESIAN_POINT('Ctrl Pts',(344.598348921603,-99.2275835539572,0.00175315175445833));
#2900=CARTESIAN_POINT('Ctrl Pts',(344.190086396796,-99.6319525248674,0.315794226800206));
#2901=CARTESIAN_POINT('Ctrl Pts',(343.769816822191,-100.029385396274,0.625551912022588));
#2902=CARTESIAN_POINT('Ctrl Pts',(342.45336679321,-101.218369619445,1.55604177865308));
#2903=CARTESIAN_POINT('Ctrl Pts',(341.515816265359,-101.990921694878,2.16592457474502));
#2904=CARTESIAN_POINT('Ctrl Pts',(338.541218688196,-104.230658807393,3.95330650563713));
#2905=CARTESIAN_POINT('Ctrl Pts',(336.341425612021,-105.619425002903,5.08843178903113));
#2906=CARTESIAN_POINT('Ctrl Pts',(329.134217957733,-109.467255539522,8.3335365648963));
#2907=CARTESIAN_POINT('Ctrl Pts',(323.513539554173,-111.602649615207,10.2824347465117));
#2908=CARTESIAN_POINT('Ctrl Pts',(304.886296040426,-116.920965070605,15.6058622800038));
#2909=CARTESIAN_POINT('Ctrl Pts',(290.216076658212,-119.049478029512,18.4664629173212));
#2910=CARTESIAN_POINT('Ctrl Pts',(244.734830764524,-123.774134530577,26.0431429588418));
#2911=CARTESIAN_POINT('Ctrl Pts',(212.96835635922,-125.068566236319,29.9139672354776));
#2912=CARTESIAN_POINT('Ctrl Pts',(121.131304009065,-129.194192130057,40.9463416258355));
#2913=CARTESIAN_POINT('Ctrl Pts',(62.0631785963811,-131.182730609362,46.9690500513187));
#2914=CARTESIAN_POINT('Ctrl Pts',(-56.5453097155383,-133.747889969954,57.1231229874436));
#2915=CARTESIAN_POINT('Ctrl Pts',(-115.808551676551,-134.135933950206,61.0444109796939));
#2916=CARTESIAN_POINT('Ctrl Pts',(-189.629379339775,-135.522259115812,68.1201401587743));
#2917=CARTESIAN_POINT('Ctrl Pts',(-204.378173553164,-135.860450706527,69.6674491710524));
#2918=CARTESIAN_POINT('Ctrl Pts',(-223.474970139253,-136.409163190361,71.9148879085158));
#2919=CARTESIAN_POINT('Ctrl Pts',(-227.840368098933,-136.541800476132,72.4448418745098));
#2920=CARTESIAN_POINT('Ctrl Pts',(-242.55884642587,-137.011146140756,74.286133387519));
#2921=CARTESIAN_POINT('Ctrl Pts',(-252.903961766154,-137.381997305578,75.6758703043218));
#2922=CARTESIAN_POINT('Ctrl Pts',(-277.932907020577,-138.281524403515,79.1797367207861));
#2923=CARTESIAN_POINT('Ctrl Pts',(-292.606919686423,-138.844733496383,81.3891418584089));
#2924=CARTESIAN_POINT('Ctrl Pts',(-321.016491918465,-139.122487013312,85.0298414853287));
#2925=CARTESIAN_POINT('Ctrl Pts',(-334.753488567766,-138.8929555136,86.5101937020619));
#2926=CARTESIAN_POINT('Ctrl Pts',(-349.444487986138,-137.14895638801,86.5537067171073));
#2927=CARTESIAN_POINT('Ctrl Pts',(-350.377346256634,-137.031968298092,86.5500536538682));
#2928=CARTESIAN_POINT('Ctrl Pts',(-351.310306783388,-136.908768653139,86.5400316313269));
#2929=CARTESIAN_POINT('Ctrl Pts',(344.834001265991,-110.054571729769,-0.78129823950781));
#2930=CARTESIAN_POINT('Ctrl Pts',(344.447630228622,-110.547361334657,-0.52161653474219));
#2931=CARTESIAN_POINT('Ctrl Pts',(344.046645932179,-111.033134806369,-0.265245944485653));
#2932=CARTESIAN_POINT('Ctrl Pts',(343.624309729129,-111.519129936451,-0.00809611425420268));
#2933=CARTESIAN_POINT('Ctrl Pts',(343.617707010669,-111.526721753909,-0.00407896404603787));
#2934=CARTESIAN_POINT('Ctrl Pts',(343.610015301622,-111.535558557543,0.000597155713684436));
#2935=CARTESIAN_POINT('Ctrl Pts',(343.608929926424,-111.53680535137,0.00125691884269095));
#2936=CARTESIAN_POINT('Ctrl Pts',(343.199255318071,-112.007345005428,0.250253052361113));
#2937=CARTESIAN_POINT('Ctrl Pts',(342.776451819461,-112.469529699133,0.495470739291973));
#2938=CARTESIAN_POINT('Ctrl Pts',(341.448783400169,-113.85101144107,1.23110745088666));
#2939=CARTESIAN_POINT('Ctrl Pts',(340.4988618213,-114.746927179048,1.71192446138359));
#2940=CARTESIAN_POINT('Ctrl Pts',(337.472904181047,-117.336869342494,3.11843785278165));
#2941=CARTESIAN_POINT('Ctrl Pts',(335.219497797734,-118.932155354046,4.00819159562993));
#2942=CARTESIAN_POINT('Ctrl Pts',(327.81218464454,-123.313739265927,6.55079801030955));
#2943=CARTESIAN_POINT('Ctrl Pts',(322.008181650322,-125.688354251194,8.0776780848866));
#2944=CARTESIAN_POINT('Ctrl Pts',(302.907295486835,-131.508341682223,12.2805176545001));
#2945=CARTESIAN_POINT('Ctrl Pts',(288.074762844373,-133.729981859105,14.5848781366242));
#2946=CARTESIAN_POINT('Ctrl Pts',(242.607013516773,-138.788542165198,20.7378140946678));
#2947=CARTESIAN_POINT('Ctrl Pts',(211.21371599189,-140.286388595385,23.9192446189694));
#2948=CARTESIAN_POINT('Ctrl Pts',(119.917379307328,-144.81082897254,32.9416538198338));
#2949=CARTESIAN_POINT('Ctrl Pts',(60.9079448046247,-146.762021277814,37.8970382807477));
#2950=CARTESIAN_POINT('Ctrl Pts',(-57.453033322066,-148.821095917597,46.4472895976497));
#2951=CARTESIAN_POINT('Ctrl Pts',(-116.575847072985,-148.724262566313,49.8541579990768));
#2952=CARTESIAN_POINT('Ctrl Pts',(-190.195474374612,-149.098880335226,56.1209659598967));
#2953=CARTESIAN_POINT('Ctrl Pts',(-204.902833778017,-149.215481399106,57.4949521222309));
#2954=CARTESIAN_POINT('Ctrl Pts',(-223.943472618742,-149.471200594518,59.4847861854539));
#2955=CARTESIAN_POINT('Ctrl Pts',(-228.295856088541,-149.53658844383,59.9535772651815));
#2956=CARTESIAN_POINT('Ctrl Pts',(-242.969719899717,-149.780880357424,61.5795591700768));
#2957=CARTESIAN_POINT('Ctrl Pts',(-253.282284058751,-149.996225004953,62.8027681862727));
#2958=CARTESIAN_POINT('Ctrl Pts',(-278.22746239695,-150.558399370024,65.8528367779971));
#2959=CARTESIAN_POINT('Ctrl Pts',(-292.847840377529,-150.966184650003,67.7465162182562));
#2960=CARTESIAN_POINT('Ctrl Pts',(-321.140598920704,-151.00532823019,70.7107598278565));
#2961=CARTESIAN_POINT('Ctrl Pts',(-334.814648840133,-150.685477443725,71.7744641753706));
#2962=CARTESIAN_POINT('Ctrl Pts',(-349.440336365418,-148.683049002787,71.8274659138721));
#2963=CARTESIAN_POINT('Ctrl Pts',(-350.369059562971,-148.549007952182,71.8264494453473));
#2964=CARTESIAN_POINT('Ctrl Pts',(-351.297900243108,-148.408124198485,71.8210333524378));
#2965=CARTESIAN_POINT('Ctrl Pts',(344.335323244938,-116.099357448779,-0.680918763097546));
#2966=CARTESIAN_POINT('Ctrl Pts',(343.951291856263,-116.628797472813,-0.454213493937385));
#2967=CARTESIAN_POINT('Ctrl Pts',(343.551767442586,-117.150518552518,-0.230730665323829));
#2968=CARTESIAN_POINT('Ctrl Pts',(343.129974557917,-117.6722127197,-0.0068648829891424));
#2969=CARTESIAN_POINT('Ctrl Pts',(343.12338009625,-117.680362131751,-0.00336776484017428));
#2970=CARTESIAN_POINT('Ctrl Pts',(343.115697729496,-117.68984789247,0.000702930823080145));
#2971=CARTESIAN_POINT('Ctrl Pts',(343.114613666232,-117.691186246533,0.00127727141698465));
#2972=CARTESIAN_POINT('Ctrl Pts',(342.705431813833,-118.196280025114,0.21803399698107));
#2973=CARTESIAN_POINT('Ctrl Pts',(342.282228071568,-118.692148703128,0.431217589810627));
#2974=CARTESIAN_POINT('Ctrl Pts',(340.950577943735,-120.173333813031,1.07000969334558));
#2975=CARTESIAN_POINT('Ctrl Pts',(339.994184914719,-121.132537047583,1.48649961043332));
#2976=CARTESIAN_POINT('Ctrl Pts',(336.937738811921,-123.900037837136,2.70273027780348));
#2977=CARTESIAN_POINT('Ctrl Pts',(334.648971624824,-125.597021291408,3.46928334790127));
#2978=CARTESIAN_POINT('Ctrl Pts',(327.103523097227,-130.230896925913,5.65801024635439));
#2979=CARTESIAN_POINT('Ctrl Pts',(321.165700959981,-132.701298629722,6.97080520463871));
#2980=CARTESIAN_POINT('Ctrl Pts',(301.723721608528,-138.693871690708,10.6031903389578));
#2981=CARTESIAN_POINT('Ctrl Pts',(286.79035784777,-140.918875739121,12.6207441563017));
#2982=CARTESIAN_POINT('Ctrl Pts',(241.378178498281,-146.107516788665,18.0385952391374));
#2983=CARTESIAN_POINT('Ctrl Pts',(210.260994569352,-147.736665839532,20.8670431898309));
#2984=CARTESIAN_POINT('Ctrl Pts',(119.354090533514,-152.463543934139,28.8558665077314));
#2985=CARTESIAN_POINT('Ctrl Pts',(60.366105390857,-154.359427990076,33.2473600888077));
#2986=CARTESIAN_POINT('Ctrl Pts',(-57.8733310207833,-156.067269840047,40.9057995746176));
#2987=CARTESIAN_POINT('Ctrl Pts',(-116.931353763704,-155.674537328605,44.0075562558049));
#2988=CARTESIAN_POINT('Ctrl Pts',(-190.459020298229,-155.355528927094,49.6959773282958));
#2989=CARTESIAN_POINT('Ctrl Pts',(-205.14756203614,-155.316467427214,50.9416830130288));
#2990=CARTESIAN_POINT('Ctrl Pts',(-224.162836085726,-155.350956965599,52.735843116619));
#2991=CARTESIAN_POINT('Ctrl Pts',(-228.50934965747,-155.364490380495,53.1578891914598));
#2992=CARTESIAN_POINT('Ctrl Pts',(-243.163108443918,-155.430317315733,54.6185542700775));
#2993=CARTESIAN_POINT('Ctrl Pts',(-253.461043201633,-155.514089356582,55.7126169355604));
#2994=CARTESIAN_POINT('Ctrl Pts',(-278.368367104129,-155.753149665268,58.4111340973915));
#2995=CARTESIAN_POINT('Ctrl Pts',(-292.964369168702,-155.971301244503,60.0598869186937));
#2996=CARTESIAN_POINT('Ctrl Pts',(-321.201795622762,-155.627694472946,62.5174474807775));
#2997=CARTESIAN_POINT('Ctrl Pts',(-334.844957668448,-155.071171218148,63.2934165844951));
#2998=CARTESIAN_POINT('Ctrl Pts',(-349.438333309877,-152.942440483243,63.3510615839363));
#2999=CARTESIAN_POINT('Ctrl Pts',(-350.365009700333,-152.801045752478,63.3516710867707));
#3000=CARTESIAN_POINT('Ctrl Pts',(-351.291810401847,-152.65344078764,63.3491803344608));
#3001=CARTESIAN_POINT('Ctrl Pts',(343.301378969611,-128.158013092956,-0.483123661891474));
#3002=CARTESIAN_POINT('Ctrl Pts',(342.932631942127,-128.770205943909,-0.32163495646198));
#3003=CARTESIAN_POINT('Ctrl Pts',(342.545312983329,-129.372861567759,-0.163280385389377));
#3004=CARTESIAN_POINT('Ctrl Pts',(342.132436055154,-129.974422091996,-0.00537744135042416));
#3005=CARTESIAN_POINT('Ctrl Pts',(342.125980044158,-129.983818833561,-0.00291094321277961));
#3006=CARTESIAN_POINT('Ctrl Pts',(342.118457868163,-129.994756149255,-4.01151614205081E-5));
#3007=CARTESIAN_POINT('Ctrl Pts',(342.117396383999,-129.996299297192,0.000364929392848323));
#3008=CARTESIAN_POINT('Ctrl Pts',(341.71672744362,-130.578679383736,0.153227314999482));
#3009=CARTESIAN_POINT('Ctrl Pts',(341.29870475061,-131.149388526534,0.302876876477692));
#3010=CARTESIAN_POINT('Ctrl Pts',(339.972139996873,-132.849877341096,0.749551604517059));
#3011=CARTESIAN_POINT('Ctrl Pts',(339.00442231403,-133.945088973561,1.03837824749248));
#3012=CARTESIAN_POINT('Ctrl Pts',(335.870598543607,-137.080586596396,1.87744498247471));
#3013=CARTESIAN_POINT('Ctrl Pts',(333.470934640846,-138.967882383972,2.40054387653396));
#3014=CARTESIAN_POINT('Ctrl Pts',(325.50097270617,-144.017800713292,3.89383741008922));
#3015=CARTESIAN_POINT('Ctrl Pts',(319.182514170222,-146.564352157814,4.79121318512828));
#3016=CARTESIAN_POINT('Ctrl Pts',(298.939399869052,-152.658188497578,7.31155032274352));
#3017=CARTESIAN_POINT('Ctrl Pts',(283.932072678783,-154.870421194416,8.75635414200739));
#3018=CARTESIAN_POINT('Ctrl Pts',(238.857177606821,-160.342389293942,12.6720079781087));
#3019=CARTESIAN_POINT('Ctrl Pts',(208.342160967393,-162.27117518521,14.7545122869982));
#3020=CARTESIAN_POINT('Ctrl Pts',(118.312937539721,-167.381091241279,20.5892125531449));
#3021=CARTESIAN_POINT('Ctrl Pts',(59.3627948810206,-169.095003284909,23.7962820309308));
#3022=CARTESIAN_POINT('Ctrl Pts',(-58.6405846241194,-169.90815382292,29.4998120443852));
#3023=CARTESIAN_POINT('Ctrl Pts',(-117.578928037632,-168.81501250249,31.8853785536852));
#3024=CARTESIAN_POINT('Ctrl Pts',(-190.938174037795,-166.771181787815,36.1753382392418));
#3025=CARTESIAN_POINT('Ctrl Pts',(-205.592438591161,-166.340957841453,37.1099458061607));
#3026=CARTESIAN_POINT('Ctrl Pts',(-224.561959414133,-165.799035724631,38.4369401667641));
#3027=CARTESIAN_POINT('Ctrl Pts',(-228.897915027718,-165.676119851371,38.7478676990461));
#3028=CARTESIAN_POINT('Ctrl Pts',(-243.515633183077,-165.266242315406,39.8184075850249));
#3029=CARTESIAN_POINT('Ctrl Pts',(-253.787551195865,-164.988900915519,40.6115673176158));
#3030=CARTESIAN_POINT('Ctrl Pts',(-278.628143838757,-164.303618335557,42.5244835311624));
#3031=CARTESIAN_POINT('Ctrl Pts',(-293.182071971641,-163.933510298251,43.6509641594806));
#3032=CARTESIAN_POINT('Ctrl Pts',(-321.320392738333,-162.480061559416,45.1935317126548));
#3033=CARTESIAN_POINT('Ctrl Pts',(-334.904482717267,-161.363304304479,45.5825309273211));
#3034=CARTESIAN_POINT('Ctrl Pts',(-349.434223917387,-158.988703984832,45.6438773404493));
#3035=CARTESIAN_POINT('Ctrl Pts',(-350.356871091761,-158.833234548807,45.6463704748276));
#3036=CARTESIAN_POINT('Ctrl Pts',(-351.279660540501,-158.673057881874,45.6473947025567));
#3037=CARTESIAN_POINT('Ctrl Pts',(342.789428298082,-134.182326684996,-0.384076629070083));
#3038=CARTESIAN_POINT('Ctrl Pts',(342.432321921915,-134.840266575333,-0.254789519981962));
#3039=CARTESIAN_POINT('Ctrl Pts',(342.054042613148,-135.487157489878,-0.12864032540823));
#3040=CARTESIAN_POINT('Ctrl Pts',(341.647728314001,-136.131914413178,-0.00341372117196277));
#3041=CARTESIAN_POINT('Ctrl Pts',(341.641374198124,-136.141985670057,-0.0014577806098088));
#3042=CARTESIAN_POINT('Ctrl Pts',(341.633969904429,-136.153707807988,0.000818629828518689));
#3043=CARTESIAN_POINT('Ctrl Pts',(341.632925035579,-136.155361680184,0.00113980431103346));
#3044=CARTESIAN_POINT('Ctrl Pts',(341.238520414287,-136.779526385547,0.122348472828892));
#3045=CARTESIAN_POINT('Ctrl Pts',(340.824271898829,-137.390261465409,0.240466831321524));
#3046=CARTESIAN_POINT('Ctrl Pts',(339.502104280514,-139.207135956752,0.591640970605518));
#3047=CARTESIAN_POINT('Ctrl Pts',(338.527829494572,-140.373394402347,0.816788555946538));
#3048=CARTESIAN_POINT('Ctrl Pts',(335.347351663912,-143.699401218146,1.467634904181));
#3049=CARTESIAN_POINT('Ctrl Pts',(332.8771746208,-145.68228262981,1.86927824551838));
#3050=CARTESIAN_POINT('Ctrl Pts',(324.613065051555,-150.907463577135,3.01936702000897));
#3051=CARTESIAN_POINT('Ctrl Pts',(318.022791231839,-153.422226601206,3.71689409466741));
#3052=CARTESIAN_POINT('Ctrl Pts',(297.307740047976,-159.42155042357,5.6988662895152));
#3053=CARTESIAN_POINT('Ctrl Pts',(282.353468778089,-161.627243027426,6.85770393269275));
#3054=CARTESIAN_POINT('Ctrl Pts',(237.575009553485,-167.262203991328,10.0057517827787));
#3055=CARTESIAN_POINT('Ctrl Pts',(207.378915426514,-169.35656968203,11.6949700231042));
#3056=CARTESIAN_POINT('Ctrl Pts',(117.834792196339,-174.645740569004,16.4085612970318));
#3057=CARTESIAN_POINT('Ctrl Pts',(58.9013465420508,-176.233038507488,18.9950569288298));
#3058=CARTESIAN_POINT('Ctrl Pts',(-58.9875475016677,-176.502686398709,23.6355358954916));
#3059=CARTESIAN_POINT('Ctrl Pts',(-117.870976993215,-175.004723640271,25.6096779031697));
#3060=CARTESIAN_POINT('Ctrl Pts',(-191.153730600681,-171.930992155257,29.0816501116669));
#3061=CARTESIAN_POINT('Ctrl Pts',(-205.792527406186,-171.265640677386,29.8340160942962));
#3062=CARTESIAN_POINT('Ctrl Pts',(-224.741652234597,-170.369395377186,30.8907371428201));
#3063=CARTESIAN_POINT('Ctrl Pts',(-229.072918310393,-170.162107548068,31.137603270363));
#3064=CARTESIAN_POINT('Ctrl Pts',(-243.67469874983,-169.455867992016,31.9845379859371));
#3065=CARTESIAN_POINT('Ctrl Pts',(-253.935229728996,-168.949756348412,32.6070348651552));
#3066=CARTESIAN_POINT('Ctrl Pts',(-278.747010023016,-167.666632115239,34.0896860637412));
#3067=CARTESIAN_POINT('Ctrl Pts',(-293.283386175401,-166.899962987563,34.9431075950423));
#3068=CARTESIAN_POINT('Ctrl Pts',(-321.378297209009,-164.744413959908,36.0809548268426));
#3069=CARTESIAN_POINT('Ctrl Pts',(-334.934271413074,-163.313588492254,36.3538439384324));
#3070=CARTESIAN_POINT('Ctrl Pts',(-349.432580517433,-160.819631749026,36.414286911119));
#3071=CARTESIAN_POINT('Ctrl Pts',(-350.353230409893,-160.657597096345,36.417192168883));
#3072=CARTESIAN_POINT('Ctrl Pts',(-351.274026527139,-160.491834466516,36.4190988251108));
#3073=CARTESIAN_POINT('Ctrl Pts',(341.900393301572,-143.139662995938,-0.240288156269541));
#3074=CARTESIAN_POINT('Ctrl Pts',(341.593341251659,-143.887296157862,-0.158455106356957));
#3075=CARTESIAN_POINT('Ctrl Pts',(341.259664495508,-144.622887087753,-0.0799808721555216));
#3076=CARTESIAN_POINT('Ctrl Pts',(340.890286251548,-145.354397364766,-0.00311801754777036));
#3077=CARTESIAN_POINT('Ctrl Pts',(340.884507200212,-145.365823310563,-0.00191774380116049));
#3078=CARTESIAN_POINT('Ctrl Pts',(340.877770029065,-145.379121699912,-0.000521116823467102));
#3079=CARTESIAN_POINT('Ctrl Pts',(340.876819233156,-145.380997953299,-0.000324076412291002));
#3080=CARTESIAN_POINT('Ctrl Pts',(340.517898025857,-146.089084050265,0.0740347266969402));
#3081=CARTESIAN_POINT('Ctrl Pts',(340.131016968346,-146.780267091642,0.145499690401998));
#3082=CARTESIAN_POINT('Ctrl Pts',(338.862527686957,-148.825510724142,0.355936419570603));
#3083=CARTESIAN_POINT('Ctrl Pts',(337.882391566286,-150.122105338521,0.488092656489697));
#3084=CARTESIAN_POINT('Ctrl Pts',(334.570229498913,-153.744379959011,0.868386523722125));
#3085=CARTESIAN_POINT('Ctrl Pts',(331.866022993026,-155.792657326363,1.10155558106045));
#3086=CARTESIAN_POINT('Ctrl Pts',(322.922836302653,-161.012523186868,1.77974824793834));
#3087=CARTESIAN_POINT('Ctrl Pts',(315.992646027156,-163.347590332396,2.2021767170966));
#3088=CARTESIAN_POINT('Ctrl Pts',(294.857363220061,-169.13950855537,3.41195840460099));
#3089=CARTESIAN_POINT('Ctrl Pts',(280.100275171682,-171.44306268407,4.13212033454744));
#3090=CARTESIAN_POINT('Ctrl Pts',(235.82899130582,-177.382627534668,6.09457055120371));
#3091=CARTESIAN_POINT('Ctrl Pts',(206.034364760826,-179.689995361799,7.15844731327853));
#3092=CARTESIAN_POINT('Ctrl Pts',(117.165243504761,-185.190654710275,10.1138156047874));
#3093=CARTESIAN_POINT('Ctrl Pts',(58.2714492106867,-186.546858015237,11.7320161981443));
#3094=CARTESIAN_POINT('Ctrl Pts',(-59.4509651428567,-185.872907234042,14.6653085235641));
#3095=CARTESIAN_POINT('Ctrl Pts',(-118.258221260371,-183.681655491068,15.9391561807497));
#3096=CARTESIAN_POINT('Ctrl Pts',(-191.435228588538,-178.904237924447,18.1097007223524));
#3097=CARTESIAN_POINT('Ctrl Pts',(-206.052707730125,-177.851795839074,18.576409507576));
#3098=CARTESIAN_POINT('Ctrl Pts',(-224.973965824891,-176.375267005281,19.2224091812718));
#3099=CARTESIAN_POINT('Ctrl Pts',(-229.298842243737,-176.029976617017,19.3727186760534));
#3100=CARTESIAN_POINT('Ctrl Pts',(-243.878991013566,-174.839600283583,19.8859907407465));
#3101=CARTESIAN_POINT('Ctrl Pts',(-254.124192761938,-173.960696419493,20.2591916468807));
#3102=CARTESIAN_POINT('Ctrl Pts',(-278.89800911431,-171.706451567947,21.1355688732405));
#3103=CARTESIAN_POINT('Ctrl Pts',(-293.412001572849,-170.295541882205,21.626636016195));
#3104=CARTESIAN_POINT('Ctrl Pts',(-321.45508801769,-167.028938296896,22.272930332048));
#3105=CARTESIAN_POINT('Ctrl Pts',(-334.976493317804,-165.195719422256,22.4346298342763));
#3106=CARTESIAN_POINT('Ctrl Pts',(-349.429238019923,-162.523018151669,22.4822057321275));
#3107=CARTESIAN_POINT('Ctrl Pts',(-350.34701680575,-162.350459393667,22.484668920734));
#3108=CARTESIAN_POINT('Ctrl Pts',(-351.264978203888,-162.175047942894,22.4865230657576));
#3109=CARTESIAN_POINT('Ctrl Pts',(341.616718735207,-146.124631355005,-0.190178644136253));
#3110=CARTESIAN_POINT('Ctrl Pts',(341.334693745392,-146.90750757329,-0.123877626411599));
#3111=CARTESIAN_POINT('Ctrl Pts',(341.022083503954,-147.677494039584,-0.0610824738081244));
#3112=CARTESIAN_POINT('Ctrl Pts',(340.668927364328,-148.441866289898,-0.00022748440071131));
#3113=CARTESIAN_POINT('Ctrl Pts',(340.663400543518,-148.45380520645,0.000722647129959068));
#3114=CARTESIAN_POINT('Ctrl Pts',(340.656955593748,-148.467700252125,0.00182801769956534));
#3115=CARTESIAN_POINT('Ctrl Pts',(340.65604599583,-148.46966067824,0.00198396229688551));
#3116=CARTESIAN_POINT('Ctrl Pts',(340.312660892713,-149.209509716627,0.060832393081566));
#3117=CARTESIAN_POINT('Ctrl Pts',(339.936465082293,-149.930410462449,0.116750164932005));
#3118=CARTESIAN_POINT('Ctrl Pts',(338.686936540793,-152.058685249118,0.280059603070407));
#3119=CARTESIAN_POINT('Ctrl Pts',(337.701648337721,-153.401480934891,0.380802205967553));
#3120=CARTESIAN_POINT('Ctrl Pts',(334.326060881639,-157.124050726154,0.671304576165774));
#3121=CARTESIAN_POINT('Ctrl Pts',(331.511059300918,-159.178097047703,0.850989671601543));
#3122=CARTESIAN_POINT('Ctrl Pts',(322.285559546679,-164.335374134797,1.38000410921188));
#3123=CARTESIAN_POINT('Ctrl Pts',(315.268915615769,-166.590604667136,1.71452436522347));
#3124=CARTESIAN_POINT('Ctrl Pts',(294.051962093561,-172.311244586523,2.67167511588403));
#3125=CARTESIAN_POINT('Ctrl Pts',(279.372063657528,-174.663998260457,3.24374130366276));
#3126=CARTESIAN_POINT('Ctrl Pts',(235.275225583591,-180.712947702599,4.80510282235084));
#3127=CARTESIAN_POINT('Ctrl Pts',(205.602631493419,-183.085401883433,5.65480442011574));
#3128=CARTESIAN_POINT('Ctrl Pts',(116.94986988056,-188.646913291716,8.01151616479402));
#3129=CARTESIAN_POINT('Ctrl Pts',(58.0718109451953,-189.91934695643,9.30074328258178));
#3130=CARTESIAN_POINT('Ctrl Pts',(-59.5959594219465,-188.909609161159,11.6462975068027));
#3131=CARTESIAN_POINT('Ctrl Pts',(-118.37885520812,-186.472915387275,12.6729305702739));
#3132=CARTESIAN_POINT('Ctrl Pts',(-191.522102483251,-181.101663906994,14.3972985723877));
#3133=CARTESIAN_POINT('Ctrl Pts',(-206.132787438269,-179.914603192741,14.7667467727381));
#3134=CARTESIAN_POINT('Ctrl Pts',(-225.045204816993,-178.23683664269,15.2749016169673));
#3135=CARTESIAN_POINT('Ctrl Pts',(-229.368057108857,-177.843721480083,15.3929312361883));
#3136=CARTESIAN_POINT('Ctrl Pts',(-243.941367193321,-176.485686760977,15.7951855339514));
#3137=CARTESIAN_POINT('Ctrl Pts',(-254.181744195838,-175.477882124279,16.0863005340419));
#3138=CARTESIAN_POINT('Ctrl Pts',(-278.943746806819,-172.888336531834,16.7664351105841));
#3139=CARTESIAN_POINT('Ctrl Pts',(-293.450887067151,-171.255609974955,17.1437615748046));
#3140=CARTESIAN_POINT('Ctrl Pts',(-321.478864219247,-167.605321032312,17.642246371201));
#3141=CARTESIAN_POINT('Ctrl Pts',(-334.990237134385,-165.646521075916,17.776129606368));
#3142=CARTESIAN_POINT('Ctrl Pts',(-349.427976840775,-162.91399318989,17.8174178777096));
#3143=CARTESIAN_POINT('Ctrl Pts',(-350.344819434192,-162.737679707635,17.8195341402339));
#3144=CARTESIAN_POINT('Ctrl Pts',(-351.261866462331,-162.558629018243,17.8211071491803));
#3145=CARTESIAN_POINT('Ctrl Pts',(341.066884777045,-150.551565950284,-0.120477139270186));
#3146=CARTESIAN_POINT('Ctrl Pts',(340.841279931166,-151.392198308783,-0.0769789837511021));
#3147=CARTESIAN_POINT('Ctrl Pts',(340.58678774321,-152.224026602612,-0.0375661629525273));
#3148=CARTESIAN_POINT('Ctrl Pts',(340.284340873343,-153.050448114037,-0.000524051477064866));
#3149=CARTESIAN_POINT('Ctrl Pts',(340.279604298543,-153.063356310164,5.39931212114873E-5));
#3150=CARTESIAN_POINT('Ctrl Pts',(340.274076938029,-153.078379557612,0.000726142363478743));
#3151=CARTESIAN_POINT('Ctrl Pts',(340.273296751597,-153.080499162184,0.000820960628635953));
#3152=CARTESIAN_POINT('Ctrl Pts',(339.978731751137,-153.880421801687,0.0365993229608761));
#3153=CARTESIAN_POINT('Ctrl Pts',(339.642602028886,-154.66016334502,0.0694889924414383));
#3154=CARTESIAN_POINT('Ctrl Pts',(338.468269737681,-156.947699196097,0.164417413308058));
#3155=CARTESIAN_POINT('Ctrl Pts',(337.463582707206,-158.366174701274,0.221830019037123));
#3156=CARTESIAN_POINT('Ctrl Pts',(333.905705166124,-162.189406129107,0.390491158545496));
#3157=CARTESIAN_POINT('Ctrl Pts',(330.872492904183,-164.166299428101,0.497617760036431));
#3158=CARTESIAN_POINT('Ctrl Pts',(321.270351970184,-169.141588664538,0.814753643319324));
#3159=CARTESIAN_POINT('Ctrl Pts',(314.215972907852,-171.330744665754,1.01740046127193));
#3160=CARTESIAN_POINT('Ctrl Pts',(292.953825615948,-177.003578235046,1.59675514383988));
#3161=CARTESIAN_POINT('Ctrl Pts',(278.363931076287,-179.430832915115,1.94443221758677));
#3162=CARTESIAN_POINT('Ctrl Pts',(234.496610259115,-185.641885690727,2.89581651246921));
#3163=CARTESIAN_POINT('Ctrl Pts',(204.987951373773,-188.100788165107,3.4162399979002));
#3164=CARTESIAN_POINT('Ctrl Pts',(116.636466809932,-193.736341848973,4.85690288182555));
#3165=CARTESIAN_POINT('Ctrl Pts',(57.7876640623169,-194.874821307954,5.64418343982945));
#3166=CARTESIAN_POINT('Ctrl Pts',(-59.7992287224481,-193.332767851496,7.08289266637945));
#3167=CARTESIAN_POINT('Ctrl Pts',(-118.546960369228,-190.506525438932,7.71871212217956));
#3168=CARTESIAN_POINT('Ctrl Pts',(-191.641435216566,-184.220032265216,8.76686025903715));
#3169=CARTESIAN_POINT('Ctrl Pts',(-206.242311057217,-182.826472418935,8.99036831598745));
#3170=CARTESIAN_POINT('Ctrl Pts',(-225.141988506294,-180.842768208888,9.29527278475552));
#3171=CARTESIAN_POINT('Ctrl Pts',(-229.461926084158,-180.377114332209,9.36593133637514));
#3172=CARTESIAN_POINT('Ctrl Pts',(-244.025397644326,-178.765468514713,9.60612810439401));
#3173=CARTESIAN_POINT('Ctrl Pts',(-254.258850725854,-177.56383844538,9.77889531805842));
#3174=CARTESIAN_POINT('Ctrl Pts',(-279.003987961084,-174.473571208209,10.1799605279358));
#3175=CARTESIAN_POINT('Ctrl Pts',(-293.501359274059,-172.514969656735,10.3997474304517));
#3176=CARTESIAN_POINT('Ctrl Pts',(-321.509085436483,-168.287496580285,10.6921503139566));
#3177=CARTESIAN_POINT('Ctrl Pts',(-335.010125148905,-166.074447170678,10.7761658657499));
#3178=CARTESIAN_POINT('Ctrl Pts',(-349.427302826269,-163.252468714666,10.8042895997457));
#3179=CARTESIAN_POINT('Ctrl Pts',(-350.342847243762,-163.071323822119,10.8057479589712));
#3180=CARTESIAN_POINT('Ctrl Pts',(-351.258613257944,-162.888290670233,10.8068446203261));
#3181=CARTESIAN_POINT('Ctrl Pts',(340.850923777319,-152.013755115481,-0.0986739063700393));
#3182=CARTESIAN_POINT('Ctrl Pts',(340.646122592247,-152.873653524841,-0.0629521280782687));
#3183=CARTESIAN_POINT('Ctrl Pts',(340.415031505831,-153.727500288891,-0.0315587616267394));
#3184=CARTESIAN_POINT('Ctrl Pts',(340.134693745841,-154.577263609246,-0.00246167387740192));
#3185=CARTESIAN_POINT('Ctrl Pts',(340.130302187718,-154.590536718338,-0.00200772520570891));
#3186=CARTESIAN_POINT('Ctrl Pts',(340.125175990416,-154.605985041582,-0.00148000414755769));
#3187=CARTESIAN_POINT('Ctrl Pts',(340.124452394382,-154.60816462797,-0.0014055630201573));
#3188=CARTESIAN_POINT('Ctrl Pts',(339.851240812773,-155.43072717539,0.0266826505603041));
#3189=CARTESIAN_POINT('Ctrl Pts',(339.53456347286,-156.233811383252,0.0521083433071022));
#3190=CARTESIAN_POINT('Ctrl Pts',(338.402329376163,-158.585140558797,0.125167544729026));
#3191=CARTESIAN_POINT('Ctrl Pts',(337.395405151441,-160.03274758449,0.169028316626502));
#3192=CARTESIAN_POINT('Ctrl Pts',(333.754863951182,-163.878187488821,0.29990271473329));
#3193=CARTESIAN_POINT('Ctrl Pts',(330.639645911805,-165.810895785519,0.383898734571627));
#3194=CARTESIAN_POINT('Ctrl Pts',(320.925382929242,-170.712893794946,0.632029676358999));
#3195=CARTESIAN_POINT('Ctrl Pts',(313.872176522692,-172.890676728638,0.790669488433485));
#3196=CARTESIAN_POINT('Ctrl Pts',(292.605820009406,-178.55726167597,1.24426653102794));
#3197=CARTESIAN_POINT('Ctrl Pts',(278.041804459053,-181.009035001923,1.51681022757722));
#3198=CARTESIAN_POINT('Ctrl Pts',(234.245609476311,-187.273689262111,2.26350965015964));
#3199=CARTESIAN_POINT('Ctrl Pts',(204.788495034171,-189.759609414777,2.67284321539591));
#3200=CARTESIAN_POINT('Ctrl Pts',(116.533614778761,-195.417003589339,3.80516327920955));
#3201=CARTESIAN_POINT('Ctrl Pts',(57.6954975003619,-196.509444157824,4.42371482251302));
#3202=CARTESIAN_POINT('Ctrl Pts',(-59.8646166455149,-194.785188467124,5.55594144868979));
#3203=CARTESIAN_POINT('Ctrl Pts',(-118.600856100739,-191.825540402398,6.05816721479897));
#3204=CARTESIAN_POINT('Ctrl Pts',(-191.679384719127,-185.229893652169,6.87973058437218));
#3205=CARTESIAN_POINT('Ctrl Pts',(-206.277054579906,-183.766740242302,7.05457767737641));
#3206=CARTESIAN_POINT('Ctrl Pts',(-225.172572216024,-181.680376958308,7.29230502226908));
#3207=CARTESIAN_POINT('Ctrl Pts',(-229.491558459816,-181.190409909431,7.34734465167125));
#3208=CARTESIAN_POINT('Ctrl Pts',(-244.05182042283,-179.493873065269,7.53425446900873));
#3209=CARTESIAN_POINT('Ctrl Pts',(-254.283017737909,-178.227554597743,7.66835802787835));
#3210=CARTESIAN_POINT('Ctrl Pts',(-279.022674959205,-174.970757073903,7.97891858835825));
#3211=CARTESIAN_POINT('Ctrl Pts',(-293.516872373927,-172.904637627067,8.14834219349899));
#3212=CARTESIAN_POINT('Ctrl Pts',(-321.51823964481,-168.484793501646,8.37466928963647));
#3213=CARTESIAN_POINT('Ctrl Pts',(-335.016555121297,-166.176808782418,8.44084372708811));
#3214=CARTESIAN_POINT('Ctrl Pts',(-349.427241375184,-163.325117392759,8.46396739704372));
#3215=CARTESIAN_POINT('Ctrl Pts',(-350.34237334292,-163.14249557599,8.46518344160718));
#3216=CARTESIAN_POINT('Ctrl Pts',(-351.25772994891,-162.958376611354,8.46611126722533));
#3217=CARTESIAN_POINT('Ctrl Pts',(340.478510237772,-154.783524757509,-0.055770435887551));
#3218=CARTESIAN_POINT('Ctrl Pts',(340.31742700834,-155.676830551525,-0.032482653674732));
#3219=CARTESIAN_POINT('Ctrl Pts',(340.143809837961,-156.571648983557,-0.0147790262859651));
#3220=CARTESIAN_POINT('Ctrl Pts',(339.92126238694,-157.466305877047,-0.00024712158801797));
#3221=CARTESIAN_POINT('Ctrl Pts',(339.917773026176,-157.480280987093,-2.08838844225343E-5));
#3222=CARTESIAN_POINT('Ctrl Pts',(339.913696195995,-157.496547208942,0.000241574015028021));
#3223=CARTESIAN_POINT('Ctrl Pts',(339.91312063813,-157.498842211489,0.000278584021990644));
#3224=CARTESIAN_POINT('Ctrl Pts',(339.695771580126,-158.364969502942,0.0142384777650153));
#3225=CARTESIAN_POINT('Ctrl Pts',(339.430390260352,-159.213450526196,0.0251215080711033));
#3226=CARTESIAN_POINT('Ctrl Pts',(338.360913247721,-161.670968151719,0.0568305970682203));
#3227=CARTESIAN_POINT('Ctrl Pts',(337.258221737936,-163.134754108838,0.0774964018023599));
#3228=CARTESIAN_POINT('Ctrl Pts',(333.390604288376,-166.949044236944,0.13964686509434));
#3229=CARTESIAN_POINT('Ctrl Pts',(330.176070073533,-168.807047835679,0.180296271374642));
#3230=CARTESIAN_POINT('Ctrl Pts',(320.318103579978,-173.60418215554,0.299360931272744));
#3231=CARTESIAN_POINT('Ctrl Pts',(313.265150280817,-175.777446928879,0.375812676091029));
#3232=CARTESIAN_POINT('Ctrl Pts',(291.993396399505,-181.451385741069,0.594196755532361));
#3233=CARTESIAN_POINT('Ctrl Pts',(277.469121601881,-183.945482528836,0.725748701390119));
#3234=CARTESIAN_POINT('Ctrl Pts',(233.792010812179,-190.30809740762,1.08708323666027));
#3235=CARTESIAN_POINT('Ctrl Pts',(204.425809858488,-192.841396163459,1.28600368867433));
#3236=CARTESIAN_POINT('Ctrl Pts',(116.343812423611,-198.534398831213,1.83553024941766));
#3237=CARTESIAN_POINT('Ctrl Pts',(57.527585027867,-199.538210264692,2.13552752712221));
#3238=CARTESIAN_POINT('Ctrl Pts',(-59.9826720941226,-197.46437496843,2.68633524951522));
#3239=CARTESIAN_POINT('Ctrl Pts',(-118.697788813817,-194.248342676302,2.93235337094514));
#3240=CARTESIAN_POINT('Ctrl Pts',(-191.746977213967,-187.068323678885,3.32887560236925));
#3241=CARTESIAN_POINT('Ctrl Pts',(-206.338748892428,-185.47399103884,3.4129425014846));
#3242=CARTESIAN_POINT('Ctrl Pts',(-225.226615830674,-183.195210052753,3.52650621555983));
#3243=CARTESIAN_POINT('Ctrl Pts',(-229.543852514194,-182.659739046723,3.55275153281488));
#3244=CARTESIAN_POINT('Ctrl Pts',(-244.098213293769,-180.804604302413,3.64170060384676));
#3245=CARTESIAN_POINT('Ctrl Pts',(-254.325264040205,-179.417894954324,3.70520967536075));
#3246=CARTESIAN_POINT('Ctrl Pts',(-279.054867235873,-175.852755148863,3.85160319980043));
#3247=CARTESIAN_POINT('Ctrl Pts',(-293.543218680507,-173.589307269319,3.93080097581316));
#3248=CARTESIAN_POINT('Ctrl Pts',(-321.533122456672,-168.815174046667,4.03745572141743));
#3249=CARTESIAN_POINT('Ctrl Pts',(-335.026859024594,-166.324896454561,4.06888492518147));
#3250=CARTESIAN_POINT('Ctrl Pts',(-349.426755005654,-163.4186658385,4.08154548941278));
#3251=CARTESIAN_POINT('Ctrl Pts',(-350.341195695881,-163.2333867395,4.08224244987033));
#3252=CARTESIAN_POINT('Ctrl Pts',(-351.255859261581,-163.047373388755,4.08279186886468));
#3253=CARTESIAN_POINT('Ctrl Pts',(340.322528469574,-156.091253498103,-0.0338232876923002));
#3254=CARTESIAN_POINT('Ctrl Pts',(340.18173286384,-156.998140040236,-0.0149442417253256));
#3255=CARTESIAN_POINT('Ctrl Pts',(340.03942269143,-157.910924594464,-0.00258769203561339));
#3256=CARTESIAN_POINT('Ctrl Pts',(339.857245120128,-158.828381900921,0.00503011309673593));
#3257=CARTESIAN_POINT('Ctrl Pts',(339.854387726488,-158.842714079641,0.00514801202667811));
#3258=CARTESIAN_POINT('Ctrl Pts',(339.851047926174,-158.859396930846,0.00528398373253501));
#3259=CARTESIAN_POINT('Ctrl Pts',(339.850576389865,-158.861750739368,0.00530313890935476));
#3260=CARTESIAN_POINT('Ctrl Pts',(339.672497236788,-159.750080113922,0.0125212742694967));
#3261=CARTESIAN_POINT('Ctrl Pts',(339.450969703689,-160.624134545455,0.0154223696380002));
#3262=CARTESIAN_POINT('Ctrl Pts',(338.403292913467,-163.125794123098,0.0265890772591071));
#3263=CARTESIAN_POINT('Ctrl Pts',(337.17113989952,-164.567409539452,0.0389761879206135));
#3264=CARTESIAN_POINT('Ctrl Pts',(333.1949220647,-168.336308319198,0.0685201761318984));
#3265=CARTESIAN_POINT('Ctrl Pts',(329.951865119884,-170.168593070035,0.0892927160366897));
#3266=CARTESIAN_POINT('Ctrl Pts',(320.053164966154,-174.932669956138,0.1481269113327));
#3267=CARTESIAN_POINT('Ctrl Pts',(312.997680500151,-177.10911785074,0.186429839331644));
#3268=CARTESIAN_POINT('Ctrl Pts',(291.723806400701,-182.793765904109,0.295319552454078));
#3269=CARTESIAN_POINT('Ctrl Pts',(277.214663354134,-185.306218839244,0.361050875375943));
#3270=CARTESIAN_POINT('Ctrl Pts',(233.587304635266,-191.713482790345,0.54195984117193));
#3271=CARTESIAN_POINT('Ctrl Pts',(204.261192844835,-194.267561648888,0.641854193647675));
#3272=CARTESIAN_POINT('Ctrl Pts',(116.256501613022,-199.975007998431,0.917599323409067));
#3273=CARTESIAN_POINT('Ctrl Pts',(57.4512397443544,-200.936532721388,1.06809182892428));
#3274=CARTESIAN_POINT('Ctrl Pts',(-60.0359004036566,-198.696376025342,1.34489966733086));
#3275=CARTESIAN_POINT('Ctrl Pts',(-118.741335724229,-195.358192675544,1.46906422434692));
#3276=CARTESIAN_POINT('Ctrl Pts',(-191.777063153755,-187.903630999002,1.66721042210999));
#3277=CARTESIAN_POINT('Ctrl Pts',(-206.366129073565,-186.247817976145,1.7091116196505));
#3278=CARTESIAN_POINT('Ctrl Pts',(-225.250487275021,-183.879295643441,1.76547735956567));
#3279=CARTESIAN_POINT('Ctrl Pts',(-229.566921618106,-183.322629390721,1.77848868906587));
#3280=CARTESIAN_POINT('Ctrl Pts',(-244.11857674971,-181.393736428541,1.82252897110901));
#3281=CARTESIAN_POINT('Ctrl Pts',(-254.343726524243,-179.95122621071,1.85387533242196));
#3282=CARTESIAN_POINT('Ctrl Pts',(-279.068729399393,-176.243824216489,1.92592699465828));
#3283=CARTESIAN_POINT('Ctrl Pts',(-293.554397352479,-173.890045775996,1.96474051410948));
#3284=CARTESIAN_POINT('Ctrl Pts',(-321.539132144388,-168.953280676849,2.01728511422316));
#3285=CARTESIAN_POINT('Ctrl Pts',(-335.030914822439,-166.376968725138,2.0320878139546));
#3286=CARTESIAN_POINT('Ctrl Pts',(-349.426359719152,-163.445808143378,2.03943023243281));
#3287=CARTESIAN_POINT('Ctrl Pts',(-350.340512488734,-163.259324485755,2.03985721020361));
#3288=CARTESIAN_POINT('Ctrl Pts',(-351.254884139567,-163.072463849596,2.04020191176518));
#3289=CARTESIAN_POINT('Ctrl Pts',(340.138567459246,-157.592614505589,-0.0256257216166576));
#3290=CARTESIAN_POINT('Ctrl Pts',(340.001254701781,-158.505145547221,-0.0111653001914121));
#3291=CARTESIAN_POINT('Ctrl Pts',(339.861019898461,-159.422503061096,-0.00344222465730565));
#3292=CARTESIAN_POINT('Ctrl Pts',(339.678603616154,-160.342973771155,-0.000843409124876043));
#3293=CARTESIAN_POINT('Ctrl Pts',(339.675741943461,-160.35735264908,-0.000804005856475698));
#3294=CARTESIAN_POINT('Ctrl Pts',(339.672396521653,-160.374089422462,-0.000759510821544835));
#3295=CARTESIAN_POINT('Ctrl Pts',(339.671924177349,-160.376450828829,-0.000753264697906904));
#3296=CARTESIAN_POINT('Ctrl Pts',(339.49353448012,-161.267643819502,0.00159204827025705));
#3297=CARTESIAN_POINT('Ctrl Pts',(339.269472664279,-162.143007257185,-0.000662451020090945));
#3298=CARTESIAN_POINT('Ctrl Pts',(338.209851140567,-164.645426162571,-0.00579265803960474));
#3299=CARTESIAN_POINT('Ctrl Pts',(336.965092489125,-166.083830992563,-0.00509200205186681));
#3300=CARTESIAN_POINT('Ctrl Pts',(332.957655219641,-169.845087395463,-0.0104605495620211));
#3301=CARTESIAN_POINT('Ctrl Pts',(329.700688935851,-171.67422821371,-0.0128647713439191));
#3302=CARTESIAN_POINT('Ctrl Pts',(319.773170817713,-176.436020419791,-0.0219324419938779));
#3303=CARTESIAN_POINT('Ctrl Pts',(312.712178266319,-178.617827016984,-0.0271021569574635));
#3304=CARTESIAN_POINT('Ctrl Pts',(291.432985908849,-184.322842918759,-0.042895200667383));
#3305=CARTESIAN_POINT('Ctrl Pts',(276.937912065877,-186.855081275771,-0.0525231542031121));
#3306=CARTESIAN_POINT('Ctrl Pts',(233.360695990632,-193.312540877581,-0.0788179254251178));
#3307=CARTESIAN_POINT('Ctrl Pts',(204.077863878651,-195.888970887796,-0.0933607342213798));
#3308=CARTESIAN_POINT('Ctrl Pts',(116.157798844848,-201.610632884436,-0.133468741335547));
#3309=CARTESIAN_POINT('Ctrl Pts',(57.3659591333314,-202.52266217246,-0.155358801981824));
#3310=CARTESIAN_POINT('Ctrl Pts',(-60.0948264064057,-200.088395233657,-0.195621700032675));
#3311=CARTESIAN_POINT('Ctrl Pts',(-118.789347578553,-196.607363118264,-0.213682715302572));
#3312=CARTESIAN_POINT('Ctrl Pts',(-191.809880249805,-188.836788948286,-0.242503182341216));
#3313=CARTESIAN_POINT('Ctrl Pts',(-206.395891729181,-187.110405491269,-0.248597888306588));
#3314=CARTESIAN_POINT('Ctrl Pts',(-225.276288477309,-184.639456561091,-0.256796933539223));
#3315=CARTESIAN_POINT('Ctrl Pts',(-229.591816804134,-184.058635140494,-0.2586890800585));
#3316=CARTESIAN_POINT('Ctrl Pts',(-244.140416707889,-182.045836924981,-0.265095040300237));
#3317=CARTESIAN_POINT('Ctrl Pts',(-254.363418257512,-180.540096926461,-0.269651576327218));
#3318=CARTESIAN_POINT('Ctrl Pts',(-279.083231207911,-176.672406440359,-0.2801395428413));
#3319=CARTESIAN_POINT('Ctrl Pts',(-293.565865069597,-174.217637747348,-0.285729789565983));
#3320=CARTESIAN_POINT('Ctrl Pts',(-321.544749132964,-169.099999732091,-0.29341797045));
#3321=CARTESIAN_POINT('Ctrl Pts',(-335.034172915534,-166.431752032585,-0.297295210329633));
#3322=CARTESIAN_POINT('Ctrl Pts',(-349.425351499297,-163.472859740997,-0.29652786856159));
#3323=CARTESIAN_POINT('Ctrl Pts',(-350.339224231141,-163.284961494752,-0.296453105695409));
#3324=CARTESIAN_POINT('Ctrl Pts',(-351.253307184765,-163.097018872764,-0.296396759888572));
#3325=CARTESIAN_POINT('Ctrl Pts',(340.115017629998,-157.783241863105,-0.0248990900212601));
#3326=CARTESIAN_POINT('Ctrl Pts',(339.977846055208,-158.696331809304,-0.010992404034488));
#3327=CARTESIAN_POINT('Ctrl Pts',(339.837367606629,-159.61402386001,-0.00383792857903585));
#3328=CARTESIAN_POINT('Ctrl Pts',(339.65405606667,-160.53446318394,-0.00182341367756582));
#3329=CARTESIAN_POINT('Ctrl Pts',(339.651180270858,-160.548841489175,-0.00179314258370791));
#3330=CARTESIAN_POINT('Ctrl Pts',(339.647818251282,-160.565577500809,-0.00175928303798853));
#3331=CARTESIAN_POINT('Ctrl Pts',(339.647343561124,-160.567938797479,-0.00175453767747983));
#3332=CARTESIAN_POINT('Ctrl Pts',(339.468067303437,-161.459089563085,2.43603780160926E-5));
#3333=CARTESIAN_POINT('Ctrl Pts',(339.242538714736,-162.33406583545,-0.00280260834158573));
#3334=CARTESIAN_POINT('Ctrl Pts',(338.180661290903,-164.83567534448,-0.00986538335495177));
#3335=CARTESIAN_POINT('Ctrl Pts',(336.937232770249,-166.274215194891,-0.010709172061904));
#3336=CARTESIAN_POINT('Ctrl Pts',(332.92698834312,-170.035232275607,-0.0204414795618938));
#3337=CARTESIAN_POINT('Ctrl Pts',(329.668829276176,-171.864427249473,-0.0258033946179577));
#3338=CARTESIAN_POINT('Ctrl Pts',(319.738020327145,-176.626559241954,-0.0434699350866332));
#3339=CARTESIAN_POINT('Ctrl Pts',(312.676292364267,-178.809092115379,-0.0541558092808965));
#3340=CARTESIAN_POINT('Ctrl Pts',(291.396387709865,-184.516851831016,-0.0857671001271443));
#3341=CARTESIAN_POINT('Ctrl Pts',(276.90303865565,-187.051579602877,-0.104963864363451));
#3342=CARTESIAN_POINT('Ctrl Pts',(233.332065740335,-193.515397412551,-0.157579854605164));
#3343=CARTESIAN_POINT('Ctrl Pts',(204.054680480366,-196.094638706369,-0.186672933964067));
#3344=CARTESIAN_POINT('Ctrl Pts',(116.145289407095,-201.818063030698,-0.26693072300309));
#3345=CARTESIAN_POINT('Ctrl Pts',(57.3551699170431,-202.723787618862,-0.310731549844549));
#3346=CARTESIAN_POINT('Ctrl Pts',(-60.1022713227291,-200.264805370274,-0.391316779773589));
#3347=CARTESIAN_POINT('Ctrl Pts',(-118.795409805021,-196.765579674298,-0.427487025246536));
#3348=CARTESIAN_POINT('Ctrl Pts',(-191.814017125825,-188.954848566252,-0.485123875774731));
#3349=CARTESIAN_POINT('Ctrl Pts',(-206.399641568734,-187.219501056255,-0.497307738503961));
#3350=CARTESIAN_POINT('Ctrl Pts',(-225.279536341,-184.7355523175,-0.513687976167054));
#3351=CARTESIAN_POINT('Ctrl Pts',(-229.594949860635,-184.151665830942,-0.5174679327625));
#3352=CARTESIAN_POINT('Ctrl Pts',(-244.143162613128,-182.128223650964,-0.530261482827484));
#3353=CARTESIAN_POINT('Ctrl Pts',(-254.365891920152,-180.614467103541,-0.539359876340842));
#3354=CARTESIAN_POINT('Ctrl Pts',(-279.085047302254,-176.726471447023,-0.560280976336821));
#3355=CARTESIAN_POINT('Ctrl Pts',(-293.567296608792,-174.258924079006,-0.571475687459626));
#3356=CARTESIAN_POINT('Ctrl Pts',(-321.545439134886,-169.118417657167,-0.586779991733887));
#3357=CARTESIAN_POINT('Ctrl Pts',(-335.034561529223,-166.438611375418,-0.593023124704188));
#3358=CARTESIAN_POINT('Ctrl Pts',(-349.425213254718,-163.476212118899,-0.593099712714309));
#3359=CARTESIAN_POINT('Ctrl Pts',(-350.339051328769,-163.28813369857,-0.593070456405719));
#3360=CARTESIAN_POINT('Ctrl Pts',(-351.253098443951,-163.100051840401,-0.5930516911624));
#3361=CARTESIAN_POINT('Ctrl Pts',(340.090995175451,-157.973668512016,-0.0245050270677893));
#3362=CARTESIAN_POINT('Ctrl Pts',(339.953642116186,-158.887147137711,-0.0111438588410086));
#3363=CARTESIAN_POINT('Ctrl Pts',(339.81239842896,-159.804917885098,-0.00453636978758841));
#3364=CARTESIAN_POINT('Ctrl Pts',(339.62741799731,-160.72494300169,-0.00305734639514203));
#3365=CARTESIAN_POINT('Ctrl Pts',(339.624515948544,-160.739314728584,-0.00303543938495505));
#3366=CARTESIAN_POINT('Ctrl Pts',(339.621123163023,-160.756042958986,-0.00301131471022908));
#3367=CARTESIAN_POINT('Ctrl Pts',(339.620644127249,-160.758403154916,-0.0030079428332138));
#3368=CARTESIAN_POINT('Ctrl Pts',(339.439726025507,-161.649137418297,-0.00174739009517795));
#3369=CARTESIAN_POINT('Ctrl Pts',(339.211795081856,-162.523248799698,-0.00507548254397848));
#3370=CARTESIAN_POINT('Ctrl Pts',(338.147069956913,-165.023243656361,-0.0139419072674928));
#3371=CARTESIAN_POINT('Ctrl Pts',(336.907436814061,-166.462361116257,-0.0163666196571575));
#3372=CARTESIAN_POINT('Ctrl Pts',(332.895810675058,-170.223884046151,-0.0303936932224462));
#3373=CARTESIAN_POINT('Ctrl Pts',(329.636944488761,-172.053592529396,-0.0387186804251928));
#3374=CARTESIAN_POINT('Ctrl Pts',(319.703269625125,-176.816719472178,-0.0649552515285131));
#3375=CARTESIAN_POINT('Ctrl Pts',(312.640764308959,-179.000027276612,-0.0811522835582764));
#3376=CARTESIAN_POINT('Ctrl Pts',(291.360120591932,-184.710697733505,-0.12856496017248));
#3377=CARTESIAN_POINT('Ctrl Pts',(276.868433703656,-187.247891758186,-0.157329521281608));
#3378=CARTESIAN_POINT('Ctrl Pts',(233.303581463155,-193.718054235859,-0.236275077683677));
#3379=CARTESIAN_POINT('Ctrl Pts',(204.031593800313,-196.300079800799,-0.279936732272326));
#3380=CARTESIAN_POINT('Ctrl Pts',(116.132804266975,-202.025224175833,-0.400385111470241));
#3381=CARTESIAN_POINT('Ctrl Pts',(57.3444206883293,-202.924624636884,-0.466117519645777));
#3382=CARTESIAN_POINT('Ctrl Pts',(-60.1096785404813,-200.44086147475,-0.5870838464392));
#3383=CARTESIAN_POINT('Ctrl Pts',(-118.801437528497,-196.92338849612,-0.641411714862334));
#3384=CARTESIAN_POINT('Ctrl Pts',(-191.81812358568,-189.072474628498,-0.72785874702211));
#3385=CARTESIAN_POINT('Ctrl Pts',(-206.403361810241,-187.328160974042,-0.746125877363374));
#3386=CARTESIAN_POINT('Ctrl Pts',(-225.282755653041,-184.831220271152,-0.770669406138472));
#3387=CARTESIAN_POINT('Ctrl Pts',(-229.598054600407,-184.244271246266,-0.776332391387272));
#3388=CARTESIAN_POINT('Ctrl Pts',(-244.145880998236,-182.210196756665,-0.795494980985835));
#3389=CARTESIAN_POINT('Ctrl Pts',(-254.368338590115,-180.688437099819,-0.809117842940885));
#3390=CARTESIAN_POINT('Ctrl Pts',(-279.086837821738,-176.780187529773,-0.840423887801589));
#3391=CARTESIAN_POINT('Ctrl Pts',(-293.568703273297,-174.299908253392,-0.857189263055916));
#3392=CARTESIAN_POINT('Ctrl Pts',(-321.546105478327,-169.136639287582,-0.880077461960997));
#3393=CARTESIAN_POINT('Ctrl Pts',(-335.034924213548,-166.445403448697,-0.888678795681529));
#3394=CARTESIAN_POINT('Ctrl Pts',(-349.425063899371,-163.479511652711,-0.889608337335133));
#3395=CARTESIAN_POINT('Ctrl Pts',(-350.338868197346,-163.291252434176,-0.889625375274724));
#3396=CARTESIAN_POINT('Ctrl Pts',(-351.252880298998,-163.103029343001,-0.889645176066551));
#3397=UNCERTAINTY_MEASURE_WITH_UNIT(LENGTH_MEASURE(0.01),#3401,
'DISTANCE_ACCURACY_VALUE',
'Maximum model space distance between geometric entities at asserted c
onnectivities');
#3398=UNCERTAINTY_MEASURE_WITH_UNIT(LENGTH_MEASURE(0.01),#3401,
'DISTANCE_ACCURACY_VALUE',
'Maximum model space distance between geometric entities at asserted c
onnectivities');
#3399=(
GEOMETRIC_REPRESENTATION_CONTEXT(3)
GLOBAL_UNCERTAINTY_ASSIGNED_CONTEXT((#3397))
GLOBAL_UNIT_ASSIGNED_CONTEXT((#3401,#3403,#3404))
REPRESENTATION_CONTEXT('','3D')
);
#3400=(
GEOMETRIC_REPRESENTATION_CONTEXT(3)
GLOBAL_UNCERTAINTY_ASSIGNED_CONTEXT((#3398))
GLOBAL_UNIT_ASSIGNED_CONTEXT((#3401,#3403,#3404))
REPRESENTATION_CONTEXT('','3D')
);
#3401=(
LENGTH_UNIT()
NAMED_UNIT(*)
SI_UNIT(.MILLI.,.METRE.)
);
#3402=(
LENGTH_UNIT()
NAMED_UNIT(*)
SI_UNIT($,.METRE.)
);
#3403=(
NAMED_UNIT(*)
PLANE_ANGLE_UNIT()
SI_UNIT($,.RADIAN.)
);
#3404=(
NAMED_UNIT(*)
SI_UNIT($,.STERADIAN.)
SOLID_ANGLE_UNIT()
);
#3405=SHAPE_DEFINITION_REPRESENTATION(#3406,#3407);
#3406=PRODUCT_DEFINITION_SHAPE('',$,#3409);
#3407=SHAPE_REPRESENTATION('',(#271),#3399);
#3408=PRODUCT_DEFINITION_CONTEXT('part definition',#3413,'design');
#3409=PRODUCT_DEFINITION('2026-10-01-19-34-05-814','boat hull',#3410,#3408);
#3410=PRODUCT_DEFINITION_FORMATION('',$,#3415);
#3411=PRODUCT_RELATED_PRODUCT_CATEGORY('boat hull','boat hull',(#3415));
#3412=APPLICATION_PROTOCOL_DEFINITION('international standard',
'automotive_design',2009,#3413);
#3413=APPLICATION_CONTEXT(
'Core Data for Automotive Mechanical Design Process');
#3414=PRODUCT_CONTEXT('part definition',#3413,'mechanical');
#3415=PRODUCT('2026-10-01-19-34-05-814','boat hull',$,(#3414));
#3416=PRESENTATION_STYLE_ASSIGNMENT((#3417));
#3417=SURFACE_STYLE_USAGE(.BOTH.,#3418);
#3418=SURFACE_SIDE_STYLE('',(#3419));
#3419=SURFACE_STYLE_FILL_AREA(#3420);
#3420=FILL_AREA_STYLE('Steel - Satin',(#3421));
#3421=FILL_AREA_STYLE_COLOUR('Steel - Satin',#3422);
#3422=COLOUR_RGB('Steel - Satin',0.627450980392157,0.627450980392157,0.627450980392157);
ENDSEC;
END-ISO-10303-21;
