ISO-10303-21;
HEADER;
/* Generated by software containing ST-Developer
 * from STEP Tools, Inc. (www.steptools.com) 
 */

FILE_DESCRIPTION(
/* description */ (''),
/* implementation_level */ '2;1');

FILE_NAME(
/* name */ 'scowhull.step',
/* time_stamp */ '2026-10-08T00:52:16+01:00',
/* author */ (''),
/* organization */ (''),
/* preprocessor_version */ 'ST-DEVELOPER v20.1',
/* originating_system */ 'Autodesk Translation Framework v15.8.0.0',
/* authorisation */ '');

FILE_SCHEMA (('AUTOMOTIVE_DESIGN { 1 0 10303 214 3 1 1 }'));
ENDSEC;

DATA;
#10=MECHANICAL_DESIGN_GEOMETRIC_PRESENTATION_REPRESENTATION('',(#13),#8167);
#11=SHAPE_REPRESENTATION_RELATIONSHIP('SRR','None',#8174,#12);
#12=ADVANCED_BREP_SHAPE_REPRESENTATION('',(#14),#8166);
#13=STYLED_ITEM('',(#8183),#14);
#14=MANIFOLD_SOLID_BREP('Body6',#106);
#15=LINE('',#4229,#16);
#16=VECTOR('',#126,10.);
#17=PLANE('',#120);
#18=PLANE('',#121);
#19=FACE_OUTER_BOUND('',#25,.T.);
#20=FACE_OUTER_BOUND('',#26,.T.);
#21=FACE_OUTER_BOUND('',#27,.T.);
#22=FACE_OUTER_BOUND('',#28,.T.);
#23=FACE_OUTER_BOUND('',#29,.T.);
#24=FACE_OUTER_BOUND('',#30,.T.);
#25=EDGE_LOOP('',(#68,#69,#70,#71,#72));
#26=EDGE_LOOP('',(#73,#74,#75,#76,#77));
#27=EDGE_LOOP('',(#78,#79,#80));
#28=EDGE_LOOP('',(#81,#82,#83,#84,#85));
#29=EDGE_LOOP('',(#86,#87,#88,#89,#90));
#30=EDGE_LOOP('',(#91,#92,#93,#94,#95));
#31=B_SPLINE_CURVE_WITH_KNOTS('',3,(#2484,#2485,#2486,#2487,#2488,#2489,
#2490,#2491,#2492,#2493,#2494,#2495,#2496,#2497,#2498,#2499,#2500,#2501,
#2502,#2503,#2504,#2505,#2506,#2507,#2508,#2509,#2510,#2511,#2512,#2513,
#2514,#2515,#2516,#2517,#2518,#2519,#2520,#2521,#2522,#2523,#2524,#2525,
#2526,#2527,#2528,#2529,#2530,#2531,#2532,#2533,#2534,#2535,#2536,#2537,
#2538,#2539,#2540,#2541,#2542,#2543,#2544,#2545,#2546,#2547,#2548,#2549,
#2550,#2551,#2552,#2553,#2554,#2555,#2556,#2557,#2558,#2559,#2560,#2561,
#2562,#2563,#2564,#2565,#2566,#2567,#2568,#2569,#2570,#2571,#2572,#2573,
#2574,#2575,#2576,#2577,#2578,#2579,#2580,#2581,#2582,#2583,#2584,#2585,
#2586,#2587,#2588,#2589,#2590,#2591,#2592,#2593,#2594,#2595,#2596,#2597,
#2598,#2599,#2600,#2601,#2602,#2603,#2604,#2605,#2606,#2607,#2608,#2609,
#2610,#2611,#2612,#2613),.UNSPECIFIED.,.F.,.F.,(4,3,3,3,3,3,3,3,3,3,3,3,
3,3,3,3,3,3,3,3,3,3,3,3,3,3,3,3,3,3,3,3,3,3,3,3,3,3,3,3,3,3,3,4),(-35.1002511261556,
-34.8995028535456,-34.560105916341,-34.3566488631714,-33.676221812848,-33.0990975881898,
-32.7043944535057,-32.1093937293632,-31.666318885225,-31.0456953468742,
-30.6888924646432,-29.8320198934093,-28.2094580940549,-27.9086526923066,
-26.6273984499236,-23.7610304768616,-23.261735736595,-22.1694991868361,
-21.3542244511276,-20.3396300396509,-20.1110704307405,-19.3959577069675,
-18.4164566652869,-17.9771708361868,-17.825166190331,-17.5360274961573,
-17.3152323419362,-16.6576942578478,-15.2008338746814,-13.3541562329925,
-10.4124092729479,-10.2253639772508,-9.2226931302034,-8.00644556362665,
-5.42855100067178,-4.37657192347424,-4.21884405881193,-3.62128325613668,
-3.03696693532543,-2.99101104522912,-2.8257397078062,-2.44544962053727,
-1.73343728920454,-9.99999930268251E-7),.UNSPECIFIED.);
#32=B_SPLINE_CURVE_WITH_KNOTS('',3,(#2615,#2616,#2617,#2618,#2619,#2620,
#2621,#2622,#2623,#2624,#2625,#2626,#2627,#2628,#2629,#2630,#2631,#2632,
#2633,#2634,#2635,#2636,#2637,#2638,#2639,#2640,#2641,#2642,#2643,#2644,
#2645,#2646,#2647,#2648,#2649,#2650,#2651,#2652,#2653,#2654,#2655,#2656,
#2657,#2658,#2659,#2660,#2661,#2662,#2663,#2664,#2665,#2666,#2667,#2668,
#2669,#2670,#2671,#2672,#2673,#2674,#2675,#2676,#2677,#2678),
 .UNSPECIFIED.,.F.,.F.,(4,3,3,3,3,3,3,3,3,3,3,3,3,3,3,3,3,3,3,3,3,4),(9.9998851350907E-7,
0.334632746609671,0.591069819430469,0.849950684400167,1.0726597451495,2.45791962254483,
4.40222933124418,5.324338802353,5.95334752204515,6.34653903994354,8.77318521524009,
10.5559148986942,11.8026601787868,12.1009120393462,12.7010594013655,14.6936159291037,
17.5644234002708,18.7953351569157,23.662974610102,26.050006609102,26.217954138739,
29.4229343951479),.UNSPECIFIED.);
#33=B_SPLINE_CURVE_WITH_KNOTS('',3,(#2680,#2681,#2682,#2683,#2684,#2685,
#2686,#2687,#2688,#2689,#2690,#2691,#2692,#2693,#2694,#2695,#2696,#2697,
#2698,#2699,#2700,#2701,#2702,#2703,#2704,#2705,#2706,#2707,#2708,#2709,
#2710,#2711,#2712,#2713,#2714,#2715,#2716,#2717,#2718,#2719,#2720,#2721),
 .UNSPECIFIED.,.F.,.F.,(4,2,2,2,2,2,2,2,2,2,2,2,2,2,2,2,2,2,2,2,4),(9.99997688025224E-7,
0.326077796489544,0.592614073807242,1.12477098077335,2.25373797733028,3.01382817308464,
6.05888233234501,8.08975478358516,9.2560882570373,12.3849509601989,14.2235886820392,
18.0609468493897,18.7717827416962,23.625960630411,27.0563992317517,28.3197493008613,
34.1207176461662,37.3185562265027,37.7145158350829,38.415251288891,40.317549117891),
 .UNSPECIFIED.);
#34=B_SPLINE_CURVE_WITH_KNOTS('',3,(#2723,#2724,#2725,#2726,#2727,#2728,
#2729,#2730,#2731,#2732,#2733,#2734,#2735,#2736,#2737,#2738,#2739,#2740,
#2741,#2742,#2743,#2744,#2745,#2746,#2747,#2748,#2749,#2750,#2751,#2752,
#2753,#2754,#2755,#2756,#2757,#2758,#2759,#2760,#2761,#2762,#2763,#2764,
#2765,#2766,#2767,#2768,#2769,#2770,#2771,#2772,#2773,#2774,#2775,#2776,
#2777,#2778,#2779,#2780,#2781,#2782,#2783,#2784,#2785,#2786,#2787,#2788,
#2789,#2790,#2791,#2792,#2793,#2794,#2795,#2796,#2797,#2798,#2799,#2800,
#2801,#2802,#2803,#2804,#2805,#2806,#2807,#2808,#2809,#2810,#2811,#2812,
#2813,#2814,#2815,#2816,#2817,#2818,#2819,#2820,#2821,#2822,#2823,#2824,
#2825,#2826,#2827,#2828,#2829,#2830,#2831,#2832,#2833,#2834,#2835,#2836,
#2837,#2838,#2839,#2840,#2841,#2842,#2843,#2844,#2845,#2846,#2847,#2848,
#2849,#2850,#2851,#2852,#2853,#2854,#2855,#2856,#2857,#2858,#2859,#2860,
#2861,#2862,#2863,#2864,#2865,#2866,#2867,#2868,#2869,#2870,#2871,#2872,
#2873,#2874,#2875,#2876,#2877,#2878,#2879,#2880,#2881,#2882,#2883,#2884,
#2885,#2886,#2887,#2888,#2889,#2890,#2891,#2892,#2893,#2894,#2895,#2896,
#2897,#2898,#2899,#2900,#2901,#2902,#2903,#2904,#2905,#2906,#2907,#2908,
#2909,#2910,#2911,#2912,#2913,#2914,#2915,#2916,#2917,#2918,#2919,#2920,
#2921,#2922,#2923,#2924,#2925,#2926,#2927,#2928,#2929,#2930,#2931,#2932,
#2933,#2934,#2935,#2936,#2937,#2938,#2939,#2940,#2941,#2942,#2943,#2944,
#2945,#2946,#2947,#2948,#2949,#2950,#2951,#2952,#2953,#2954,#2955,#2956,
#2957,#2958,#2959,#2960,#2961,#2962,#2963,#2964,#2965,#2966,#2967,#2968,
#2969,#2970,#2971,#2972,#2973,#2974,#2975,#2976,#2977,#2978,#2979,#2980,
#2981,#2982,#2983,#2984,#2985,#2986,#2987,#2988,#2989,#2990,#2991,#2992,
#2993,#2994,#2995,#2996,#2997,#2998,#2999,#3000,#3001,#3002,#3003,#3004,
#3005,#3006,#3007,#3008,#3009,#3010,#3011,#3012,#3013,#3014,#3015,#3016,
#3017,#3018,#3019,#3020,#3021,#3022,#3023,#3024,#3025,#3026,#3027,#3028,
#3029,#3030,#3031,#3032,#3033,#3034,#3035,#3036,#3037,#3038,#3039,#3040,
#3041,#3042,#3043,#3044,#3045,#3046,#3047,#3048,#3049,#3050,#3051,#3052,
#3053,#3054,#3055,#3056,#3057,#3058,#3059,#3060,#3061,#3062,#3063,#3064,
#3065,#3066,#3067,#3068,#3069,#3070,#3071,#3072,#3073,#3074,#3075,#3076,
#3077,#3078,#3079,#3080,#3081,#3082,#3083,#3084,#3085,#3086,#3087,#3088,
#3089,#3090,#3091,#3092,#3093,#3094,#3095,#3096,#3097,#3098,#3099,#3100,
#3101,#3102,#3103,#3104,#3105,#3106,#3107,#3108,#3109,#3110,#3111,#3112,
#3113,#3114,#3115,#3116,#3117,#3118,#3119,#3120,#3121,#3122,#3123,#3124,
#3125,#3126,#3127,#3128,#3129,#3130,#3131,#3132,#3133,#3134,#3135,#3136,
#3137,#3138,#3139,#3140,#3141,#3142,#3143,#3144,#3145,#3146,#3147,#3148,
#3149,#3150,#3151,#3152,#3153,#3154,#3155,#3156,#3157,#3158,#3159,#3160,
#3161),.UNSPECIFIED.,.F.,.F.,(4,3,3,3,3,3,3,3,3,3,3,3,3,3,3,3,3,3,3,3,3,
3,3,3,3,3,3,3,3,3,3,3,3,3,3,3,3,3,3,3,3,3,3,3,3,3,3,3,3,3,3,3,3,3,3,3,3,
3,3,3,3,3,3,3,3,3,3,3,3,3,3,3,3,3,3,3,3,3,3,3,3,3,3,3,3,3,3,3,3,3,3,3,3,
3,3,3,3,3,3,3,3,3,3,3,3,3,3,3,3,3,3,3,3,3,3,3,3,3,3,3,3,3,3,3,3,3,3,3,3,
3,3,3,3,3,3,3,3,3,3,3,3,3,3,3,3,3,4),(-48.1939185213022,-48.1430931584854,
-48.0954866821834,-48.0485184334704,-48.0011496226257,-47.9527788258751,
-47.9300265401283,-47.8360336731132,-47.748611979884,-47.6774047412849,
-47.6275195574399,-47.5397911821652,-47.4436680235462,-47.3571519020714,
-47.2731214268554,-47.1807911115685,-47.1571881215025,-47.135106704491,
-47.0179325478358,-46.8959389192298,-46.7680484147539,-46.6326489883142,
-46.4870932737827,-46.3263199626227,-46.1325213547201,-45.886769348201,
-45.7014305294986,-45.5229093164928,-45.3450854519752,-45.3242095015908,
-45.2311520144674,-45.1759754342534,-45.1333011414551,-44.9171256571966,
-44.5662106129997,-44.34734441826,-44.1465576626078,-43.9741101717383,-43.8781652351936,
-43.8142722519803,-43.5331599950072,-43.2314732687732,-42.8937273838609,
-42.7261737612677,-42.6427242031402,-42.6090167399766,-42.5832377952789,
-42.0831518541086,-41.7543772302483,-41.6891340840235,-41.6315621623951,
-41.2634659149589,-40.7897009861891,-40.4710314472345,-40.360875085751,
-40.3052689066572,-40.2570625937308,-40.0679682345858,-39.9374912277223,
-39.5269478845546,-39.1016235349346,-38.6582665780327,-38.193374476385,
-37.705210749121,-37.5579247696322,-37.4784531188507,-37.4406935451814,
-37.4213483688867,-37.4048029503629,-36.9281932244692,-36.4188594234633,
-36.1343370842175,-35.9741381105331,-35.8736371624493,-35.7992639323833,
-35.3000826886874,-34.7200593881478,-34.177558460208,-33.6763928852736,
-33.2004895744846,-32.7315101551659,-32.5892221420686,-32.4954022131783,
-31.9876615535974,-31.7712374493359,-31.27481186419,-31.1154124145486,-30.6065718806342,
-30.0838709721726,-29.5402059014593,-28.9618638064625,-28.3157189610878,
-27.5061381995902,-27.3208835812222,-27.2196246905005,-26.6549986991671,
-26.4467565218299,-26.3434488791665,-26.2828722409751,-26.2443707187047,
-25.6531329740923,-25.0490941212394,-24.4309571758163,-24.1059314067309,
-23.8472535712748,-23.2258973564402,-22.5884290515987,-21.9318177953941,
-21.2377284157311,-20.5740494027395,-20.3876490827181,-20.269648267826,
-19.5958531750732,-18.9834827633521,-18.6359134963508,-18.0112177505591,
-17.3733002904222,-16.8303846563465,-16.5674098960911,-16.5195403428104,
-16.5005204631552,-15.7891187312155,-15.0746195906673,-14.3568518635935,
-14.1694975802161,-14.0320389877407,-13.3901865267932,-12.7749719938157,
-11.9765362442022,-11.1910475835481,-10.40539485413,-9.61840614747124,-8.82878299862034,
-8.03628459243079,-7.23952848528826,-6.43536567837761,-5.61620560254971,
-4.78556453143455,-3.9412978479206,-3.44863561693053,-3.01318125239748,
-2.93028905883683,-2.24730606607732,-1.58841629238337,-0.941432066724436,
-0.30971319124448,0.),.UNSPECIFIED.);
#35=B_SPLINE_CURVE_WITH_KNOTS('',3,(#3162,#3163,#3164,#3165,#3166,#3167,
#3168,#3169,#3170,#3171,#3172,#3173,#3174,#3175,#3176,#3177,#3178,#3179,
#3180),.UNSPECIFIED.,.F.,.F.,(4,3,3,3,3,3,4),(-36.202832127739,-35.9805815695579,
-35.9015227454652,-35.7472520652355,-35.7229298807459,-35.54117127254,-35.1002511261556),
 .UNSPECIFIED.);
#36=B_SPLINE_CURVE_WITH_KNOTS('',3,(#4170,#4171,#4172,#4173,#4174,#4175,
#4176,#4177,#4178,#4179),.UNSPECIFIED.,.F.,.F.,(4,2,2,2,4),(1.00000007626609E-6,
1.49440306027596,2.91028248214569,4.32622215124231,5.82081593972078),
 .UNSPECIFIED.);
#37=B_SPLINE_CURVE_WITH_KNOTS('',3,(#4181,#4182,#4183,#4184,#4185,#4186,
#4187,#4188,#4189,#4190,#4191,#4192,#4193,#4194,#4195,#4196,#4197,#4198,
#4199,#4200,#4201,#4202,#4203,#4204,#4205,#4206,#4207,#4208,#4209,#4210,
#4211,#4212,#4213,#4214,#4215,#4216),.UNSPECIFIED.,.F.,.F.,(4,2,2,2,2,2,
2,2,2,2,2,2,2,2,2,2,2,4),(1.00000078817608E-6,0.643622439691315,1.1387127360927,
2.25811656948481,4.27407203415895,5.25951700066694,6.36214799190971,8.31218289637461,
9.59014958641675,11.7984391260472,12.2629612328968,27.7074846060693,32.5642715088281,
36.2068616693044,41.6707472762277,43.0367022979841,45.0855603872473,48.2343127112025),
 .UNSPECIFIED.);
#38=B_SPLINE_CURVE_WITH_KNOTS('',3,(#4217,#4218,#4219,#4220,#4221,#4222,
#4223,#4224,#4225,#4226),.UNSPECIFIED.,.F.,.F.,(4,2,2,2,4),(-5.90196912416007,
-4.4129926914724,-2.95020588253259,-1.4879139066698,-1.00035703712783E-6),
 .UNSPECIFIED.);
#39=B_SPLINE_CURVE_WITH_KNOTS('',3,(#4230,#4231,#4232,#4233,#4234,#4235,
#4236,#4237,#4238,#4239,#4240,#4241,#4242,#4243,#4244,#4245,#4246,#4247,
#4248,#4249,#4250,#4251,#4252,#4253,#4254,#4255,#4256,#4257,#4258,#4259,
#4260,#4261,#4262,#4263,#4264,#4265),.UNSPECIFIED.,.F.,.F.,(4,2,2,2,2,2,
2,2,2,2,2,2,2,2,2,2,2,4),(1.00000078817608E-6,0.643622439691315,1.1387127360927,
2.25811656948481,4.27407203415895,5.25951700066694,6.36214799190971,8.31218289637461,
9.59014958641675,11.7984391260472,12.2629612328968,27.7074846060693,32.5642715088281,
36.2068616693044,41.6707472762277,43.0367022979841,45.0855603872473,48.2343127112025),
 .UNSPECIFIED.);
#40=B_SPLINE_CURVE_WITH_KNOTS('',3,(#6619,#6620,#6621,#6622,#6623,#6624,
#6625,#6626,#6627,#6628,#6629,#6630,#6631,#6632,#6633,#6634,#6635,#6636,
#6637,#6638,#6639,#6640,#6641,#6642,#6643,#6644,#6645,#6646,#6647,#6648,
#6649,#6650,#6651,#6652,#6653,#6654,#6655,#6656,#6657,#6658,#6659,#6660,
#6661,#6662,#6663,#6664,#6665,#6666,#6667,#6668,#6669,#6670,#6671,#6672,
#6673,#6674,#6675,#6676,#6677,#6678,#6679,#6680,#6681,#6682,#6683,#6684,
#6685,#6686,#6687,#6688,#6689,#6690,#6691,#6692,#6693,#6694,#6695,#6696,
#6697,#6698,#6699,#6700,#6701,#6702,#6703,#6704,#6705,#6706,#6707,#6708,
#6709,#6710,#6711,#6712,#6713,#6714,#6715,#6716,#6717,#6718,#6719,#6720,
#6721,#6722,#6723,#6724,#6725,#6726,#6727,#6728,#6729,#6730,#6731,#6732,
#6733,#6734,#6735,#6736,#6737,#6738,#6739,#6740,#6741,#6742,#6743,#6744,
#6745,#6746,#6747,#6748,#6749,#6750,#6751,#6752,#6753,#6754,#6755,#6756,
#6757,#6758,#6759,#6760,#6761,#6762,#6763,#6764,#6765,#6766,#6767,#6768,
#6769,#6770,#6771,#6772,#6773,#6774,#6775,#6776,#6777,#6778,#6779,#6780,
#6781,#6782,#6783,#6784,#6785,#6786,#6787,#6788,#6789,#6790,#6791,#6792,
#6793,#6794,#6795,#6796,#6797,#6798,#6799,#6800,#6801,#6802,#6803,#6804,
#6805,#6806,#6807,#6808,#6809,#6810,#6811,#6812,#6813,#6814,#6815,#6816,
#6817,#6818,#6819,#6820,#6821,#6822,#6823,#6824,#6825,#6826,#6827,#6828,
#6829,#6830,#6831,#6832,#6833,#6834,#6835,#6836,#6837,#6838,#6839,#6840,
#6841,#6842,#6843,#6844,#6845,#6846,#6847,#6848,#6849,#6850,#6851,#6852,
#6853,#6854,#6855,#6856,#6857,#6858,#6859,#6860,#6861,#6862,#6863,#6864,
#6865,#6866,#6867,#6868,#6869,#6870,#6871,#6872,#6873,#6874,#6875,#6876,
#6877,#6878,#6879,#6880,#6881,#6882,#6883,#6884,#6885,#6886,#6887,#6888,
#6889,#6890,#6891,#6892,#6893,#6894,#6895,#6896,#6897,#6898,#6899,#6900,
#6901,#6902,#6903,#6904,#6905,#6906,#6907,#6908,#6909,#6910,#6911,#6912,
#6913,#6914,#6915,#6916,#6917,#6918,#6919,#6920,#6921,#6922,#6923,#6924,
#6925,#6926,#6927,#6928,#6929,#6930,#6931,#6932,#6933,#6934,#6935,#6936,
#6937,#6938,#6939,#6940,#6941,#6942,#6943,#6944,#6945,#6946,#6947,#6948,
#6949,#6950,#6951,#6952,#6953,#6954,#6955,#6956,#6957,#6958,#6959,#6960,
#6961,#6962,#6963,#6964,#6965,#6966,#6967,#6968,#6969,#6970,#6971,#6972,
#6973,#6974,#6975,#6976,#6977,#6978,#6979,#6980,#6981,#6982,#6983,#6984,
#6985,#6986,#6987,#6988,#6989,#6990,#6991,#6992,#6993,#6994,#6995,#6996,
#6997,#6998,#6999,#7000,#7001,#7002,#7003,#7004,#7005,#7006,#7007,#7008,
#7009,#7010,#7011,#7012,#7013,#7014,#7015,#7016,#7017,#7018,#7019,#7020,
#7021,#7022,#7023,#7024,#7025,#7026,#7027,#7028,#7029,#7030,#7031,#7032,
#7033,#7034,#7035,#7036,#7037,#7038,#7039,#7040,#7041,#7042,#7043,#7044,
#7045,#7046,#7047,#7048,#7049,#7050,#7051,#7052,#7053,#7054,#7055,#7056,
#7057),.UNSPECIFIED.,.F.,.F.,(4,3,3,3,3,3,3,3,3,3,3,3,3,3,3,3,3,3,3,3,3,
3,3,3,3,3,3,3,3,3,3,3,3,3,3,3,3,3,3,3,3,3,3,3,3,3,3,3,3,3,3,3,3,3,3,3,3,
3,3,3,3,3,3,3,3,3,3,3,3,3,3,3,3,3,3,3,3,3,3,3,3,3,3,3,3,3,3,3,3,3,3,3,3,
3,3,3,3,3,3,3,3,3,3,3,3,3,3,3,3,3,3,3,3,3,3,3,3,3,3,3,3,3,3,3,3,3,3,3,3,
3,3,3,3,3,3,3,3,3,3,3,3,3,3,3,3,3,4),(-48.1939185213022,-48.1430931584854,
-48.0954866821834,-48.0485184334704,-48.0011496226257,-47.9527788258751,
-47.9300265399328,-47.8360336729528,-47.748611979736,-47.6774047410017,
-47.6275195554758,-47.5397911791637,-47.4436680213887,-47.3571519001181,
-47.2731214248457,-47.1807911095628,-47.1571881189206,-47.1351067044226,
-47.0179325477659,-46.8959389191565,-46.7680484146777,-46.6326489882325,
-46.487093273693,-46.3263199625193,-46.1325213545798,-45.8867693481313,
-45.7014305294343,-45.5229093164287,-45.3450854519114,-45.3242095016786,
-45.2311520145401,-45.1759754352848,-45.1333011428684,-44.9171256589682,
-44.5662106147575,-44.3473444198085,-44.1465576640741,-43.9741101731988,
-43.8781652374625,-43.8142722516106,-43.5331599946038,-43.2314732683403,
-42.8937273834314,-42.7261737608399,-42.6427242027132,-42.6090167386442,
-42.5832377959134,-42.0831518547718,-41.7543772309064,-41.6891340830293,
-41.6315621621604,-41.263465914679,-40.7897009860319,-40.4710314470785,
-40.3608750853228,-40.3052689047632,-40.2570625934993,-40.0679682344754,
-39.9374912284471,-39.526947885311,-39.1016235357242,-38.6582665788585,
-38.1933744772296,-37.7052107499893,-37.5579247704972,-37.4784531160877,
-37.440693544856,-37.4213483679444,-37.4048029500697,-36.9281932242226,
-36.4188594231852,-36.1343370839416,-35.9741381103231,-35.8736371614914,
-35.7992639321316,-35.3000826883925,-34.720059387857,-34.1775584599217,
-33.6763928850749,-33.2004895742432,-32.7315101549881,-32.5892221417811,
-32.4954022150906,-31.9876615554798,-31.7712374540037,-31.2748118687849,
-31.1154124165669,-30.6065718826973,-30.0838709743046,-29.540205903693,
-28.9618638088747,-28.3157189638935,-27.5061382030661,-27.3208835848937,
-27.2196246876596,-26.6549986962585,-26.446756518944,-26.3434488762918,
-26.2828722388569,-26.2443707187284,-25.653132974128,-25.0490941212837,
-24.430957175891,-24.1059314058349,-23.8472535748584,-23.2258973600934,
-22.5884290553516,-21.9318177994561,-21.2377284199691,-20.5740494068451,
-20.387649091874,-20.2696482703517,-19.5958531776392,-18.983482765838,-18.6359135109949,
-18.0112177654908,-17.3733003057212,-16.8303846711675,-16.5674099106805,
-16.5195403499597,-16.5005204752428,-15.7891187433474,-15.0746196028352,
-14.356851875853,-14.1694975941503,-14.0320389932515,-13.3901865332709,
-12.7749719888828,-11.9765362395776,-11.1910475789309,-10.4053948495202,
-9.61840614283798,-8.82878299396702,-8.03628458793589,-7.23952848072062,
-6.4353656737458,-5.6162055978766,-4.78556452667427,-3.94129784306144,-3.44863561267876,
-3.01318124461453,-2.93028905731682,-2.24730606454159,-1.58841629088158,
-0.941432065237344,-0.309713189767655,0.),.UNSPECIFIED.);
#41=B_SPLINE_CURVE_WITH_KNOTS('',3,(#7059,#7060,#7061,#7062,#7063,#7064,
#7065,#7066,#7067,#7068,#7069,#7070,#7071,#7072,#7073,#7074,#7075,#7076,
#7077,#7078,#7079,#7080,#7081,#7082,#7083,#7084,#7085,#7086,#7087,#7088,
#7089,#7090,#7091,#7092,#7093,#7094,#7095,#7096,#7097,#7098,#7099,#7100),
 .UNSPECIFIED.,.F.,.F.,(4,2,2,2,2,2,2,2,2,2,2,2,2,2,2,2,2,2,2,2,4),(9.99997688025224E-7,
0.326077796489544,0.592614073807242,1.12477098077335,2.25373797733028,3.01382817308464,
6.05888233234501,8.08975478358516,9.2560882570373,12.3849509601989,14.2235886820392,
18.0609468493897,18.7717827416962,23.625960630411,27.0563992317517,28.3197493008613,
34.1207176461662,37.3185562265027,37.7145158350829,38.415251288891,40.317549117891),
 .UNSPECIFIED.);
#42=B_SPLINE_CURVE_WITH_KNOTS('',3,(#7101,#7102,#7103,#7104,#7105,#7106,
#7107,#7108,#7109,#7110,#7111,#7112,#7113,#7114,#7115,#7116,#7117,#7118,
#7119,#7120,#7121,#7122,#7123,#7124,#7125,#7126,#7127,#7128,#7129,#7130,
#7131,#7132,#7133,#7134,#7135,#7136,#7137,#7138,#7139,#7140,#7141,#7142,
#7143,#7144,#7145,#7146,#7147,#7148,#7149,#7150,#7151,#7152,#7153,#7154,
#7155,#7156,#7157,#7158,#7159,#7160,#7161,#7162,#7163,#7164),
 .UNSPECIFIED.,.F.,.F.,(4,3,3,3,3,3,3,3,3,3,3,3,3,3,3,3,3,3,3,3,3,4),(9.9998851350907E-7,
0.334632746609671,0.591069819431186,0.849950684400167,1.07265974514948,
2.45791962254483,4.40222933124418,5.32433880235422,5.95334752204502,6.34653903994354,
8.77318521524009,10.5559148986958,11.802660178786,12.1009120393462,12.7010594013655,
14.6936159291037,17.5644234002708,18.7953351569158,23.6629746101019,26.0500066091024,
26.217954138739,29.4229343951479),.UNSPECIFIED.);
#43=B_SPLINE_CURVE_WITH_KNOTS('',3,(#8153,#8154,#8155,#8156,#8157,#8158,
#8159,#8160,#8161,#8162),.UNSPECIFIED.,.F.,.F.,(4,2,2,2,4),(1.00000007626609E-6,
1.49440306027596,2.91028248214569,4.32622215124231,5.82081593972078),
 .UNSPECIFIED.);
#44=VERTEX_POINT('',#2482);
#45=VERTEX_POINT('',#2483);
#46=VERTEX_POINT('',#2614);
#47=VERTEX_POINT('',#2679);
#48=VERTEX_POINT('',#2722);
#49=VERTEX_POINT('',#4169);
#50=VERTEX_POINT('',#4180);
#51=VERTEX_POINT('',#4228);
#52=VERTEX_POINT('',#6618);
#53=VERTEX_POINT('',#7058);
#54=EDGE_CURVE('',#44,#45,#31,.F.);
#55=EDGE_CURVE('',#46,#44,#32,.T.);
#56=EDGE_CURVE('',#47,#46,#33,.T.);
#57=EDGE_CURVE('',#48,#47,#34,.T.);
#58=EDGE_CURVE('',#45,#48,#35,.F.);
#59=EDGE_CURVE('',#49,#46,#36,.T.);
#60=EDGE_CURVE('',#49,#50,#37,.F.);
#61=EDGE_CURVE('',#50,#48,#38,.T.);
#62=EDGE_CURVE('',#49,#51,#15,.T.);
#63=EDGE_CURVE('',#51,#50,#39,.F.);
#64=EDGE_CURVE('',#48,#52,#40,.T.);
#65=EDGE_CURVE('',#52,#53,#41,.T.);
#66=EDGE_CURVE('',#53,#44,#42,.T.);
#67=EDGE_CURVE('',#51,#53,#43,.T.);
#68=ORIENTED_EDGE('',*,*,#54,.F.);
#69=ORIENTED_EDGE('',*,*,#55,.F.);
#70=ORIENTED_EDGE('',*,*,#56,.F.);
#71=ORIENTED_EDGE('',*,*,#57,.F.);
#72=ORIENTED_EDGE('',*,*,#58,.F.);
#73=ORIENTED_EDGE('',*,*,#56,.T.);
#74=ORIENTED_EDGE('',*,*,#59,.F.);
#75=ORIENTED_EDGE('',*,*,#60,.T.);
#76=ORIENTED_EDGE('',*,*,#61,.T.);
#77=ORIENTED_EDGE('',*,*,#57,.T.);
#78=ORIENTED_EDGE('',*,*,#62,.T.);
#79=ORIENTED_EDGE('',*,*,#63,.T.);
#80=ORIENTED_EDGE('',*,*,#60,.F.);
#81=ORIENTED_EDGE('',*,*,#54,.T.);
#82=ORIENTED_EDGE('',*,*,#58,.T.);
#83=ORIENTED_EDGE('',*,*,#64,.T.);
#84=ORIENTED_EDGE('',*,*,#65,.T.);
#85=ORIENTED_EDGE('',*,*,#66,.T.);
#86=ORIENTED_EDGE('',*,*,#65,.F.);
#87=ORIENTED_EDGE('',*,*,#64,.F.);
#88=ORIENTED_EDGE('',*,*,#61,.F.);
#89=ORIENTED_EDGE('',*,*,#63,.F.);
#90=ORIENTED_EDGE('',*,*,#67,.T.);
#91=ORIENTED_EDGE('',*,*,#66,.F.);
#92=ORIENTED_EDGE('',*,*,#67,.F.);
#93=ORIENTED_EDGE('',*,*,#62,.F.);
#94=ORIENTED_EDGE('',*,*,#59,.T.);
#95=ORIENTED_EDGE('',*,*,#55,.T.);
#96=B_SPLINE_SURFACE_WITH_KNOTS('',3,3,((#130,#131,#132,#133,#134,#135,
#136,#137,#138,#139,#140,#141,#142,#143,#144,#145,#146,#147,#148,#149,#150,
#151,#152,#153,#154,#155,#156,#157,#158,#159,#160,#161,#162,#163,#164,#165,
#166,#167,#168,#169,#170,#171),(#172,#173,#174,#175,#176,#177,#178,#179,
#180,#181,#182,#183,#184,#185,#186,#187,#188,#189,#190,#191,#192,#193,#194,
#195,#196,#197,#198,#199,#200,#201,#202,#203,#204,#205,#206,#207,#208,#209,
#210,#211,#212,#213),(#214,#215,#216,#217,#218,#219,#220,#221,#222,#223,
#224,#225,#226,#227,#228,#229,#230,#231,#232,#233,#234,#235,#236,#237,#238,
#239,#240,#241,#242,#243,#244,#245,#246,#247,#248,#249,#250,#251,#252,#253,
#254,#255),(#256,#257,#258,#259,#260,#261,#262,#263,#264,#265,#266,#267,
#268,#269,#270,#271,#272,#273,#274,#275,#276,#277,#278,#279,#280,#281,#282,
#283,#284,#285,#286,#287,#288,#289,#290,#291,#292,#293,#294,#295,#296,#297),
(#298,#299,#300,#301,#302,#303,#304,#305,#306,#307,#308,#309,#310,#311,
#312,#313,#314,#315,#316,#317,#318,#319,#320,#321,#322,#323,#324,#325,#326,
#327,#328,#329,#330,#331,#332,#333,#334,#335,#336,#337,#338,#339),(#340,
#341,#342,#343,#344,#345,#346,#347,#348,#349,#350,#351,#352,#353,#354,#355,
#356,#357,#358,#359,#360,#361,#362,#363,#364,#365,#366,#367,#368,#369,#370,
#371,#372,#373,#374,#375,#376,#377,#378,#379,#380,#381),(#382,#383,#384,
#385,#386,#387,#388,#389,#390,#391,#392,#393,#394,#395,#396,#397,#398,#399,
#400,#401,#402,#403,#404,#405,#406,#407,#408,#409,#410,#411,#412,#413,#414,
#415,#416,#417,#418,#419,#420,#421,#422,#423),(#424,#425,#426,#427,#428,
#429,#430,#431,#432,#433,#434,#435,#436,#437,#438,#439,#440,#441,#442,#443,
#444,#445,#446,#447,#448,#449,#450,#451,#452,#453,#454,#455,#456,#457,#458,
#459,#460,#461,#462,#463,#464,#465),(#466,#467,#468,#469,#470,#471,#472,
#473,#474,#475,#476,#477,#478,#479,#480,#481,#482,#483,#484,#485,#486,#487,
#488,#489,#490,#491,#492,#493,#494,#495,#496,#497,#498,#499,#500,#501,#502,
#503,#504,#505,#506,#507),(#508,#509,#510,#511,#512,#513,#514,#515,#516,
#517,#518,#519,#520,#521,#522,#523,#524,#525,#526,#527,#528,#529,#530,#531,
#532,#533,#534,#535,#536,#537,#538,#539,#540,#541,#542,#543,#544,#545,#546,
#547,#548,#549),(#550,#551,#552,#553,#554,#555,#556,#557,#558,#559,#560,
#561,#562,#563,#564,#565,#566,#567,#568,#569,#570,#571,#572,#573,#574,#575,
#576,#577,#578,#579,#580,#581,#582,#583,#584,#585,#586,#587,#588,#589,#590,
#591),(#592,#593,#594,#595,#596,#597,#598,#599,#600,#601,#602,#603,#604,
#605,#606,#607,#608,#609,#610,#611,#612,#613,#614,#615,#616,#617,#618,#619,
#620,#621,#622,#623,#624,#625,#626,#627,#628,#629,#630,#631,#632,#633),
(#634,#635,#636,#637,#638,#639,#640,#641,#642,#643,#644,#645,#646,#647,
#648,#649,#650,#651,#652,#653,#654,#655,#656,#657,#658,#659,#660,#661,#662,
#663,#664,#665,#666,#667,#668,#669,#670,#671,#672,#673,#674,#675),(#676,
#677,#678,#679,#680,#681,#682,#683,#684,#685,#686,#687,#688,#689,#690,#691,
#692,#693,#694,#695,#696,#697,#698,#699,#700,#701,#702,#703,#704,#705,#706,
#707,#708,#709,#710,#711,#712,#713,#714,#715,#716,#717),(#718,#719,#720,
#721,#722,#723,#724,#725,#726,#727,#728,#729,#730,#731,#732,#733,#734,#735,
#736,#737,#738,#739,#740,#741,#742,#743,#744,#745,#746,#747,#748,#749,#750,
#751,#752,#753,#754,#755,#756,#757,#758,#759),(#760,#761,#762,#763,#764,
#765,#766,#767,#768,#769,#770,#771,#772,#773,#774,#775,#776,#777,#778,#779,
#780,#781,#782,#783,#784,#785,#786,#787,#788,#789,#790,#791,#792,#793,#794,
#795,#796,#797,#798,#799,#800,#801),(#802,#803,#804,#805,#806,#807,#808,
#809,#810,#811,#812,#813,#814,#815,#816,#817,#818,#819,#820,#821,#822,#823,
#824,#825,#826,#827,#828,#829,#830,#831,#832,#833,#834,#835,#836,#837,#838,
#839,#840,#841,#842,#843),(#844,#845,#846,#847,#848,#849,#850,#851,#852,
#853,#854,#855,#856,#857,#858,#859,#860,#861,#862,#863,#864,#865,#866,#867,
#868,#869,#870,#871,#872,#873,#874,#875,#876,#877,#878,#879,#880,#881,#882,
#883,#884,#885),(#886,#887,#888,#889,#890,#891,#892,#893,#894,#895,#896,
#897,#898,#899,#900,#901,#902,#903,#904,#905,#906,#907,#908,#909,#910,#911,
#912,#913,#914,#915,#916,#917,#918,#919,#920,#921,#922,#923,#924,#925,#926,
#927),(#928,#929,#930,#931,#932,#933,#934,#935,#936,#937,#938,#939,#940,
#941,#942,#943,#944,#945,#946,#947,#948,#949,#950,#951,#952,#953,#954,#955,
#956,#957,#958,#959,#960,#961,#962,#963,#964,#965,#966,#967,#968,#969),
(#970,#971,#972,#973,#974,#975,#976,#977,#978,#979,#980,#981,#982,#983,
#984,#985,#986,#987,#988,#989,#990,#991,#992,#993,#994,#995,#996,#997,#998,
#999,#1000,#1001,#1002,#1003,#1004,#1005,#1006,#1007,#1008,#1009,#1010,
#1011),(#1012,#1013,#1014,#1015,#1016,#1017,#1018,#1019,#1020,#1021,#1022,
#1023,#1024,#1025,#1026,#1027,#1028,#1029,#1030,#1031,#1032,#1033,#1034,
#1035,#1036,#1037,#1038,#1039,#1040,#1041,#1042,#1043,#1044,#1045,#1046,
#1047,#1048,#1049,#1050,#1051,#1052,#1053),(#1054,#1055,#1056,#1057,#1058,
#1059,#1060,#1061,#1062,#1063,#1064,#1065,#1066,#1067,#1068,#1069,#1070,
#1071,#1072,#1073,#1074,#1075,#1076,#1077,#1078,#1079,#1080,#1081,#1082,
#1083,#1084,#1085,#1086,#1087,#1088,#1089,#1090,#1091,#1092,#1093,#1094,
#1095),(#1096,#1097,#1098,#1099,#1100,#1101,#1102,#1103,#1104,#1105,#1106,
#1107,#1108,#1109,#1110,#1111,#1112,#1113,#1114,#1115,#1116,#1117,#1118,
#1119,#1120,#1121,#1122,#1123,#1124,#1125,#1126,#1127,#1128,#1129,#1130,
#1131,#1132,#1133,#1134,#1135,#1136,#1137),(#1138,#1139,#1140,#1141,#1142,
#1143,#1144,#1145,#1146,#1147,#1148,#1149,#1150,#1151,#1152,#1153,#1154,
#1155,#1156,#1157,#1158,#1159,#1160,#1161,#1162,#1163,#1164,#1165,#1166,
#1167,#1168,#1169,#1170,#1171,#1172,#1173,#1174,#1175,#1176,#1177,#1178,
#1179),(#1180,#1181,#1182,#1183,#1184,#1185,#1186,#1187,#1188,#1189,#1190,
#1191,#1192,#1193,#1194,#1195,#1196,#1197,#1198,#1199,#1200,#1201,#1202,
#1203,#1204,#1205,#1206,#1207,#1208,#1209,#1210,#1211,#1212,#1213,#1214,
#1215,#1216,#1217,#1218,#1219,#1220,#1221),(#1222,#1223,#1224,#1225,#1226,
#1227,#1228,#1229,#1230,#1231,#1232,#1233,#1234,#1235,#1236,#1237,#1238,
#1239,#1240,#1241,#1242,#1243,#1244,#1245,#1246,#1247,#1248,#1249,#1250,
#1251,#1252,#1253,#1254,#1255,#1256,#1257,#1258,#1259,#1260,#1261,#1262,
#1263),(#1264,#1265,#1266,#1267,#1268,#1269,#1270,#1271,#1272,#1273,#1274,
#1275,#1276,#1277,#1278,#1279,#1280,#1281,#1282,#1283,#1284,#1285,#1286,
#1287,#1288,#1289,#1290,#1291,#1292,#1293,#1294,#1295,#1296,#1297,#1298,
#1299,#1300,#1301,#1302,#1303,#1304,#1305),(#1306,#1307,#1308,#1309,#1310,
#1311,#1312,#1313,#1314,#1315,#1316,#1317,#1318,#1319,#1320,#1321,#1322,
#1323,#1324,#1325,#1326,#1327,#1328,#1329,#1330,#1331,#1332,#1333,#1334,
#1335,#1336,#1337,#1338,#1339,#1340,#1341,#1342,#1343,#1344,#1345,#1346,
#1347),(#1348,#1349,#1350,#1351,#1352,#1353,#1354,#1355,#1356,#1357,#1358,
#1359,#1360,#1361,#1362,#1363,#1364,#1365,#1366,#1367,#1368,#1369,#1370,
#1371,#1372,#1373,#1374,#1375,#1376,#1377,#1378,#1379,#1380,#1381,#1382,
#1383,#1384,#1385,#1386,#1387,#1388,#1389),(#1390,#1391,#1392,#1393,#1394,
#1395,#1396,#1397,#1398,#1399,#1400,#1401,#1402,#1403,#1404,#1405,#1406,
#1407,#1408,#1409,#1410,#1411,#1412,#1413,#1414,#1415,#1416,#1417,#1418,
#1419,#1420,#1421,#1422,#1423,#1424,#1425,#1426,#1427,#1428,#1429,#1430,
#1431),(#1432,#1433,#1434,#1435,#1436,#1437,#1438,#1439,#1440,#1441,#1442,
#1443,#1444,#1445,#1446,#1447,#1448,#1449,#1450,#1451,#1452,#1453,#1454,
#1455,#1456,#1457,#1458,#1459,#1460,#1461,#1462,#1463,#1464,#1465,#1466,
#1467,#1468,#1469,#1470,#1471,#1472,#1473),(#1474,#1475,#1476,#1477,#1478,
#1479,#1480,#1481,#1482,#1483,#1484,#1485,#1486,#1487,#1488,#1489,#1490,
#1491,#1492,#1493,#1494,#1495,#1496,#1497,#1498,#1499,#1500,#1501,#1502,
#1503,#1504,#1505,#1506,#1507,#1508,#1509,#1510,#1511,#1512,#1513,#1514,
#1515),(#1516,#1517,#1518,#1519,#1520,#1521,#1522,#1523,#1524,#1525,#1526,
#1527,#1528,#1529,#1530,#1531,#1532,#1533,#1534,#1535,#1536,#1537,#1538,
#1539,#1540,#1541,#1542,#1543,#1544,#1545,#1546,#1547,#1548,#1549,#1550,
#1551,#1552,#1553,#1554,#1555,#1556,#1557),(#1558,#1559,#1560,#1561,#1562,
#1563,#1564,#1565,#1566,#1567,#1568,#1569,#1570,#1571,#1572,#1573,#1574,
#1575,#1576,#1577,#1578,#1579,#1580,#1581,#1582,#1583,#1584,#1585,#1586,
#1587,#1588,#1589,#1590,#1591,#1592,#1593,#1594,#1595,#1596,#1597,#1598,
#1599),(#1600,#1601,#1602,#1603,#1604,#1605,#1606,#1607,#1608,#1609,#1610,
#1611,#1612,#1613,#1614,#1615,#1616,#1617,#1618,#1619,#1620,#1621,#1622,
#1623,#1624,#1625,#1626,#1627,#1628,#1629,#1630,#1631,#1632,#1633,#1634,
#1635,#1636,#1637,#1638,#1639,#1640,#1641),(#1642,#1643,#1644,#1645,#1646,
#1647,#1648,#1649,#1650,#1651,#1652,#1653,#1654,#1655,#1656,#1657,#1658,
#1659,#1660,#1661,#1662,#1663,#1664,#1665,#1666,#1667,#1668,#1669,#1670,
#1671,#1672,#1673,#1674,#1675,#1676,#1677,#1678,#1679,#1680,#1681,#1682,
#1683),(#1684,#1685,#1686,#1687,#1688,#1689,#1690,#1691,#1692,#1693,#1694,
#1695,#1696,#1697,#1698,#1699,#1700,#1701,#1702,#1703,#1704,#1705,#1706,
#1707,#1708,#1709,#1710,#1711,#1712,#1713,#1714,#1715,#1716,#1717,#1718,
#1719,#1720,#1721,#1722,#1723,#1724,#1725),(#1726,#1727,#1728,#1729,#1730,
#1731,#1732,#1733,#1734,#1735,#1736,#1737,#1738,#1739,#1740,#1741,#1742,
#1743,#1744,#1745,#1746,#1747,#1748,#1749,#1750,#1751,#1752,#1753,#1754,
#1755,#1756,#1757,#1758,#1759,#1760,#1761,#1762,#1763,#1764,#1765,#1766,
#1767),(#1768,#1769,#1770,#1771,#1772,#1773,#1774,#1775,#1776,#1777,#1778,
#1779,#1780,#1781,#1782,#1783,#1784,#1785,#1786,#1787,#1788,#1789,#1790,
#1791,#1792,#1793,#1794,#1795,#1796,#1797,#1798,#1799,#1800,#1801,#1802,
#1803,#1804,#1805,#1806,#1807,#1808,#1809),(#1810,#1811,#1812,#1813,#1814,
#1815,#1816,#1817,#1818,#1819,#1820,#1821,#1822,#1823,#1824,#1825,#1826,
#1827,#1828,#1829,#1830,#1831,#1832,#1833,#1834,#1835,#1836,#1837,#1838,
#1839,#1840,#1841,#1842,#1843,#1844,#1845,#1846,#1847,#1848,#1849,#1850,
#1851),(#1852,#1853,#1854,#1855,#1856,#1857,#1858,#1859,#1860,#1861,#1862,
#1863,#1864,#1865,#1866,#1867,#1868,#1869,#1870,#1871,#1872,#1873,#1874,
#1875,#1876,#1877,#1878,#1879,#1880,#1881,#1882,#1883,#1884,#1885,#1886,
#1887,#1888,#1889,#1890,#1891,#1892,#1893),(#1894,#1895,#1896,#1897,#1898,
#1899,#1900,#1901,#1902,#1903,#1904,#1905,#1906,#1907,#1908,#1909,#1910,
#1911,#1912,#1913,#1914,#1915,#1916,#1917,#1918,#1919,#1920,#1921,#1922,
#1923,#1924,#1925,#1926,#1927,#1928,#1929,#1930,#1931,#1932,#1933,#1934,
#1935),(#1936,#1937,#1938,#1939,#1940,#1941,#1942,#1943,#1944,#1945,#1946,
#1947,#1948,#1949,#1950,#1951,#1952,#1953,#1954,#1955,#1956,#1957,#1958,
#1959,#1960,#1961,#1962,#1963,#1964,#1965,#1966,#1967,#1968,#1969,#1970,
#1971,#1972,#1973,#1974,#1975,#1976,#1977),(#1978,#1979,#1980,#1981,#1982,
#1983,#1984,#1985,#1986,#1987,#1988,#1989,#1990,#1991,#1992,#1993,#1994,
#1995,#1996,#1997,#1998,#1999,#2000,#2001,#2002,#2003,#2004,#2005,#2006,
#2007,#2008,#2009,#2010,#2011,#2012,#2013,#2014,#2015,#2016,#2017,#2018,
#2019),(#2020,#2021,#2022,#2023,#2024,#2025,#2026,#2027,#2028,#2029,#2030,
#2031,#2032,#2033,#2034,#2035,#2036,#2037,#2038,#2039,#2040,#2041,#2042,
#2043,#2044,#2045,#2046,#2047,#2048,#2049,#2050,#2051,#2052,#2053,#2054,
#2055,#2056,#2057,#2058,#2059,#2060,#2061),(#2062,#2063,#2064,#2065,#2066,
#2067,#2068,#2069,#2070,#2071,#2072,#2073,#2074,#2075,#2076,#2077,#2078,
#2079,#2080,#2081,#2082,#2083,#2084,#2085,#2086,#2087,#2088,#2089,#2090,
#2091,#2092,#2093,#2094,#2095,#2096,#2097,#2098,#2099,#2100,#2101,#2102,
#2103),(#2104,#2105,#2106,#2107,#2108,#2109,#2110,#2111,#2112,#2113,#2114,
#2115,#2116,#2117,#2118,#2119,#2120,#2121,#2122,#2123,#2124,#2125,#2126,
#2127,#2128,#2129,#2130,#2131,#2132,#2133,#2134,#2135,#2136,#2137,#2138,
#2139,#2140,#2141,#2142,#2143,#2144,#2145),(#2146,#2147,#2148,#2149,#2150,
#2151,#2152,#2153,#2154,#2155,#2156,#2157,#2158,#2159,#2160,#2161,#2162,
#2163,#2164,#2165,#2166,#2167,#2168,#2169,#2170,#2171,#2172,#2173,#2174,
#2175,#2176,#2177,#2178,#2179,#2180,#2181,#2182,#2183,#2184,#2185,#2186,
#2187),(#2188,#2189,#2190,#2191,#2192,#2193,#2194,#2195,#2196,#2197,#2198,
#2199,#2200,#2201,#2202,#2203,#2204,#2205,#2206,#2207,#2208,#2209,#2210,
#2211,#2212,#2213,#2214,#2215,#2216,#2217,#2218,#2219,#2220,#2221,#2222,
#2223,#2224,#2225,#2226,#2227,#2228,#2229),(#2230,#2231,#2232,#2233,#2234,
#2235,#2236,#2237,#2238,#2239,#2240,#2241,#2242,#2243,#2244,#2245,#2246,
#2247,#2248,#2249,#2250,#2251,#2252,#2253,#2254,#2255,#2256,#2257,#2258,
#2259,#2260,#2261,#2262,#2263,#2264,#2265,#2266,#2267,#2268,#2269,#2270,
#2271),(#2272,#2273,#2274,#2275,#2276,#2277,#2278,#2279,#2280,#2281,#2282,
#2283,#2284,#2285,#2286,#2287,#2288,#2289,#2290,#2291,#2292,#2293,#2294,
#2295,#2296,#2297,#2298,#2299,#2300,#2301,#2302,#2303,#2304,#2305,#2306,
#2307,#2308,#2309,#2310,#2311,#2312,#2313),(#2314,#2315,#2316,#2317,#2318,
#2319,#2320,#2321,#2322,#2323,#2324,#2325,#2326,#2327,#2328,#2329,#2330,
#2331,#2332,#2333,#2334,#2335,#2336,#2337,#2338,#2339,#2340,#2341,#2342,
#2343,#2344,#2345,#2346,#2347,#2348,#2349,#2350,#2351,#2352,#2353,#2354,
#2355),(#2356,#2357,#2358,#2359,#2360,#2361,#2362,#2363,#2364,#2365,#2366,
#2367,#2368,#2369,#2370,#2371,#2372,#2373,#2374,#2375,#2376,#2377,#2378,
#2379,#2380,#2381,#2382,#2383,#2384,#2385,#2386,#2387,#2388,#2389,#2390,
#2391,#2392,#2393,#2394,#2395,#2396,#2397),(#2398,#2399,#2400,#2401,#2402,
#2403,#2404,#2405,#2406,#2407,#2408,#2409,#2410,#2411,#2412,#2413,#2414,
#2415,#2416,#2417,#2418,#2419,#2420,#2421,#2422,#2423,#2424,#2425,#2426,
#2427,#2428,#2429,#2430,#2431,#2432,#2433,#2434,#2435,#2436,#2437,#2438,
#2439),(#2440,#2441,#2442,#2443,#2444,#2445,#2446,#2447,#2448,#2449,#2450,
#2451,#2452,#2453,#2454,#2455,#2456,#2457,#2458,#2459,#2460,#2461,#2462,
#2463,#2464,#2465,#2466,#2467,#2468,#2469,#2470,#2471,#2472,#2473,#2474,
#2475,#2476,#2477,#2478,#2479,#2480,#2481)),.UNSPECIFIED.,.F.,.F.,.F.,(4,
2,2,2,2,2,2,2,2,2,2,2,2,2,2,2,2,2,2,2,2,2,2,2,2,2,2,4),(4,2,2,2,2,2,2,2,
2,2,2,2,2,2,2,2,2,2,2,2,4),(-0.824273245769799,-0.817005224870317,-0.767037581186384,
-0.738419748894676,-0.712089689367631,-0.709801916602969,-0.681184084311261,
-0.652566252019554,-0.595330587436139,-0.366387929102479,-0.137445270768819,
0.,0.0914973875648414,0.205968716731671,0.254682597478771,0.320440045898501,
0.549382704232161,0.663854033398991,0.778325362565821,0.835561027149236,
0.892796691732651,0.950032356316066,0.978650188607774,0.992959104753628,
0.996536333790091,1.,1.00011356282655,1.00726802089948),(-0.639587285176086,
-0.636753804140969,-0.628430453600312,-0.617273622024539,-0.594959958872991,
-0.550332632569895,-0.461077979963703,-0.449571707315989,-0.371823327357511,
-0.28256867475132,-0.250875717535038,-0.193314022145128,-0.104059369538937,
-0.0594320432358407,-0.0148047169327449,-0.00364788535697092,0.,0.00193053043091606,
0.00750894621880304,0.029822609370351,0.0744499356734468),.UNSPECIFIED.);
#97=B_SPLINE_SURFACE_WITH_KNOTS('',3,3,((#3181,#3182,#3183,#3184,#3185,
#3186,#3187,#3188,#3189,#3190,#3191,#3192,#3193,#3194,#3195,#3196,#3197,
#3198,#3199,#3200,#3201,#3202,#3203,#3204,#3205,#3206,#3207,#3208,#3209,
#3210,#3211,#3212,#3213,#3214,#3215,#3216,#3217,#3218),(#3219,#3220,#3221,
#3222,#3223,#3224,#3225,#3226,#3227,#3228,#3229,#3230,#3231,#3232,#3233,
#3234,#3235,#3236,#3237,#3238,#3239,#3240,#3241,#3242,#3243,#3244,#3245,
#3246,#3247,#3248,#3249,#3250,#3251,#3252,#3253,#3254,#3255,#3256),(#3257,
#3258,#3259,#3260,#3261,#3262,#3263,#3264,#3265,#3266,#3267,#3268,#3269,
#3270,#3271,#3272,#3273,#3274,#3275,#3276,#3277,#3278,#3279,#3280,#3281,
#3282,#3283,#3284,#3285,#3286,#3287,#3288,#3289,#3290,#3291,#3292,#3293,
#3294),(#3295,#3296,#3297,#3298,#3299,#3300,#3301,#3302,#3303,#3304,#3305,
#3306,#3307,#3308,#3309,#3310,#3311,#3312,#3313,#3314,#3315,#3316,#3317,
#3318,#3319,#3320,#3321,#3322,#3323,#3324,#3325,#3326,#3327,#3328,#3329,
#3330,#3331,#3332),(#3333,#3334,#3335,#3336,#3337,#3338,#3339,#3340,#3341,
#3342,#3343,#3344,#3345,#3346,#3347,#3348,#3349,#3350,#3351,#3352,#3353,
#3354,#3355,#3356,#3357,#3358,#3359,#3360,#3361,#3362,#3363,#3364,#3365,
#3366,#3367,#3368,#3369,#3370),(#3371,#3372,#3373,#3374,#3375,#3376,#3377,
#3378,#3379,#3380,#3381,#3382,#3383,#3384,#3385,#3386,#3387,#3388,#3389,
#3390,#3391,#3392,#3393,#3394,#3395,#3396,#3397,#3398,#3399,#3400,#3401,
#3402,#3403,#3404,#3405,#3406,#3407,#3408),(#3409,#3410,#3411,#3412,#3413,
#3414,#3415,#3416,#3417,#3418,#3419,#3420,#3421,#3422,#3423,#3424,#3425,
#3426,#3427,#3428,#3429,#3430,#3431,#3432,#3433,#3434,#3435,#3436,#3437,
#3438,#3439,#3440,#3441,#3442,#3443,#3444,#3445,#3446),(#3447,#3448,#3449,
#3450,#3451,#3452,#3453,#3454,#3455,#3456,#3457,#3458,#3459,#3460,#3461,
#3462,#3463,#3464,#3465,#3466,#3467,#3468,#3469,#3470,#3471,#3472,#3473,
#3474,#3475,#3476,#3477,#3478,#3479,#3480,#3481,#3482,#3483,#3484),(#3485,
#3486,#3487,#3488,#3489,#3490,#3491,#3492,#3493,#3494,#3495,#3496,#3497,
#3498,#3499,#3500,#3501,#3502,#3503,#3504,#3505,#3506,#3507,#3508,#3509,
#3510,#3511,#3512,#3513,#3514,#3515,#3516,#3517,#3518,#3519,#3520,#3521,
#3522),(#3523,#3524,#3525,#3526,#3527,#3528,#3529,#3530,#3531,#3532,#3533,
#3534,#3535,#3536,#3537,#3538,#3539,#3540,#3541,#3542,#3543,#3544,#3545,
#3546,#3547,#3548,#3549,#3550,#3551,#3552,#3553,#3554,#3555,#3556,#3557,
#3558,#3559,#3560),(#3561,#3562,#3563,#3564,#3565,#3566,#3567,#3568,#3569,
#3570,#3571,#3572,#3573,#3574,#3575,#3576,#3577,#3578,#3579,#3580,#3581,
#3582,#3583,#3584,#3585,#3586,#3587,#3588,#3589,#3590,#3591,#3592,#3593,
#3594,#3595,#3596,#3597,#3598),(#3599,#3600,#3601,#3602,#3603,#3604,#3605,
#3606,#3607,#3608,#3609,#3610,#3611,#3612,#3613,#3614,#3615,#3616,#3617,
#3618,#3619,#3620,#3621,#3622,#3623,#3624,#3625,#3626,#3627,#3628,#3629,
#3630,#3631,#3632,#3633,#3634,#3635,#3636),(#3637,#3638,#3639,#3640,#3641,
#3642,#3643,#3644,#3645,#3646,#3647,#3648,#3649,#3650,#3651,#3652,#3653,
#3654,#3655,#3656,#3657,#3658,#3659,#3660,#3661,#3662,#3663,#3664,#3665,
#3666,#3667,#3668,#3669,#3670,#3671,#3672,#3673,#3674),(#3675,#3676,#3677,
#3678,#3679,#3680,#3681,#3682,#3683,#3684,#3685,#3686,#3687,#3688,#3689,
#3690,#3691,#3692,#3693,#3694,#3695,#3696,#3697,#3698,#3699,#3700,#3701,
#3702,#3703,#3704,#3705,#3706,#3707,#3708,#3709,#3710,#3711,#3712),(#3713,
#3714,#3715,#3716,#3717,#3718,#3719,#3720,#3721,#3722,#3723,#3724,#3725,
#3726,#3727,#3728,#3729,#3730,#3731,#3732,#3733,#3734,#3735,#3736,#3737,
#3738,#3739,#3740,#3741,#3742,#3743,#3744,#3745,#3746,#3747,#3748,#3749,
#3750),(#3751,#3752,#3753,#3754,#3755,#3756,#3757,#3758,#3759,#3760,#3761,
#3762,#3763,#3764,#3765,#3766,#3767,#3768,#3769,#3770,#3771,#3772,#3773,
#3774,#3775,#3776,#3777,#3778,#3779,#3780,#3781,#3782,#3783,#3784,#3785,
#3786,#3787,#3788),(#3789,#3790,#3791,#3792,#3793,#3794,#3795,#3796,#3797,
#3798,#3799,#3800,#3801,#3802,#3803,#3804,#3805,#3806,#3807,#3808,#3809,
#3810,#3811,#3812,#3813,#3814,#3815,#3816,#3817,#3818,#3819,#3820,#3821,
#3822,#3823,#3824,#3825,#3826),(#3827,#3828,#3829,#3830,#3831,#3832,#3833,
#3834,#3835,#3836,#3837,#3838,#3839,#3840,#3841,#3842,#3843,#3844,#3845,
#3846,#3847,#3848,#3849,#3850,#3851,#3852,#3853,#3854,#3855,#3856,#3857,
#3858,#3859,#3860,#3861,#3862,#3863,#3864),(#3865,#3866,#3867,#3868,#3869,
#3870,#3871,#3872,#3873,#3874,#3875,#3876,#3877,#3878,#3879,#3880,#3881,
#3882,#3883,#3884,#3885,#3886,#3887,#3888,#3889,#3890,#3891,#3892,#3893,
#3894,#3895,#3896,#3897,#3898,#3899,#3900,#3901,#3902),(#3903,#3904,#3905,
#3906,#3907,#3908,#3909,#3910,#3911,#3912,#3913,#3914,#3915,#3916,#3917,
#3918,#3919,#3920,#3921,#3922,#3923,#3924,#3925,#3926,#3927,#3928,#3929,
#3930,#3931,#3932,#3933,#3934,#3935,#3936,#3937,#3938,#3939,#3940),(#3941,
#3942,#3943,#3944,#3945,#3946,#3947,#3948,#3949,#3950,#3951,#3952,#3953,
#3954,#3955,#3956,#3957,#3958,#3959,#3960,#3961,#3962,#3963,#3964,#3965,
#3966,#3967,#3968,#3969,#3970,#3971,#3972,#3973,#3974,#3975,#3976,#3977,
#3978),(#3979,#3980,#3981,#3982,#3983,#3984,#3985,#3986,#3987,#3988,#3989,
#3990,#3991,#3992,#3993,#3994,#3995,#3996,#3997,#3998,#3999,#4000,#4001,
#4002,#4003,#4004,#4005,#4006,#4007,#4008,#4009,#4010,#4011,#4012,#4013,
#4014,#4015,#4016),(#4017,#4018,#4019,#4020,#4021,#4022,#4023,#4024,#4025,
#4026,#4027,#4028,#4029,#4030,#4031,#4032,#4033,#4034,#4035,#4036,#4037,
#4038,#4039,#4040,#4041,#4042,#4043,#4044,#4045,#4046,#4047,#4048,#4049,
#4050,#4051,#4052,#4053,#4054),(#4055,#4056,#4057,#4058,#4059,#4060,#4061,
#4062,#4063,#4064,#4065,#4066,#4067,#4068,#4069,#4070,#4071,#4072,#4073,
#4074,#4075,#4076,#4077,#4078,#4079,#4080,#4081,#4082,#4083,#4084,#4085,
#4086,#4087,#4088,#4089,#4090,#4091,#4092),(#4093,#4094,#4095,#4096,#4097,
#4098,#4099,#4100,#4101,#4102,#4103,#4104,#4105,#4106,#4107,#4108,#4109,
#4110,#4111,#4112,#4113,#4114,#4115,#4116,#4117,#4118,#4119,#4120,#4121,
#4122,#4123,#4124,#4125,#4126,#4127,#4128,#4129,#4130),(#4131,#4132,#4133,
#4134,#4135,#4136,#4137,#4138,#4139,#4140,#4141,#4142,#4143,#4144,#4145,
#4146,#4147,#4148,#4149,#4150,#4151,#4152,#4153,#4154,#4155,#4156,#4157,
#4158,#4159,#4160,#4161,#4162,#4163,#4164,#4165,#4166,#4167,#4168)),
 .UNSPECIFIED.,.F.,.F.,.F.,(4,2,2,2,2,2,2,2,2,2,2,2,4),(4,2,2,2,2,2,2,2,
2,2,2,2,2,2,2,2,2,2,4),(-0.000278008035474314,0.,0.00410061852324614,0.00847924508196659,
0.012857871640687,0.0172364981994075,0.0259937513168484,0.0347510044342893,
0.0435082575517302,0.0522655106691711,0.061022763786612,0.0695020088685786,
0.0697800169040529),(-0.004,0.,0.059,0.122,0.248,0.374,0.437,0.463513769933602,
0.463558847630542,0.5,0.626,0.752,0.815,0.878,0.9095,0.941,0.9725,1.,1.004),
 .UNSPECIFIED.);
#98=B_SPLINE_SURFACE_WITH_KNOTS('',3,3,((#4266,#4267,#4268,#4269,#4270,
#4271,#4272,#4273,#4274,#4275,#4276,#4277,#4278,#4279,#4280,#4281,#4282,
#4283,#4284,#4285,#4286,#4287,#4288,#4289,#4290,#4291,#4292,#4293,#4294,
#4295,#4296,#4297,#4298,#4299,#4300,#4301,#4302,#4303,#4304,#4305,#4306,
#4307),(#4308,#4309,#4310,#4311,#4312,#4313,#4314,#4315,#4316,#4317,#4318,
#4319,#4320,#4321,#4322,#4323,#4324,#4325,#4326,#4327,#4328,#4329,#4330,
#4331,#4332,#4333,#4334,#4335,#4336,#4337,#4338,#4339,#4340,#4341,#4342,
#4343,#4344,#4345,#4346,#4347,#4348,#4349),(#4350,#4351,#4352,#4353,#4354,
#4355,#4356,#4357,#4358,#4359,#4360,#4361,#4362,#4363,#4364,#4365,#4366,
#4367,#4368,#4369,#4370,#4371,#4372,#4373,#4374,#4375,#4376,#4377,#4378,
#4379,#4380,#4381,#4382,#4383,#4384,#4385,#4386,#4387,#4388,#4389,#4390,
#4391),(#4392,#4393,#4394,#4395,#4396,#4397,#4398,#4399,#4400,#4401,#4402,
#4403,#4404,#4405,#4406,#4407,#4408,#4409,#4410,#4411,#4412,#4413,#4414,
#4415,#4416,#4417,#4418,#4419,#4420,#4421,#4422,#4423,#4424,#4425,#4426,
#4427,#4428,#4429,#4430,#4431,#4432,#4433),(#4434,#4435,#4436,#4437,#4438,
#4439,#4440,#4441,#4442,#4443,#4444,#4445,#4446,#4447,#4448,#4449,#4450,
#4451,#4452,#4453,#4454,#4455,#4456,#4457,#4458,#4459,#4460,#4461,#4462,
#4463,#4464,#4465,#4466,#4467,#4468,#4469,#4470,#4471,#4472,#4473,#4474,
#4475),(#4476,#4477,#4478,#4479,#4480,#4481,#4482,#4483,#4484,#4485,#4486,
#4487,#4488,#4489,#4490,#4491,#4492,#4493,#4494,#4495,#4496,#4497,#4498,
#4499,#4500,#4501,#4502,#4503,#4504,#4505,#4506,#4507,#4508,#4509,#4510,
#4511,#4512,#4513,#4514,#4515,#4516,#4517),(#4518,#4519,#4520,#4521,#4522,
#4523,#4524,#4525,#4526,#4527,#4528,#4529,#4530,#4531,#4532,#4533,#4534,
#4535,#4536,#4537,#4538,#4539,#4540,#4541,#4542,#4543,#4544,#4545,#4546,
#4547,#4548,#4549,#4550,#4551,#4552,#4553,#4554,#4555,#4556,#4557,#4558,
#4559),(#4560,#4561,#4562,#4563,#4564,#4565,#4566,#4567,#4568,#4569,#4570,
#4571,#4572,#4573,#4574,#4575,#4576,#4577,#4578,#4579,#4580,#4581,#4582,
#4583,#4584,#4585,#4586,#4587,#4588,#4589,#4590,#4591,#4592,#4593,#4594,
#4595,#4596,#4597,#4598,#4599,#4600,#4601),(#4602,#4603,#4604,#4605,#4606,
#4607,#4608,#4609,#4610,#4611,#4612,#4613,#4614,#4615,#4616,#4617,#4618,
#4619,#4620,#4621,#4622,#4623,#4624,#4625,#4626,#4627,#4628,#4629,#4630,
#4631,#4632,#4633,#4634,#4635,#4636,#4637,#4638,#4639,#4640,#4641,#4642,
#4643),(#4644,#4645,#4646,#4647,#4648,#4649,#4650,#4651,#4652,#4653,#4654,
#4655,#4656,#4657,#4658,#4659,#4660,#4661,#4662,#4663,#4664,#4665,#4666,
#4667,#4668,#4669,#4670,#4671,#4672,#4673,#4674,#4675,#4676,#4677,#4678,
#4679,#4680,#4681,#4682,#4683,#4684,#4685),(#4686,#4687,#4688,#4689,#4690,
#4691,#4692,#4693,#4694,#4695,#4696,#4697,#4698,#4699,#4700,#4701,#4702,
#4703,#4704,#4705,#4706,#4707,#4708,#4709,#4710,#4711,#4712,#4713,#4714,
#4715,#4716,#4717,#4718,#4719,#4720,#4721,#4722,#4723,#4724,#4725,#4726,
#4727),(#4728,#4729,#4730,#4731,#4732,#4733,#4734,#4735,#4736,#4737,#4738,
#4739,#4740,#4741,#4742,#4743,#4744,#4745,#4746,#4747,#4748,#4749,#4750,
#4751,#4752,#4753,#4754,#4755,#4756,#4757,#4758,#4759,#4760,#4761,#4762,
#4763,#4764,#4765,#4766,#4767,#4768,#4769),(#4770,#4771,#4772,#4773,#4774,
#4775,#4776,#4777,#4778,#4779,#4780,#4781,#4782,#4783,#4784,#4785,#4786,
#4787,#4788,#4789,#4790,#4791,#4792,#4793,#4794,#4795,#4796,#4797,#4798,
#4799,#4800,#4801,#4802,#4803,#4804,#4805,#4806,#4807,#4808,#4809,#4810,
#4811),(#4812,#4813,#4814,#4815,#4816,#4817,#4818,#4819,#4820,#4821,#4822,
#4823,#4824,#4825,#4826,#4827,#4828,#4829,#4830,#4831,#4832,#4833,#4834,
#4835,#4836,#4837,#4838,#4839,#4840,#4841,#4842,#4843,#4844,#4845,#4846,
#4847,#4848,#4849,#4850,#4851,#4852,#4853),(#4854,#4855,#4856,#4857,#4858,
#4859,#4860,#4861,#4862,#4863,#4864,#4865,#4866,#4867,#4868,#4869,#4870,
#4871,#4872,#4873,#4874,#4875,#4876,#4877,#4878,#4879,#4880,#4881,#4882,
#4883,#4884,#4885,#4886,#4887,#4888,#4889,#4890,#4891,#4892,#4893,#4894,
#4895),(#4896,#4897,#4898,#4899,#4900,#4901,#4902,#4903,#4904,#4905,#4906,
#4907,#4908,#4909,#4910,#4911,#4912,#4913,#4914,#4915,#4916,#4917,#4918,
#4919,#4920,#4921,#4922,#4923,#4924,#4925,#4926,#4927,#4928,#4929,#4930,
#4931,#4932,#4933,#4934,#4935,#4936,#4937),(#4938,#4939,#4940,#4941,#4942,
#4943,#4944,#4945,#4946,#4947,#4948,#4949,#4950,#4951,#4952,#4953,#4954,
#4955,#4956,#4957,#4958,#4959,#4960,#4961,#4962,#4963,#4964,#4965,#4966,
#4967,#4968,#4969,#4970,#4971,#4972,#4973,#4974,#4975,#4976,#4977,#4978,
#4979),(#4980,#4981,#4982,#4983,#4984,#4985,#4986,#4987,#4988,#4989,#4990,
#4991,#4992,#4993,#4994,#4995,#4996,#4997,#4998,#4999,#5000,#5001,#5002,
#5003,#5004,#5005,#5006,#5007,#5008,#5009,#5010,#5011,#5012,#5013,#5014,
#5015,#5016,#5017,#5018,#5019,#5020,#5021),(#5022,#5023,#5024,#5025,#5026,
#5027,#5028,#5029,#5030,#5031,#5032,#5033,#5034,#5035,#5036,#5037,#5038,
#5039,#5040,#5041,#5042,#5043,#5044,#5045,#5046,#5047,#5048,#5049,#5050,
#5051,#5052,#5053,#5054,#5055,#5056,#5057,#5058,#5059,#5060,#5061,#5062,
#5063),(#5064,#5065,#5066,#5067,#5068,#5069,#5070,#5071,#5072,#5073,#5074,
#5075,#5076,#5077,#5078,#5079,#5080,#5081,#5082,#5083,#5084,#5085,#5086,
#5087,#5088,#5089,#5090,#5091,#5092,#5093,#5094,#5095,#5096,#5097,#5098,
#5099,#5100,#5101,#5102,#5103,#5104,#5105),(#5106,#5107,#5108,#5109,#5110,
#5111,#5112,#5113,#5114,#5115,#5116,#5117,#5118,#5119,#5120,#5121,#5122,
#5123,#5124,#5125,#5126,#5127,#5128,#5129,#5130,#5131,#5132,#5133,#5134,
#5135,#5136,#5137,#5138,#5139,#5140,#5141,#5142,#5143,#5144,#5145,#5146,
#5147),(#5148,#5149,#5150,#5151,#5152,#5153,#5154,#5155,#5156,#5157,#5158,
#5159,#5160,#5161,#5162,#5163,#5164,#5165,#5166,#5167,#5168,#5169,#5170,
#5171,#5172,#5173,#5174,#5175,#5176,#5177,#5178,#5179,#5180,#5181,#5182,
#5183,#5184,#5185,#5186,#5187,#5188,#5189),(#5190,#5191,#5192,#5193,#5194,
#5195,#5196,#5197,#5198,#5199,#5200,#5201,#5202,#5203,#5204,#5205,#5206,
#5207,#5208,#5209,#5210,#5211,#5212,#5213,#5214,#5215,#5216,#5217,#5218,
#5219,#5220,#5221,#5222,#5223,#5224,#5225,#5226,#5227,#5228,#5229,#5230,
#5231),(#5232,#5233,#5234,#5235,#5236,#5237,#5238,#5239,#5240,#5241,#5242,
#5243,#5244,#5245,#5246,#5247,#5248,#5249,#5250,#5251,#5252,#5253,#5254,
#5255,#5256,#5257,#5258,#5259,#5260,#5261,#5262,#5263,#5264,#5265,#5266,
#5267,#5268,#5269,#5270,#5271,#5272,#5273),(#5274,#5275,#5276,#5277,#5278,
#5279,#5280,#5281,#5282,#5283,#5284,#5285,#5286,#5287,#5288,#5289,#5290,
#5291,#5292,#5293,#5294,#5295,#5296,#5297,#5298,#5299,#5300,#5301,#5302,
#5303,#5304,#5305,#5306,#5307,#5308,#5309,#5310,#5311,#5312,#5313,#5314,
#5315),(#5316,#5317,#5318,#5319,#5320,#5321,#5322,#5323,#5324,#5325,#5326,
#5327,#5328,#5329,#5330,#5331,#5332,#5333,#5334,#5335,#5336,#5337,#5338,
#5339,#5340,#5341,#5342,#5343,#5344,#5345,#5346,#5347,#5348,#5349,#5350,
#5351,#5352,#5353,#5354,#5355,#5356,#5357),(#5358,#5359,#5360,#5361,#5362,
#5363,#5364,#5365,#5366,#5367,#5368,#5369,#5370,#5371,#5372,#5373,#5374,
#5375,#5376,#5377,#5378,#5379,#5380,#5381,#5382,#5383,#5384,#5385,#5386,
#5387,#5388,#5389,#5390,#5391,#5392,#5393,#5394,#5395,#5396,#5397,#5398,
#5399),(#5400,#5401,#5402,#5403,#5404,#5405,#5406,#5407,#5408,#5409,#5410,
#5411,#5412,#5413,#5414,#5415,#5416,#5417,#5418,#5419,#5420,#5421,#5422,
#5423,#5424,#5425,#5426,#5427,#5428,#5429,#5430,#5431,#5432,#5433,#5434,
#5435,#5436,#5437,#5438,#5439,#5440,#5441),(#5442,#5443,#5444,#5445,#5446,
#5447,#5448,#5449,#5450,#5451,#5452,#5453,#5454,#5455,#5456,#5457,#5458,
#5459,#5460,#5461,#5462,#5463,#5464,#5465,#5466,#5467,#5468,#5469,#5470,
#5471,#5472,#5473,#5474,#5475,#5476,#5477,#5478,#5479,#5480,#5481,#5482,
#5483),(#5484,#5485,#5486,#5487,#5488,#5489,#5490,#5491,#5492,#5493,#5494,
#5495,#5496,#5497,#5498,#5499,#5500,#5501,#5502,#5503,#5504,#5505,#5506,
#5507,#5508,#5509,#5510,#5511,#5512,#5513,#5514,#5515,#5516,#5517,#5518,
#5519,#5520,#5521,#5522,#5523,#5524,#5525),(#5526,#5527,#5528,#5529,#5530,
#5531,#5532,#5533,#5534,#5535,#5536,#5537,#5538,#5539,#5540,#5541,#5542,
#5543,#5544,#5545,#5546,#5547,#5548,#5549,#5550,#5551,#5552,#5553,#5554,
#5555,#5556,#5557,#5558,#5559,#5560,#5561,#5562,#5563,#5564,#5565,#5566,
#5567),(#5568,#5569,#5570,#5571,#5572,#5573,#5574,#5575,#5576,#5577,#5578,
#5579,#5580,#5581,#5582,#5583,#5584,#5585,#5586,#5587,#5588,#5589,#5590,
#5591,#5592,#5593,#5594,#5595,#5596,#5597,#5598,#5599,#5600,#5601,#5602,
#5603,#5604,#5605,#5606,#5607,#5608,#5609),(#5610,#5611,#5612,#5613,#5614,
#5615,#5616,#5617,#5618,#5619,#5620,#5621,#5622,#5623,#5624,#5625,#5626,
#5627,#5628,#5629,#5630,#5631,#5632,#5633,#5634,#5635,#5636,#5637,#5638,
#5639,#5640,#5641,#5642,#5643,#5644,#5645,#5646,#5647,#5648,#5649,#5650,
#5651),(#5652,#5653,#5654,#5655,#5656,#5657,#5658,#5659,#5660,#5661,#5662,
#5663,#5664,#5665,#5666,#5667,#5668,#5669,#5670,#5671,#5672,#5673,#5674,
#5675,#5676,#5677,#5678,#5679,#5680,#5681,#5682,#5683,#5684,#5685,#5686,
#5687,#5688,#5689,#5690,#5691,#5692,#5693),(#5694,#5695,#5696,#5697,#5698,
#5699,#5700,#5701,#5702,#5703,#5704,#5705,#5706,#5707,#5708,#5709,#5710,
#5711,#5712,#5713,#5714,#5715,#5716,#5717,#5718,#5719,#5720,#5721,#5722,
#5723,#5724,#5725,#5726,#5727,#5728,#5729,#5730,#5731,#5732,#5733,#5734,
#5735),(#5736,#5737,#5738,#5739,#5740,#5741,#5742,#5743,#5744,#5745,#5746,
#5747,#5748,#5749,#5750,#5751,#5752,#5753,#5754,#5755,#5756,#5757,#5758,
#5759,#5760,#5761,#5762,#5763,#5764,#5765,#5766,#5767,#5768,#5769,#5770,
#5771,#5772,#5773,#5774,#5775,#5776,#5777),(#5778,#5779,#5780,#5781,#5782,
#5783,#5784,#5785,#5786,#5787,#5788,#5789,#5790,#5791,#5792,#5793,#5794,
#5795,#5796,#5797,#5798,#5799,#5800,#5801,#5802,#5803,#5804,#5805,#5806,
#5807,#5808,#5809,#5810,#5811,#5812,#5813,#5814,#5815,#5816,#5817,#5818,
#5819),(#5820,#5821,#5822,#5823,#5824,#5825,#5826,#5827,#5828,#5829,#5830,
#5831,#5832,#5833,#5834,#5835,#5836,#5837,#5838,#5839,#5840,#5841,#5842,
#5843,#5844,#5845,#5846,#5847,#5848,#5849,#5850,#5851,#5852,#5853,#5854,
#5855,#5856,#5857,#5858,#5859,#5860,#5861),(#5862,#5863,#5864,#5865,#5866,
#5867,#5868,#5869,#5870,#5871,#5872,#5873,#5874,#5875,#5876,#5877,#5878,
#5879,#5880,#5881,#5882,#5883,#5884,#5885,#5886,#5887,#5888,#5889,#5890,
#5891,#5892,#5893,#5894,#5895,#5896,#5897,#5898,#5899,#5900,#5901,#5902,
#5903),(#5904,#5905,#5906,#5907,#5908,#5909,#5910,#5911,#5912,#5913,#5914,
#5915,#5916,#5917,#5918,#5919,#5920,#5921,#5922,#5923,#5924,#5925,#5926,
#5927,#5928,#5929,#5930,#5931,#5932,#5933,#5934,#5935,#5936,#5937,#5938,
#5939,#5940,#5941,#5942,#5943,#5944,#5945),(#5946,#5947,#5948,#5949,#5950,
#5951,#5952,#5953,#5954,#5955,#5956,#5957,#5958,#5959,#5960,#5961,#5962,
#5963,#5964,#5965,#5966,#5967,#5968,#5969,#5970,#5971,#5972,#5973,#5974,
#5975,#5976,#5977,#5978,#5979,#5980,#5981,#5982,#5983,#5984,#5985,#5986,
#5987),(#5988,#5989,#5990,#5991,#5992,#5993,#5994,#5995,#5996,#5997,#5998,
#5999,#6000,#6001,#6002,#6003,#6004,#6005,#6006,#6007,#6008,#6009,#6010,
#6011,#6012,#6013,#6014,#6015,#6016,#6017,#6018,#6019,#6020,#6021,#6022,
#6023,#6024,#6025,#6026,#6027,#6028,#6029),(#6030,#6031,#6032,#6033,#6034,
#6035,#6036,#6037,#6038,#6039,#6040,#6041,#6042,#6043,#6044,#6045,#6046,
#6047,#6048,#6049,#6050,#6051,#6052,#6053,#6054,#6055,#6056,#6057,#6058,
#6059,#6060,#6061,#6062,#6063,#6064,#6065,#6066,#6067,#6068,#6069,#6070,
#6071),(#6072,#6073,#6074,#6075,#6076,#6077,#6078,#6079,#6080,#6081,#6082,
#6083,#6084,#6085,#6086,#6087,#6088,#6089,#6090,#6091,#6092,#6093,#6094,
#6095,#6096,#6097,#6098,#6099,#6100,#6101,#6102,#6103,#6104,#6105,#6106,
#6107,#6108,#6109,#6110,#6111,#6112,#6113),(#6114,#6115,#6116,#6117,#6118,
#6119,#6120,#6121,#6122,#6123,#6124,#6125,#6126,#6127,#6128,#6129,#6130,
#6131,#6132,#6133,#6134,#6135,#6136,#6137,#6138,#6139,#6140,#6141,#6142,
#6143,#6144,#6145,#6146,#6147,#6148,#6149,#6150,#6151,#6152,#6153,#6154,
#6155),(#6156,#6157,#6158,#6159,#6160,#6161,#6162,#6163,#6164,#6165,#6166,
#6167,#6168,#6169,#6170,#6171,#6172,#6173,#6174,#6175,#6176,#6177,#6178,
#6179,#6180,#6181,#6182,#6183,#6184,#6185,#6186,#6187,#6188,#6189,#6190,
#6191,#6192,#6193,#6194,#6195,#6196,#6197),(#6198,#6199,#6200,#6201,#6202,
#6203,#6204,#6205,#6206,#6207,#6208,#6209,#6210,#6211,#6212,#6213,#6214,
#6215,#6216,#6217,#6218,#6219,#6220,#6221,#6222,#6223,#6224,#6225,#6226,
#6227,#6228,#6229,#6230,#6231,#6232,#6233,#6234,#6235,#6236,#6237,#6238,
#6239),(#6240,#6241,#6242,#6243,#6244,#6245,#6246,#6247,#6248,#6249,#6250,
#6251,#6252,#6253,#6254,#6255,#6256,#6257,#6258,#6259,#6260,#6261,#6262,
#6263,#6264,#6265,#6266,#6267,#6268,#6269,#6270,#6271,#6272,#6273,#6274,
#6275,#6276,#6277,#6278,#6279,#6280,#6281),(#6282,#6283,#6284,#6285,#6286,
#6287,#6288,#6289,#6290,#6291,#6292,#6293,#6294,#6295,#6296,#6297,#6298,
#6299,#6300,#6301,#6302,#6303,#6304,#6305,#6306,#6307,#6308,#6309,#6310,
#6311,#6312,#6313,#6314,#6315,#6316,#6317,#6318,#6319,#6320,#6321,#6322,
#6323),(#6324,#6325,#6326,#6327,#6328,#6329,#6330,#6331,#6332,#6333,#6334,
#6335,#6336,#6337,#6338,#6339,#6340,#6341,#6342,#6343,#6344,#6345,#6346,
#6347,#6348,#6349,#6350,#6351,#6352,#6353,#6354,#6355,#6356,#6357,#6358,
#6359,#6360,#6361,#6362,#6363,#6364,#6365),(#6366,#6367,#6368,#6369,#6370,
#6371,#6372,#6373,#6374,#6375,#6376,#6377,#6378,#6379,#6380,#6381,#6382,
#6383,#6384,#6385,#6386,#6387,#6388,#6389,#6390,#6391,#6392,#6393,#6394,
#6395,#6396,#6397,#6398,#6399,#6400,#6401,#6402,#6403,#6404,#6405,#6406,
#6407),(#6408,#6409,#6410,#6411,#6412,#6413,#6414,#6415,#6416,#6417,#6418,
#6419,#6420,#6421,#6422,#6423,#6424,#6425,#6426,#6427,#6428,#6429,#6430,
#6431,#6432,#6433,#6434,#6435,#6436,#6437,#6438,#6439,#6440,#6441,#6442,
#6443,#6444,#6445,#6446,#6447,#6448,#6449),(#6450,#6451,#6452,#6453,#6454,
#6455,#6456,#6457,#6458,#6459,#6460,#6461,#6462,#6463,#6464,#6465,#6466,
#6467,#6468,#6469,#6470,#6471,#6472,#6473,#6474,#6475,#6476,#6477,#6478,
#6479,#6480,#6481,#6482,#6483,#6484,#6485,#6486,#6487,#6488,#6489,#6490,
#6491),(#6492,#6493,#6494,#6495,#6496,#6497,#6498,#6499,#6500,#6501,#6502,
#6503,#6504,#6505,#6506,#6507,#6508,#6509,#6510,#6511,#6512,#6513,#6514,
#6515,#6516,#6517,#6518,#6519,#6520,#6521,#6522,#6523,#6524,#6525,#6526,
#6527,#6528,#6529,#6530,#6531,#6532,#6533),(#6534,#6535,#6536,#6537,#6538,
#6539,#6540,#6541,#6542,#6543,#6544,#6545,#6546,#6547,#6548,#6549,#6550,
#6551,#6552,#6553,#6554,#6555,#6556,#6557,#6558,#6559,#6560,#6561,#6562,
#6563,#6564,#6565,#6566,#6567,#6568,#6569,#6570,#6571,#6572,#6573,#6574,
#6575),(#6576,#6577,#6578,#6579,#6580,#6581,#6582,#6583,#6584,#6585,#6586,
#6587,#6588,#6589,#6590,#6591,#6592,#6593,#6594,#6595,#6596,#6597,#6598,
#6599,#6600,#6601,#6602,#6603,#6604,#6605,#6606,#6607,#6608,#6609,#6610,
#6611,#6612,#6613,#6614,#6615,#6616,#6617)),.UNSPECIFIED.,.F.,.F.,.F.,(4,
2,2,2,2,2,2,2,2,2,2,2,2,2,2,2,2,2,2,2,2,2,2,2,2,2,2,4),(4,2,2,2,2,2,2,2,
2,2,2,2,2,2,2,2,2,2,2,2,4),(-0.824273245769799,-0.817005224870317,-0.767037581186384,
-0.738419748894676,-0.712089689367631,-0.709801916602969,-0.681184084311261,
-0.652566252019554,-0.595330587436139,-0.366387929102479,-0.137445270768819,
0.,0.0914973875648414,0.205968716731671,0.254682597478771,0.320440045898501,
0.549382704232161,0.663854033398991,0.778325362565821,0.835561027149236,
0.892796691732651,0.950032356316066,0.978650188607774,0.992959104753628,
0.996536333790091,1.,1.00011356282655,1.00726802089948),(-0.639587285176086,
-0.636753804140969,-0.628430453600312,-0.617273622024539,-0.594959958872991,
-0.550332632569895,-0.461077979963703,-0.449571707315989,-0.371823327357511,
-0.28256867475132,-0.250875717535038,-0.193314022145128,-0.104059369538937,
-0.0594320432358407,-0.0148047169327449,-0.00364788535697092,0.,0.00193053043091606,
0.00750894621880304,0.029822609370351,0.0744499356734468),.UNSPECIFIED.);
#99=B_SPLINE_SURFACE_WITH_KNOTS('',3,3,((#7165,#7166,#7167,#7168,#7169,
#7170,#7171,#7172,#7173,#7174,#7175,#7176,#7177,#7178,#7179,#7180,#7181,
#7182,#7183,#7184,#7185,#7186,#7187,#7188,#7189,#7190,#7191,#7192,#7193,
#7194,#7195,#7196,#7197,#7198,#7199,#7200,#7201,#7202),(#7203,#7204,#7205,
#7206,#7207,#7208,#7209,#7210,#7211,#7212,#7213,#7214,#7215,#7216,#7217,
#7218,#7219,#7220,#7221,#7222,#7223,#7224,#7225,#7226,#7227,#7228,#7229,
#7230,#7231,#7232,#7233,#7234,#7235,#7236,#7237,#7238,#7239,#7240),(#7241,
#7242,#7243,#7244,#7245,#7246,#7247,#7248,#7249,#7250,#7251,#7252,#7253,
#7254,#7255,#7256,#7257,#7258,#7259,#7260,#7261,#7262,#7263,#7264,#7265,
#7266,#7267,#7268,#7269,#7270,#7271,#7272,#7273,#7274,#7275,#7276,#7277,
#7278),(#7279,#7280,#7281,#7282,#7283,#7284,#7285,#7286,#7287,#7288,#7289,
#7290,#7291,#7292,#7293,#7294,#7295,#7296,#7297,#7298,#7299,#7300,#7301,
#7302,#7303,#7304,#7305,#7306,#7307,#7308,#7309,#7310,#7311,#7312,#7313,
#7314,#7315,#7316),(#7317,#7318,#7319,#7320,#7321,#7322,#7323,#7324,#7325,
#7326,#7327,#7328,#7329,#7330,#7331,#7332,#7333,#7334,#7335,#7336,#7337,
#7338,#7339,#7340,#7341,#7342,#7343,#7344,#7345,#7346,#7347,#7348,#7349,
#7350,#7351,#7352,#7353,#7354),(#7355,#7356,#7357,#7358,#7359,#7360,#7361,
#7362,#7363,#7364,#7365,#7366,#7367,#7368,#7369,#7370,#7371,#7372,#7373,
#7374,#7375,#7376,#7377,#7378,#7379,#7380,#7381,#7382,#7383,#7384,#7385,
#7386,#7387,#7388,#7389,#7390,#7391,#7392),(#7393,#7394,#7395,#7396,#7397,
#7398,#7399,#7400,#7401,#7402,#7403,#7404,#7405,#7406,#7407,#7408,#7409,
#7410,#7411,#7412,#7413,#7414,#7415,#7416,#7417,#7418,#7419,#7420,#7421,
#7422,#7423,#7424,#7425,#7426,#7427,#7428,#7429,#7430),(#7431,#7432,#7433,
#7434,#7435,#7436,#7437,#7438,#7439,#7440,#7441,#7442,#7443,#7444,#7445,
#7446,#7447,#7448,#7449,#7450,#7451,#7452,#7453,#7454,#7455,#7456,#7457,
#7458,#7459,#7460,#7461,#7462,#7463,#7464,#7465,#7466,#7467,#7468),(#7469,
#7470,#7471,#7472,#7473,#7474,#7475,#7476,#7477,#7478,#7479,#7480,#7481,
#7482,#7483,#7484,#7485,#7486,#7487,#7488,#7489,#7490,#7491,#7492,#7493,
#7494,#7495,#7496,#7497,#7498,#7499,#7500,#7501,#7502,#7503,#7504,#7505,
#7506),(#7507,#7508,#7509,#7510,#7511,#7512,#7513,#7514,#7515,#7516,#7517,
#7518,#7519,#7520,#7521,#7522,#7523,#7524,#7525,#7526,#7527,#7528,#7529,
#7530,#7531,#7532,#7533,#7534,#7535,#7536,#7537,#7538,#7539,#7540,#7541,
#7542,#7543,#7544),(#7545,#7546,#7547,#7548,#7549,#7550,#7551,#7552,#7553,
#7554,#7555,#7556,#7557,#7558,#7559,#7560,#7561,#7562,#7563,#7564,#7565,
#7566,#7567,#7568,#7569,#7570,#7571,#7572,#7573,#7574,#7575,#7576,#7577,
#7578,#7579,#7580,#7581,#7582),(#7583,#7584,#7585,#7586,#7587,#7588,#7589,
#7590,#7591,#7592,#7593,#7594,#7595,#7596,#7597,#7598,#7599,#7600,#7601,
#7602,#7603,#7604,#7605,#7606,#7607,#7608,#7609,#7610,#7611,#7612,#7613,
#7614,#7615,#7616,#7617,#7618,#7619,#7620),(#7621,#7622,#7623,#7624,#7625,
#7626,#7627,#7628,#7629,#7630,#7631,#7632,#7633,#7634,#7635,#7636,#7637,
#7638,#7639,#7640,#7641,#7642,#7643,#7644,#7645,#7646,#7647,#7648,#7649,
#7650,#7651,#7652,#7653,#7654,#7655,#7656,#7657,#7658),(#7659,#7660,#7661,
#7662,#7663,#7664,#7665,#7666,#7667,#7668,#7669,#7670,#7671,#7672,#7673,
#7674,#7675,#7676,#7677,#7678,#7679,#7680,#7681,#7682,#7683,#7684,#7685,
#7686,#7687,#7688,#7689,#7690,#7691,#7692,#7693,#7694,#7695,#7696),(#7697,
#7698,#7699,#7700,#7701,#7702,#7703,#7704,#7705,#7706,#7707,#7708,#7709,
#7710,#7711,#7712,#7713,#7714,#7715,#7716,#7717,#7718,#7719,#7720,#7721,
#7722,#7723,#7724,#7725,#7726,#7727,#7728,#7729,#7730,#7731,#7732,#7733,
#7734),(#7735,#7736,#7737,#7738,#7739,#7740,#7741,#7742,#7743,#7744,#7745,
#7746,#7747,#7748,#7749,#7750,#7751,#7752,#7753,#7754,#7755,#7756,#7757,
#7758,#7759,#7760,#7761,#7762,#7763,#7764,#7765,#7766,#7767,#7768,#7769,
#7770,#7771,#7772),(#7773,#7774,#7775,#7776,#7777,#7778,#7779,#7780,#7781,
#7782,#7783,#7784,#7785,#7786,#7787,#7788,#7789,#7790,#7791,#7792,#7793,
#7794,#7795,#7796,#7797,#7798,#7799,#7800,#7801,#7802,#7803,#7804,#7805,
#7806,#7807,#7808,#7809,#7810),(#7811,#7812,#7813,#7814,#7815,#7816,#7817,
#7818,#7819,#7820,#7821,#7822,#7823,#7824,#7825,#7826,#7827,#7828,#7829,
#7830,#7831,#7832,#7833,#7834,#7835,#7836,#7837,#7838,#7839,#7840,#7841,
#7842,#7843,#7844,#7845,#7846,#7847,#7848),(#7849,#7850,#7851,#7852,#7853,
#7854,#7855,#7856,#7857,#7858,#7859,#7860,#7861,#7862,#7863,#7864,#7865,
#7866,#7867,#7868,#7869,#7870,#7871,#7872,#7873,#7874,#7875,#7876,#7877,
#7878,#7879,#7880,#7881,#7882,#7883,#7884,#7885,#7886),(#7887,#7888,#7889,
#7890,#7891,#7892,#7893,#7894,#7895,#7896,#7897,#7898,#7899,#7900,#7901,
#7902,#7903,#7904,#7905,#7906,#7907,#7908,#7909,#7910,#7911,#7912,#7913,
#7914,#7915,#7916,#7917,#7918,#7919,#7920,#7921,#7922,#7923,#7924),(#7925,
#7926,#7927,#7928,#7929,#7930,#7931,#7932,#7933,#7934,#7935,#7936,#7937,
#7938,#7939,#7940,#7941,#7942,#7943,#7944,#7945,#7946,#7947,#7948,#7949,
#7950,#7951,#7952,#7953,#7954,#7955,#7956,#7957,#7958,#7959,#7960,#7961,
#7962),(#7963,#7964,#7965,#7966,#7967,#7968,#7969,#7970,#7971,#7972,#7973,
#7974,#7975,#7976,#7977,#7978,#7979,#7980,#7981,#7982,#7983,#7984,#7985,
#7986,#7987,#7988,#7989,#7990,#7991,#7992,#7993,#7994,#7995,#7996,#7997,
#7998,#7999,#8000),(#8001,#8002,#8003,#8004,#8005,#8006,#8007,#8008,#8009,
#8010,#8011,#8012,#8013,#8014,#8015,#8016,#8017,#8018,#8019,#8020,#8021,
#8022,#8023,#8024,#8025,#8026,#8027,#8028,#8029,#8030,#8031,#8032,#8033,
#8034,#8035,#8036,#8037,#8038),(#8039,#8040,#8041,#8042,#8043,#8044,#8045,
#8046,#8047,#8048,#8049,#8050,#8051,#8052,#8053,#8054,#8055,#8056,#8057,
#8058,#8059,#8060,#8061,#8062,#8063,#8064,#8065,#8066,#8067,#8068,#8069,
#8070,#8071,#8072,#8073,#8074,#8075,#8076),(#8077,#8078,#8079,#8080,#8081,
#8082,#8083,#8084,#8085,#8086,#8087,#8088,#8089,#8090,#8091,#8092,#8093,
#8094,#8095,#8096,#8097,#8098,#8099,#8100,#8101,#8102,#8103,#8104,#8105,
#8106,#8107,#8108,#8109,#8110,#8111,#8112,#8113,#8114),(#8115,#8116,#8117,
#8118,#8119,#8120,#8121,#8122,#8123,#8124,#8125,#8126,#8127,#8128,#8129,
#8130,#8131,#8132,#8133,#8134,#8135,#8136,#8137,#8138,#8139,#8140,#8141,
#8142,#8143,#8144,#8145,#8146,#8147,#8148,#8149,#8150,#8151,#8152)),
 .UNSPECIFIED.,.F.,.F.,.F.,(4,2,2,2,2,2,2,2,2,2,2,2,4),(4,2,2,2,2,2,2,2,
2,2,2,2,2,2,2,2,2,2,4),(-0.000278008035474314,0.,0.00410061852324614,0.00847924508196659,
0.012857871640687,0.0172364981994075,0.0259937513168484,0.0347510044342893,
0.0435082575517302,0.0522655106691711,0.061022763786612,0.0695020088685786,
0.0697800169040529),(-0.004,0.,0.059,0.122,0.248,0.374,0.437,0.463513769933602,
0.463558847630542,0.5,0.626,0.752,0.815,0.878,0.9095,0.941,0.9725,1.,1.004),
 .UNSPECIFIED.);
#100=ADVANCED_FACE('',(#19),#96,.T.);
#101=ADVANCED_FACE('',(#20),#97,.T.);
#102=ADVANCED_FACE('',(#21),#17,.F.);
#103=ADVANCED_FACE('',(#22),#98,.F.);
#104=ADVANCED_FACE('',(#23),#99,.F.);
#105=ADVANCED_FACE('',(#24),#18,.F.);
#106=CLOSED_SHELL('',(#100,#101,#102,#103,#104,#105));
#107=DERIVED_UNIT_ELEMENT(#109,1.);
#108=DERIVED_UNIT_ELEMENT(#8169,-3.);
#109=(
MASS_UNIT()
NAMED_UNIT(*)
SI_UNIT(.KILO.,.GRAM.)
);
#110=DERIVED_UNIT((#107,#108));
#111=MEASURE_REPRESENTATION_ITEM('density measure',
POSITIVE_RATIO_MEASURE(7850.),#110);
#112=PROPERTY_DEFINITION_REPRESENTATION(#117,#114);
#113=PROPERTY_DEFINITION_REPRESENTATION(#118,#115);
#114=REPRESENTATION('material name',(#116),#8166);
#115=REPRESENTATION('density',(#111),#8166);
#116=DESCRIPTIVE_REPRESENTATION_ITEM('Steel','Steel');
#117=PROPERTY_DEFINITION('material property','material name',#8176);
#118=PROPERTY_DEFINITION('material property','density of part',#8176);
#119=AXIS2_PLACEMENT_3D('',#129,#122,#123);
#120=AXIS2_PLACEMENT_3D('',#4227,#124,#125);
#121=AXIS2_PLACEMENT_3D('',#8163,#127,#128);
#122=DIRECTION('axis',(0.,0.,1.));
#123=DIRECTION('refdir',(1.,0.,0.));
#124=DIRECTION('center_axis',(-1.24096551960965E-15,-1.,-5.6640134501081E-16));
#125=DIRECTION('ref_axis',(0.,5.6640134501081E-16,-1.));
#126=DIRECTION('',(0.,0.,1.));
#127=DIRECTION('center_axis',(1.,-6.25736184291949E-15,5.84263572311892E-16));
#128=DIRECTION('ref_axis',(5.84263572311892E-16,0.,-1.));
#129=CARTESIAN_POINT('',(0.,0.,0.));
#130=CARTESIAN_POINT('Ctrl Pts',(-442.046257898037,-57.3604988004081,-139.543200038679));
#131=CARTESIAN_POINT('Ctrl Pts',(-441.968813191316,-57.581258548033,-139.280827248601));
#132=CARTESIAN_POINT('Ctrl Pts',(-441.891297062056,-57.8001240399973,-139.017020693841));
#133=CARTESIAN_POINT('Ctrl Pts',(-441.58577252524,-58.6543212712406,-137.972578370675));
#134=CARTESIAN_POINT('Ctrl Pts',(-441.357172653817,-59.2749337177181,-137.180869398351));
#135=CARTESIAN_POINT('Ctrl Pts',(-440.820242737872,-60.6870099215929,-135.298194119837));
#136=CARTESIAN_POINT('Ctrl Pts',(-440.511260570551,-61.4646706585717,-134.197067677756));
#137=CARTESIAN_POINT('Ctrl Pts',(-439.578960105021,-63.7026119399491,-130.826279501679));
#138=CARTESIAN_POINT('Ctrl Pts',(-438.950224940303,-65.0669227719274,-128.488532593837));
#139=CARTESIAN_POINT('Ctrl Pts',(-437.036837574935,-68.7989953686754,-121.243461323267));
#140=CARTESIAN_POINT('Ctrl Pts',(-435.724333106659,-70.8047634493546,-116.107481876667));
#141=CARTESIAN_POINT('Ctrl Pts',(-431.662261580578,-75.8586383268004,-100.253545777257));
#142=CARTESIAN_POINT('Ctrl Pts',(-428.788284780683,-78.0316638921566,-89.1633127118693));
#143=CARTESIAN_POINT('Ctrl Pts',(-425.38489222794,-80.0801838013901,-76.6292964834871));
#144=CARTESIAN_POINT('Ctrl Pts',(-424.993936361079,-80.3069778104607,-75.1966939555781));
#145=CARTESIAN_POINT('Ctrl Pts',(-421.94393129468,-82.0178505356218,-64.0763199102803));
#146=CARTESIAN_POINT('Ctrl Pts',(-419.185289279278,-83.2356554217038,-54.351889725813));
#147=CARTESIAN_POINT('Ctrl Pts',(-413.087255043733,-85.6369935317046,-33.4503161600716));
#148=CARTESIAN_POINT('Ctrl Pts',(-409.729562798341,-86.7882077906666,-22.2696551390091));
#149=CARTESIAN_POINT('Ctrl Pts',(-405.066837182531,-88.3264172936954,-7.07281856786353));
#150=CARTESIAN_POINT('Ctrl Pts',(-403.836672285146,-88.7286984138315,-3.08686497557463));
#151=CARTESIAN_POINT('Ctrl Pts',(-400.389487578117,-89.8765640368843,8.14105236947315));
#152=CARTESIAN_POINT('Ctrl Pts',(-398.190113893122,-90.6260933920477,15.3851853863534));
#153=CARTESIAN_POINT('Ctrl Pts',(-392.66638030464,-92.4216221257092,33.8962210829218));
#154=CARTESIAN_POINT('Ctrl Pts',(-389.386631089625,-93.4223592876683,45.1801406148633));
#155=CARTESIAN_POINT('Ctrl Pts',(-384.612554381799,-94.7874704589692,62.1732393040853));
#156=CARTESIAN_POINT('Ctrl Pts',(-383.045317636301,-95.2197844726557,67.8488774597052));
#157=CARTESIAN_POINT('Ctrl Pts',(-379.962974217175,-96.0389651738573,79.2271818344536));
#158=CARTESIAN_POINT('Ctrl Pts',(-378.447868805675,-96.4258269736101,84.9298575249865));
#159=CARTESIAN_POINT('Ctrl Pts',(-376.588875296583,-96.881371127756,92.0781363781813));
#160=CARTESIAN_POINT('Ctrl Pts',(-376.218820439898,-96.971079900225,93.5087893561465));
#161=CARTESIAN_POINT('Ctrl Pts',(-375.730121543123,-97.0882728599227,95.4085892199608));
#162=CARTESIAN_POINT('Ctrl Pts',(-375.609895409038,-97.1170004077789,95.8768110387369));
#163=CARTESIAN_POINT('Ctrl Pts',(-375.426334363673,-97.160704002283,96.5929961660994));
#164=CARTESIAN_POINT('Ctrl Pts',(-375.362862423591,-97.1757869737125,96.8408787821899));
#165=CARTESIAN_POINT('Ctrl Pts',(-375.116191357871,-97.2342917341962,97.8051601143857));
#166=CARTESIAN_POINT('Ctrl Pts',(-374.933385046084,-97.2774081424637,98.5217910214295));
#167=CARTESIAN_POINT('Ctrl Pts',(-374.021601516922,-97.4912614105029,102.106288619493));
#168=CARTESIAN_POINT('Ctrl Pts',(-373.299369370663,-97.6568105342937,104.978184694969));
#169=CARTESIAN_POINT('Ctrl Pts',(-371.15488382025,-98.1371160559252,113.607690966791));
#170=CARTESIAN_POINT('Ctrl Pts',(-369.754853503888,-98.4355169169358,119.379126762973));
#171=CARTESIAN_POINT('Ctrl Pts',(-368.385986081557,-98.7129930887022,125.171397957329));
#172=CARTESIAN_POINT('Ctrl Pts',(-441.157418539598,-57.4956593754899,-139.826750782501));
#173=CARTESIAN_POINT('Ctrl Pts',(-441.080091785943,-57.7175889690934,-139.564951470176));
#174=CARTESIAN_POINT('Ctrl Pts',(-441.002693599919,-57.937602501295,-139.301694675783));
#175=CARTESIAN_POINT('Ctrl Pts',(-440.697632833852,-58.7962282145295,-138.259319734005));
#176=CARTESIAN_POINT('Ctrl Pts',(-440.469377534045,-59.419941889677,-137.468938645745));
#177=CARTESIAN_POINT('Ctrl Pts',(-439.933242411878,-60.838732621348,-135.588835052924));
#178=CARTESIAN_POINT('Ctrl Pts',(-439.624706381143,-61.6198192414824,-134.488767801412));
#179=CARTESIAN_POINT('Ctrl Pts',(-438.693696642012,-63.8667039016953,-131.119954879965));
#180=CARTESIAN_POINT('Ctrl Pts',(-438.065755555461,-65.2351561797596,-128.781892423465));
#181=CARTESIAN_POINT('Ctrl Pts',(-436.154483803368,-68.9754184049822,-121.532875384214));
#182=CARTESIAN_POINT('Ctrl Pts',(-434.843026737343,-70.9813126906009,-116.390745337863));
#183=CARTESIAN_POINT('Ctrl Pts',(-430.783457326022,-76.0364138098027,-100.523059348214));
#184=CARTESIAN_POINT('Ctrl Pts',(-427.910463499235,-78.2136127377541,-89.4304963033382));
#185=CARTESIAN_POINT('Ctrl Pts',(-424.508267782188,-80.2736283388337,-76.8985422289078));
#186=CARTESIAN_POINT('Ctrl Pts',(-424.117448117268,-80.5018045390602,-75.4662295391546));
#187=CARTESIAN_POINT('Ctrl Pts',(-421.068500700784,-82.2238577970502,-64.3484417101379));
#188=CARTESIAN_POINT('Ctrl Pts',(-418.310871279804,-83.4539923928853,-54.628072060306));
#189=CARTESIAN_POINT('Ctrl Pts',(-412.214860244627,-85.8827975967777,-33.7355250365436));
#190=CARTESIAN_POINT('Ctrl Pts',(-408.859210186281,-87.0504282194784,-22.5604168783195));
#191=CARTESIAN_POINT('Ctrl Pts',(-404.196917052421,-88.6064732654273,-7.36969753080195));
#192=CARTESIAN_POINT('Ctrl Pts',(-402.96654510756,-89.0128714515653,-3.3851725084232));
#193=CARTESIAN_POINT('Ctrl Pts',(-399.518207753996,-90.1696357471951,7.83926297980018));
#194=CARTESIAN_POINT('Ctrl Pts',(-397.317301756206,-90.9209154878238,15.0819113124849));
#195=CARTESIAN_POINT('Ctrl Pts',(-391.789272265664,-92.7174292483878,33.5899167189705));
#196=CARTESIAN_POINT('Ctrl Pts',(-388.506869388607,-93.7172088140652,44.8723951925399));
#197=CARTESIAN_POINT('Ctrl Pts',(-383.729266170472,-95.0810065827124,61.8633996608279));
#198=CARTESIAN_POINT('Ctrl Pts',(-382.16090953259,-95.5128022541977,67.5383725766482));
#199=CARTESIAN_POINT('Ctrl Pts',(-379.076451197088,-96.3307977713847,78.9154270197616));
#200=CARTESIAN_POINT('Ctrl Pts',(-377.560350874552,-96.7169925527971,84.6175183825885));
#201=CARTESIAN_POINT('Ctrl Pts',(-375.700200846684,-97.1716199825994,91.7651311359564));
#202=CARTESIAN_POINT('Ctrl Pts',(-375.32991903946,-97.2611412749326,93.1956541130701));
#203=CARTESIAN_POINT('Ctrl Pts',(-374.840924901898,-97.3780801660052,95.0952859682365));
#204=CARTESIAN_POINT('Ctrl Pts',(-374.720626496881,-97.4067446852417,95.5634667519872));
#205=CARTESIAN_POINT('Ctrl Pts',(-374.536955667422,-97.4503512519217,96.2795896908984));
#206=CARTESIAN_POINT('Ctrl Pts',(-374.473445868613,-97.4654005269851,96.5274508884695));
#207=CARTESIAN_POINT('Ctrl Pts',(-374.226628073404,-97.5237737677689,97.4916493161836));
#208=CARTESIAN_POINT('Ctrl Pts',(-374.043713882676,-97.5667914927658,98.2082195016082));
#209=CARTESIAN_POINT('Ctrl Pts',(-373.13139665365,-97.7801465589851,101.792417936755));
#210=CARTESIAN_POINT('Ctrl Pts',(-372.408755778645,-97.945281800935,104.664088914323));
#211=CARTESIAN_POINT('Ctrl Pts',(-370.263100911364,-98.4243037087869,113.292966390485));
#212=CARTESIAN_POINT('Ctrl Pts',(-368.862366987376,-98.7217928477501,119.064045127179));
#213=CARTESIAN_POINT('Ctrl Pts',(-367.492876456745,-98.9983126323072,124.856030073664));
#214=CARTESIAN_POINT('Ctrl Pts',(-440.267743830013,-57.6267810696783,-140.109066418531));
#215=CARTESIAN_POINT('Ctrl Pts',(-440.190535362141,-57.8499106308662,-139.847864438035));
#216=CARTESIAN_POINT('Ctrl Pts',(-440.11325548944,-58.0711015530417,-139.585180136513));
#217=CARTESIAN_POINT('Ctrl Pts',(-439.808659851097,-58.9342677097419,-138.54495722116));
#218=CARTESIAN_POINT('Ctrl Pts',(-439.580750124289,-59.5611581259173,-137.755956371042));
#219=CARTESIAN_POINT('Ctrl Pts',(-439.045411654125,-60.9868148448878,-135.878517696609));
#220=CARTESIAN_POINT('Ctrl Pts',(-438.737322399921,-61.7713944373064,-134.779540298929));
#221=CARTESIAN_POINT('Ctrl Pts',(-437.807602991464,-64.0273595442507,-131.412730328736));
#222=CARTESIAN_POINT('Ctrl Pts',(-437.180452377941,-65.3999555724295,-129.074283009734));
#223=CARTESIAN_POINT('Ctrl Pts',(-435.271275931984,-69.1482864194185,-121.821039984867));
#224=CARTESIAN_POINT('Ctrl Pts',(-433.960841670232,-71.154116450472,-116.672547314504));
#225=CARTESIAN_POINT('Ctrl Pts',(-429.903719882819,-76.2105178228467,-100.791137133235));
#226=CARTESIAN_POINT('Ctrl Pts',(-427.031703593025,-78.3926262847676,-89.6968320386488));
#227=CARTESIAN_POINT('Ctrl Pts',(-423.630719929302,-80.4648116227648,-77.1673205239526));
#228=CARTESIAN_POINT('Ctrl Pts',(-423.240038423684,-80.6944458318645,-75.7353390039368));
#229=CARTESIAN_POINT('Ctrl Pts',(-420.192165291814,-82.4282544983747,-64.6204400493298));
#230=CARTESIAN_POINT('Ctrl Pts',(-417.435580810606,-83.6711300771314,-54.9042842111573));
#231=CARTESIAN_POINT('Ctrl Pts',(-411.341663429764,-86.1281470981236,-34.0209743866646));
#232=CARTESIAN_POINT('Ctrl Pts',(-407.988037481374,-87.3125090718531,-22.8514420817965));
#233=CARTESIAN_POINT('Ctrl Pts',(-403.32652860657,-88.887043225719,-7.66699398944566));
#234=CARTESIAN_POINT('Ctrl Pts',(-402.096063624788,-89.2977288660213,-3.68394295289553));
#235=CARTESIAN_POINT('Ctrl Pts',(-398.646738995022,-90.4634583946172,7.53697003761354));
#236=CARTESIAN_POINT('Ctrl Pts',(-396.444214774154,-91.2160399447349,14.7782141319014));
#237=CARTESIAN_POINT('Ctrl Pts',(-390.911807829144,-93.0130521041001,33.2832869546094));
#238=CARTESIAN_POINT('Ctrl Pts',(-387.626753548441,-94.0118822858788,44.5643334787725));
#239=CARTESIAN_POINT('Ctrl Pts',(-382.845618030346,-95.3743221249243,61.5532597109905));
#240=CARTESIAN_POINT('Ctrl Pts',(-381.276140373997,-95.805588939285,67.2275713573735));
#241=CARTESIAN_POINT('Ctrl Pts',(-378.189565831927,-96.6223801251531,78.6033831939026));
#242=CARTESIAN_POINT('Ctrl Pts',(-376.672470456181,-97.0078995108196,84.3048935447908));
#243=CARTESIAN_POINT('Ctrl Pts',(-374.811164386319,-97.4616002279673,91.4518445112215));
#244=CARTESIAN_POINT('Ctrl Pts',(-374.440655759171,-97.5509320733061,92.8822383572396));
#245=CARTESIAN_POINT('Ctrl Pts',(-373.951366592943,-97.6676143153463,94.7817033729125));
#246=CARTESIAN_POINT('Ctrl Pts',(-373.830995977523,-97.696215171329,95.2498434107579));
#247=CARTESIAN_POINT('Ctrl Pts',(-373.647215454498,-97.7397237455934,95.9659046057678));
#248=CARTESIAN_POINT('Ctrl Pts',(-373.583667834275,-97.7547389901569,96.2137445391149));
#249=CARTESIAN_POINT('Ctrl Pts',(-373.336703439003,-97.812979418109,97.1778606638443));
#250=CARTESIAN_POINT('Ctrl Pts',(-373.153681466556,-97.8558975067334,97.894370577513));
#251=CARTESIAN_POINT('Ctrl Pts',(-372.240831099852,-98.0687496217658,101.478272120584));
#252=CARTESIAN_POINT('Ctrl Pts',(-371.517782085271,-98.2334672645889,104.349719880289));
#253=CARTESIAN_POINT('Ctrl Pts',(-369.370960038479,-98.7111946146809,112.977974461356));
#254=CARTESIAN_POINT('Ctrl Pts',(-367.969524457496,-99.0077650093171,118.748700426118));
#255=CARTESIAN_POINT('Ctrl Pts',(-366.59941329909,-99.2833216637794,124.540403866941));
#256=CARTESIAN_POINT('Ctrl Pts',(-433.254811719053,-58.6255389315598,-142.321588907181));
#257=CARTESIAN_POINT('Ctrl Pts',(-433.178537052254,-58.8583814374627,-142.06530698088));
#258=CARTESIAN_POINT('Ctrl Pts',(-433.102191095797,-59.0891008730665,-141.807337022081));
#259=CARTESIAN_POINT('Ctrl Pts',(-432.801267859034,-59.9890012754354,-140.784827843017));
#260=CARTESIAN_POINT('Ctrl Pts',(-432.576086807277,-60.64156713041,-140.007169376));
#261=CARTESIAN_POINT('Ctrl Pts',(-432.047033731728,-62.1226028869787,-138.151550327525));
#262=CARTESIAN_POINT('Ctrl Pts',(-431.742465677739,-62.9352586450539,-137.061420208726));
#263=CARTESIAN_POINT('Ctrl Pts',(-430.822893891922,-65.2638486692379,-133.710582565823));
#264=CARTESIAN_POINT('Ctrl Pts',(-430.201927075206,-66.6690014830597,-131.368427203985));
#265=CARTESIAN_POINT('Ctrl Pts',(-428.309049292518,-70.4796357055203,-124.079390410296));
#266=CARTESIAN_POINT('Ctrl Pts',(-427.006448477123,-72.4834390481126,-118.879205214455));
#267=CARTESIAN_POINT('Ctrl Pts',(-422.968147121826,-77.5515370827635,-102.890878402229));
#268=CARTESIAN_POINT('Ctrl Pts',(-420.103815286004,-79.7789757729449,-91.7880770236414));
#269=CARTESIAN_POINT('Ctrl Pts',(-416.712495359456,-81.9524601028905,-79.2808334547662));
#270=CARTESIAN_POINT('Ctrl Pts',(-416.322916779354,-82.194184294825,-77.8517853142479));
#271=CARTESIAN_POINT('Ctrl Pts',(-413.283625399653,-84.0251351862413,-66.7619930503904));
#272=CARTESIAN_POINT('Ctrl Pts',(-410.535471473035,-85.3713731879433,-57.080067985702));
#273=CARTESIAN_POINT('Ctrl Pts',(-404.45853553617,-88.0558059719485,-36.2708882777945));
#274=CARTESIAN_POINT('Ctrl Pts',(-401.120148875442,-89.3735019077761,-25.145104704282));
#275=CARTESIAN_POINT('Ctrl Pts',(-396.467387621652,-91.0976745153749,-10.0109994176339));
#276=CARTESIAN_POINT('Ctrl Pts',(-395.237139637805,-91.5432587746707,-6.03988957832104));
#277=CARTESIAN_POINT('Ctrl Pts',(-391.78145202984,-92.7797757847064,5.15300839109291));
#278=CARTESIAN_POINT('Ctrl Pts',(-389.565619520641,-93.5394381538301,12.3837768042919));
#279=CARTESIAN_POINT('Ctrl Pts',(-383.998510505733,-95.3380220211516,30.8662864582668));
#280=CARTESIAN_POINT('Ctrl Pts',(-380.692711778267,-96.3298969175945,42.1360493846314));
#281=CARTESIAN_POINT('Ctrl Pts',(-375.883808390548,-97.6816310183804,59.1086764636626));
#282=CARTESIAN_POINT('Ctrl Pts',(-374.305515891629,-98.1087268121468,64.777798401394));
#283=CARTESIAN_POINT('Ctrl Pts',(-371.202302215097,-98.9160071421371,76.1438607946664));
#284=CARTESIAN_POINT('Ctrl Pts',(-369.677383847134,-99.2961882468151,81.8408138389245));
#285=CARTESIAN_POINT('Ctrl Pts',(-367.806992552833,-99.7425608986767,88.9825791702463));
#286=CARTESIAN_POINT('Ctrl Pts',(-367.434701531487,-99.8303945121675,90.4119614479409));
#287=CARTESIAN_POINT('Ctrl Pts',(-366.943094288766,-99.9450469221306,92.310119928543));
#288=CARTESIAN_POINT('Ctrl Pts',(-366.822156292957,-99.973144265562,92.7779409181857));
#289=CARTESIAN_POINT('Ctrl Pts',(-366.637513966208,-100.015877783787,93.4935187000577));
#290=CARTESIAN_POINT('Ctrl Pts',(-366.573669170689,-100.030623874077,93.7411921586752));
#291=CARTESIAN_POINT('Ctrl Pts',(-366.325553070298,-100.087813815573,94.7046639872016));
#292=CARTESIAN_POINT('Ctrl Pts',(-366.141684466741,-100.129943787451,95.4207021640675));
#293=CARTESIAN_POINT('Ctrl Pts',(-365.224646307385,-100.338817568783,99.0022804318683));
#294=CARTESIAN_POINT('Ctrl Pts',(-364.498392279415,-100.5002316817,101.871982951405));
#295=CARTESIAN_POINT('Ctrl Pts',(-362.342408344308,-100.967717777549,110.495372815638));
#296=CARTESIAN_POINT('Ctrl Pts',(-360.935469955767,-101.2570196095,116.263351491368));
#297=CARTESIAN_POINT('Ctrl Pts',(-359.56049743921,-101.524957642215,122.052873030158));
#298=CARTESIAN_POINT('Ctrl Pts',(-427.091914933556,-59.3042004327513,-144.197578311274));
#299=CARTESIAN_POINT('Ctrl Pts',(-427.016471187825,-59.5469165004856,-143.946577726214));
#300=CARTESIAN_POINT('Ctrl Pts',(-426.940956225156,-59.7873000190795,-143.693652882998));
#301=CARTESIAN_POINT('Ctrl Pts',(-426.64330036912,-60.7243855209957,-142.690068356538));
#302=CARTESIAN_POINT('Ctrl Pts',(-426.420546639778,-61.4027894066003,-141.924469662721));
#303=CARTESIAN_POINT('Ctrl Pts',(-425.897076810986,-62.9393301271944,-140.092142174539));
#304=CARTESIAN_POINT('Ctrl Pts',(-425.595631123399,-63.7799562036556,-139.011557748879));
#305=CARTESIAN_POINT('Ctrl Pts',(-424.684967628401,-66.1795765587448,-135.677290313748));
#306=CARTESIAN_POINT('Ctrl Pts',(-424.069269481117,-67.6138271827083,-133.328864504568));
#307=CARTESIAN_POINT('Ctrl Pts',(-422.189499677496,-71.4691774896848,-125.989969099613));
#308=CARTESIAN_POINT('Ctrl Pts',(-420.892110814932,-73.4541564285369,-120.727015629253));
#309=CARTESIAN_POINT('Ctrl Pts',(-416.866900833169,-78.5318629435871,-104.646560248429));
#310=CARTESIAN_POINT('Ctrl Pts',(-414.009160696322,-80.8446426208634,-93.574356017652));
#311=CARTESIAN_POINT('Ctrl Pts',(-410.627013541529,-83.1417543576812,-81.1066468770627));
#312=CARTESIAN_POINT('Ctrl Pts',(-410.238488580169,-83.3979387990022,-79.6823055054972));
#313=CARTESIAN_POINT('Ctrl Pts',(-407.207396867857,-85.3428892670512,-68.6298725875232));
#314=CARTESIAN_POINT('Ctrl Pts',(-404.467431424164,-86.7976717181129,-58.9839637102804));
#315=CARTESIAN_POINT('Ctrl Pts',(-398.408833745091,-89.7126245548086,-38.2480301507401));
#316=CARTESIAN_POINT('Ctrl Pts',(-395.076124177921,-91.1542054900304,-27.1580538915561));
#317=CARTESIAN_POINT('Ctrl Pts',(-390.445110792925,-93.0254868883941,-12.0722788244481));
#318=CARTESIAN_POINT('Ctrl Pts',(-389.22094761648,-93.5057653388853,-8.11336452142192));
#319=CARTESIAN_POINT('Ctrl Pts',(-385.769007352955,-94.8010716490564,3.05366570836155));
#320=CARTESIAN_POINT('Ctrl Pts',(-383.539488419552,-95.5515367076341,10.2781028627654));
#321=CARTESIAN_POINT('Ctrl Pts',(-377.943197825106,-97.3469170123297,28.7426058855026));
#322=CARTESIAN_POINT('Ctrl Pts',(-374.620253842992,-98.3371205582622,40.0023462579379));
#323=CARTESIAN_POINT('Ctrl Pts',(-369.787536328042,-99.6802376333679,56.9610605347096));
#324=CARTESIAN_POINT('Ctrl Pts',(-368.201639931181,-100.103769943337,62.6257505341786));
#325=CARTESIAN_POINT('Ctrl Pts',(-365.084073050355,-100.902755508046,73.9835078963144));
#326=CARTESIAN_POINT('Ctrl Pts',(-363.55240447444,-101.278202621599,79.6765906807016));
#327=CARTESIAN_POINT('Ctrl Pts',(-361.67419398289,-101.718035788307,86.8139847469823));
#328=CARTESIAN_POINT('Ctrl Pts',(-361.300369966353,-101.804530406324,88.2425160856914));
#329=CARTESIAN_POINT('Ctrl Pts',(-360.806770588948,-101.917366637509,90.1395781350468));
#330=CARTESIAN_POINT('Ctrl Pts',(-360.685345109641,-101.945013303756,90.6071316006742));
#331=CARTESIAN_POINT('Ctrl Pts',(-360.499962565356,-101.987052859292,91.3223043825493));
#332=CARTESIAN_POINT('Ctrl Pts',(-360.435862566725,-102.00155791019,91.5698384335189));
#333=CARTESIAN_POINT('Ctrl Pts',(-360.186757551594,-102.057806954072,92.5327709748507));
#334=CARTESIAN_POINT('Ctrl Pts',(-360.002162311766,-102.099230693409,93.2484148448801));
#335=CARTESIAN_POINT('Ctrl Pts',(-359.081531694971,-102.304537999361,96.8280540357845));
#336=CARTESIAN_POINT('Ctrl Pts',(-358.352534010843,-102.462985961758,99.6963092440915));
#337=CARTESIAN_POINT('Ctrl Pts',(-356.188727525843,-102.921269761646,108.315697925638));
#338=CARTESIAN_POINT('Ctrl Pts',(-354.777119676048,-103.204031770435,114.081464709149));
#339=CARTESIAN_POINT('Ctrl Pts',(-353.398058013812,-103.465118844125,119.869292976251));
#340=CARTESIAN_POINT('Ctrl Pts',(-417.325050239863,-59.8490615367194,-146.921413268104));
#341=CARTESIAN_POINT('Ctrl Pts',(-417.250903369852,-60.112889903048,-146.684754476177));
#342=CARTESIAN_POINT('Ctrl Pts',(-417.176691747185,-60.3739943659959,-146.445575848825));
#343=CARTESIAN_POINT('Ctrl Pts',(-416.884165878478,-61.3906700901894,-145.493345202421));
#344=CARTESIAN_POINT('Ctrl Pts',(-416.665231470332,-62.1239629941761,-144.759834126977));
#345=CARTESIAN_POINT('Ctrl Pts',(-416.150320930065,-63.7733807432969,-142.984290177052));
#346=CARTESIAN_POINT('Ctrl Pts',(-415.853473121551,-64.666432596015,-141.921935066369));
#347=CARTESIAN_POINT('Ctrl Pts',(-414.955169535349,-67.1858858729554,-138.606024993215));
#348=CARTESIAN_POINT('Ctrl Pts',(-414.345735044157,-68.6501768061915,-136.223477104042));
#349=CARTESIAN_POINT('Ctrl Pts',(-412.480835584956,-72.5519277612593,-128.775453653996));
#350=CARTESIAN_POINT('Ctrl Pts',(-411.189376229896,-74.5420094746388,-123.458868382127));
#351=CARTESIAN_POINT('Ctrl Pts',(-407.183419897135,-79.7870168063423,-107.367058134877));
#352=CARTESIAN_POINT('Ctrl Pts',(-404.338697158076,-82.3228500645296,-96.3873616212574));
#353=CARTESIAN_POINT('Ctrl Pts',(-400.972333735479,-84.8567970750834,-83.9964376964857));
#354=CARTESIAN_POINT('Ctrl Pts',(-400.585617629531,-85.1400861438036,-82.5808512744528));
#355=CARTESIAN_POINT('Ctrl Pts',(-397.56855221676,-87.2950771338723,-71.5958520088758));
#356=CARTESIAN_POINT('Ctrl Pts',(-394.840319051318,-88.9300852906399,-62.0044620752277));
#357=CARTESIAN_POINT('Ctrl Pts',(-388.808294774113,-92.2048521789121,-41.3750974497262));
#358=CARTESIAN_POINT('Ctrl Pts',(-385.483443707274,-93.8232497679218,-30.3341489870359));
#359=CARTESIAN_POINT('Ctrl Pts',(-380.870369617618,-95.8548577630194,-15.3063692453438));
#360=CARTESIAN_POINT('Ctrl Pts',(-379.651262901897,-96.3681215655902,-11.3616492716141));
#361=CARTESIAN_POINT('Ctrl Pts',(-376.206747708001,-97.7371084765381,-0.230159196157296));
#362=CARTESIAN_POINT('Ctrl Pts',(-373.97590345917,-98.5277927678944,6.97468743190488));
#363=CARTESIAN_POINT('Ctrl Pts',(-368.362823399594,-100.39938479729,25.3969230395924));
#364=CARTESIAN_POINT('Ctrl Pts',(-365.017892251063,-101.400769064864,36.6384181191488));
#365=CARTESIAN_POINT('Ctrl Pts',(-360.154089334682,-102.747972122642,53.5721804990174));
#366=CARTESIAN_POINT('Ctrl Pts',(-358.557808902652,-103.170186178223,59.2291658758387));
#367=CARTESIAN_POINT('Ctrl Pts',(-355.420328949477,-103.96306275181,70.5727392381543));
#368=CARTESIAN_POINT('Ctrl Pts',(-353.87911923613,-104.333688406865,76.2593519276643));
#369=CARTESIAN_POINT('Ctrl Pts',(-351.989806644166,-104.76592309646,83.3895501375598));
#370=CARTESIAN_POINT('Ctrl Pts',(-351.613802819771,-104.850818321979,84.8166870300623));
#371=CARTESIAN_POINT('Ctrl Pts',(-351.117368457807,-104.961434538851,86.7119601562893));
#372=CARTESIAN_POINT('Ctrl Pts',(-350.995249071042,-104.98852631936,87.1790777820883));
#373=CARTESIAN_POINT('Ctrl Pts',(-350.808812611018,-105.029705599865,87.8935917253325));
#374=CARTESIAN_POINT('Ctrl Pts',(-350.74434920434,-105.043910785173,88.1408991732262));
#375=CARTESIAN_POINT('Ctrl Pts',(-350.49383588034,-105.098985233128,89.1029558100391));
#376=CARTESIAN_POINT('Ctrl Pts',(-350.30820555382,-105.13951866373,89.817960744132));
#377=CARTESIAN_POINT('Ctrl Pts',(-349.382456729576,-105.340289358538,93.3944651102914));
#378=CARTESIAN_POINT('Ctrl Pts',(-348.649547916666,-105.494836269348,96.2604040721267));
#379=CARTESIAN_POINT('Ctrl Pts',(-346.474607180345,-105.940721425293,104.873454702019));
#380=CARTESIAN_POINT('Ctrl Pts',(-345.056378165032,-106.214294034883,110.635811952153));
#381=CARTESIAN_POINT('Ctrl Pts',(-343.671586402708,-106.465531292103,116.421126332941));
#382=CARTESIAN_POINT('Ctrl Pts',(-413.7528248221,-59.9387239928714,-147.868317486886));
#383=CARTESIAN_POINT('Ctrl Pts',(-413.679153390029,-60.211548786206,-147.638199147961));
#384=CARTESIAN_POINT('Ctrl Pts',(-413.605418365721,-60.4814360724924,-147.405213645538));
#385=CARTESIAN_POINT('Ctrl Pts',(-413.314762123964,-61.5316579048157,-146.475855073943));
#386=CARTESIAN_POINT('Ctrl Pts',(-413.097205379354,-62.2876541049571,-145.756027119093));
#387=CARTESIAN_POINT('Ctrl Pts',(-412.585372399771,-63.9836183723992,-144.00487951461));
#388=CARTESIAN_POINT('Ctrl Pts',(-412.290177179271,-64.8983180534371,-142.950764969536));
#389=CARTESIAN_POINT('Ctrl Pts',(-411.396095855934,-67.4639688351735,-139.640771255822));
#390=CARTESIAN_POINT('Ctrl Pts',(-410.78836528997,-68.9323334718226,-137.236010473821));
#391=CARTESIAN_POINT('Ctrl Pts',(-408.927394445685,-72.8411202926184,-129.737411308517));
#392=CARTESIAN_POINT('Ctrl Pts',(-407.637801258149,-74.8459023395388,-124.418200760105));
#393=CARTESIAN_POINT('Ctrl Pts',(-403.638821872846,-80.1885716072425,-108.353547797512));
#394=CARTESIAN_POINT('Ctrl Pts',(-400.799439543215,-82.8216473735042,-97.4137240822512));
#395=CARTESIAN_POINT('Ctrl Pts',(-397.439082107793,-85.4496972596715,-85.053025235628));
#396=CARTESIAN_POINT('Ctrl Pts',(-397.053053394552,-85.7436611502158,-83.6408272746089));
#397=CARTESIAN_POINT('Ctrl Pts',(-394.041320327483,-87.9808240993095,-72.6816406206456));
#398=CARTESIAN_POINT('Ctrl Pts',(-391.317346592749,-89.6834628275431,-63.109745155945));
#399=CARTESIAN_POINT('Ctrl Pts',(-385.294408034936,-93.0886414360916,-42.5173444299136));
#400=CARTESIAN_POINT('Ctrl Pts',(-381.972330649246,-94.7672490737705,-31.4927693873249));
#401=CARTESIAN_POINT('Ctrl Pts',(-377.364099743426,-96.8483342695024,-16.483477114797));
#402=CARTESIAN_POINT('Ctrl Pts',(-376.146442804344,-97.3715506380356,-12.5432914572439));
#403=CARTESIAN_POINT('Ctrl Pts',(-372.705536937851,-98.7673610111556,-1.42422985886435));
#404=CARTESIAN_POINT('Ctrl Pts',(-370.476938030704,-99.5791878469424,5.77237018862781));
#405=CARTESIAN_POINT('Ctrl Pts',(-364.862032859786,-101.488728822898,24.1774222122157));
#406=CARTESIAN_POINT('Ctrl Pts',(-361.510269071464,-102.497357840392,35.4116794532455));
#407=CARTESIAN_POINT('Ctrl Pts',(-356.636429212845,-103.849470543505,52.3357449704005));
#408=CARTESIAN_POINT('Ctrl Pts',(-355.036692805662,-104.272067990272,57.9897735713704));
#409=CARTESIAN_POINT('Ctrl Pts',(-351.892511989967,-105.064121035932,69.3279504900906));
#410=CARTESIAN_POINT('Ctrl Pts',(-350.348051916651,-105.433527587671,75.0121271577303));
#411=CARTESIAN_POINT('Ctrl Pts',(-348.454945872372,-105.863546110029,82.1396378037057));
#412=CARTESIAN_POINT('Ctrl Pts',(-348.078196520593,-105.947962904738,83.566255131212));
#413=CARTESIAN_POINT('Ctrl Pts',(-347.580792049747,-106.057901487097,85.4608632562682));
#414=CARTESIAN_POINT('Ctrl Pts',(-347.458435174982,-106.084822849263,85.927818994971));
#415=CARTESIAN_POINT('Ctrl Pts',(-347.271637959407,-106.125736398504,86.6420884143579));
#416=CARTESIAN_POINT('Ctrl Pts',(-347.207050154144,-106.139848686393,86.8893117958943));
#417=CARTESIAN_POINT('Ctrl Pts',(-346.956054700473,-106.194558193174,87.8510436226819));
#418=CARTESIAN_POINT('Ctrl Pts',(-346.77006994954,-106.234812787082,88.5658119194514));
#419=CARTESIAN_POINT('Ctrl Pts',(-345.842568452979,-106.434152345227,92.1411567217461));
#420=CARTESIAN_POINT('Ctrl Pts',(-345.108319859199,-106.587436333005,95.0062436425211));
#421=CARTESIAN_POINT('Ctrl Pts',(-342.929568988239,-107.029235107703,103.616976095505));
#422=CARTESIAN_POINT('Ctrl Pts',(-341.509080095191,-107.299688663731,109.378105663661));
#423=CARTESIAN_POINT('Ctrl Pts',(-340.122348406138,-107.54753120303,115.162535219906));
#424=CARTESIAN_POINT('Ctrl Pts',(-406.862057735491,-59.7697050610767,-149.470295047849));
#425=CARTESIAN_POINT('Ctrl Pts',(-406.789236844524,-60.0633860853078,-149.258891654687));
#426=CARTESIAN_POINT('Ctrl Pts',(-406.716382864532,-60.3542242253436,-149.044398511779));
#427=CARTESIAN_POINT('Ctrl Pts',(-406.429237530524,-61.4857131969964,-148.184977562239));
#428=CARTESIAN_POINT('Ctrl Pts',(-406.214373081907,-62.2991740624081,-147.510245475742));
#429=CARTESIAN_POINT('Ctrl Pts',(-405.707880195818,-64.1010639252598,-145.824775360939));
#430=CARTESIAN_POINT('Ctrl Pts',(-405.414919191109,-65.0528176051618,-144.775862356512));
#431=CARTESIAN_POINT('Ctrl Pts',(-404.525896434555,-67.6888421171403,-141.445369396209));
#432=CARTESIAN_POINT('Ctrl Pts',(-403.920458923895,-69.1752836878997,-139.017400772661));
#433=CARTESIAN_POINT('Ctrl Pts',(-402.066711034458,-73.173675810028,-131.512403470756));
#434=CARTESIAN_POINT('Ctrl Pts',(-400.781787618647,-75.2627196015271,-126.226610684374));
#435=CARTESIAN_POINT('Ctrl Pts',(-396.798603665736,-80.8887001762088,-110.272631166826));
#436=CARTESIAN_POINT('Ctrl Pts',(-393.970220410185,-83.7113555307124,-99.3969014078987));
#437=CARTESIAN_POINT('Ctrl Pts',(-390.621634937149,-86.5281573844253,-87.0933927198515));
#438=CARTESIAN_POINT('Ctrl Pts',(-390.236945394931,-86.8434050707376,-85.687552155082));
#439=CARTESIAN_POINT('Ctrl Pts',(-387.23555922636,-89.243662816386,-74.7765560366323));
#440=CARTESIAN_POINT('Ctrl Pts',(-384.519794398883,-91.0769852792529,-65.2402740314076));
#441=CARTESIAN_POINT('Ctrl Pts',(-378.513133496973,-94.7281075161791,-44.7144395483268));
#442=CARTESIAN_POINT('Ctrl Pts',(-375.19621777902,-96.5134652202632,-33.7185174309118));
#443=CARTESIAN_POINT('Ctrl Pts',(-370.598355338474,-98.6918287470085,-18.7430722487284));
#444=CARTESIAN_POINT('Ctrl Pts',(-369.384004950274,-99.2369932309994,-14.8114707122444));
#445=CARTESIAN_POINT('Ctrl Pts',(-365.95239583717,-100.693859809754,-3.71653094172889));
#446=CARTESIAN_POINT('Ctrl Pts',(-363.728797682674,-101.545237990816,3.46464808792663));
#447=CARTESIAN_POINT('Ctrl Pts',(-358.112794288253,-103.526638954157,21.8367032804881));
#448=CARTESIAN_POINT('Ctrl Pts',(-354.751089234288,-104.557015611211,33.0553729013411));
#449=CARTESIAN_POINT('Ctrl Pts',(-349.860867109259,-105.925517337877,49.9593740328985));
#450=CARTESIAN_POINT('Ctrl Pts',(-348.255299213578,-106.350834834842,55.6073243226911));
#451=CARTESIAN_POINT('Ctrl Pts',(-345.099643587076,-107.144656617365,66.9344964587148));
#452=CARTESIAN_POINT('Ctrl Pts',(-343.549532083439,-107.513100699997,72.6137513926682));
#453=CARTESIAN_POINT('Ctrl Pts',(-341.64980214249,-107.940327990695,79.7358743522423));
#454=CARTESIAN_POINT('Ctrl Pts',(-341.271749361443,-108.024105966104,81.1614525092334));
#455=CARTESIAN_POINT('Ctrl Pts',(-340.77264755781,-108.133099136892,83.0547335158116));
#456=CARTESIAN_POINT('Ctrl Pts',(-340.649875056643,-108.159779671266,83.5213664276251));
#457=CARTESIAN_POINT('Ctrl Pts',(-340.462446374187,-108.20031324249,84.2351485966819));
#458=CARTESIAN_POINT('Ctrl Pts',(-340.397640790491,-108.214291888003,84.482204531094));
#459=CARTESIAN_POINT('Ctrl Pts',(-340.145801255177,-108.268473375413,85.4432896490506));
#460=CARTESIAN_POINT('Ctrl Pts',(-339.959195844117,-108.308318087474,86.1575873564828));
#461=CARTESIAN_POINT('Ctrl Pts',(-339.028624677554,-108.505524011744,89.7306289173579));
#462=CARTESIAN_POINT('Ctrl Pts',(-338.29202831943,-108.656832183676,92.5940323214592));
#463=CARTESIAN_POINT('Ctrl Pts',(-336.106609674384,-109.092029176482,101.200208223569));
#464=CARTESIAN_POINT('Ctrl Pts',(-334.68217928994,-109.357187508048,106.958959572317));
#465=CARTESIAN_POINT('Ctrl Pts',(-333.292102406957,-109.599117118104,112.74170847819));
#466=CARTESIAN_POINT('Ctrl Pts',(-403.544129659242,-59.5006891179101,-150.103930711992));
#467=CARTESIAN_POINT('Ctrl Pts',(-403.471751670351,-59.8075700395041,-149.906966435143));
#468=CARTESIAN_POINT('Ctrl Pts',(-403.399412423684,-60.1127741529316,-149.708186283578));
#469=CARTESIAN_POINT('Ctrl Pts',(-403.114493774034,-61.3036356833978,-148.913161653226));
#470=CARTESIAN_POINT('Ctrl Pts',(-402.901752002887,-62.1679090904009,-148.292323874446));
#471=CARTESIAN_POINT('Ctrl Pts',(-402.398370967044,-64.0447733700298,-146.668371733348));
#472=CARTESIAN_POINT('Ctrl Pts',(-402.105380446355,-64.9978760804553,-145.594541550128));
#473=CARTESIAN_POINT('Ctrl Pts',(-401.216031055314,-67.6321862241278,-142.199847250513));
#474=CARTESIAN_POINT('Ctrl Pts',(-400.611918338995,-69.1485795649986,-139.795003842845));
#475=CARTESIAN_POINT('Ctrl Pts',(-398.762389826591,-73.2423228527726,-132.345306845531));
#476=CARTESIAN_POINT('Ctrl Pts',(-397.480166361005,-75.3918708638639,-127.082155500596));
#477=CARTESIAN_POINT('Ctrl Pts',(-393.505790682074,-81.193079721177,-111.20253080955));
#478=CARTESIAN_POINT('Ctrl Pts',(-390.682957072087,-84.1075455522517,-100.352639762013));
#479=CARTESIAN_POINT('Ctrl Pts',(-387.340130925587,-87.0183797746769,-88.0761661049704));
#480=CARTESIAN_POINT('Ctrl Pts',(-386.95609280165,-87.344179557404,-86.6733098692352));
#481=CARTESIAN_POINT('Ctrl Pts',(-383.95971646446,-89.8249779116933,-75.7848270148841));
#482=CARTESIAN_POINT('Ctrl Pts',(-381.247866168268,-91.7212661858686,-66.2647875613593));
#483=CARTESIAN_POINT('Ctrl Pts',(-375.248551732505,-95.4884572879859,-45.7689687497322));
#484=CARTESIAN_POINT('Ctrl Pts',(-371.934056092333,-97.3214671271829,-34.7856050491206));
#485=CARTESIAN_POINT('Ctrl Pts',(-367.341625151123,-99.5473631808012,-19.8256544675394));
#486=CARTESIAN_POINT('Ctrl Pts',(-366.129061613063,-100.104081080852,-15.8980884050568));
#487=CARTESIAN_POINT('Ctrl Pts',(-362.702774005256,-101.593500727984,-4.81469698066335));
#488=CARTESIAN_POINT('Ctrl Pts',(-360.481931748704,-102.463652894378,2.35923380995606));
#489=CARTESIAN_POINT('Ctrl Pts',(-354.866598752087,-104.479721205517,20.7153859701061));
#490=CARTESIAN_POINT('Ctrl Pts',(-351.501488461903,-105.523807643342,31.9258690437576));
#491=CARTESIAN_POINT('Ctrl Pts',(-346.604681861202,-106.903197679651,48.8196242714051));
#492=CARTESIAN_POINT('Ctrl Pts',(-344.996672727225,-107.330685568561,54.4644862311147));
#493=CARTESIAN_POINT('Ctrl Pts',(-341.836130340784,-108.126822165261,65.786102813482));
#494=CARTESIAN_POINT('Ctrl Pts',(-340.283570416836,-108.495410277276,71.4628918454423));
#495=CARTESIAN_POINT('Ctrl Pts',(-338.380957164049,-108.921943459814,78.582333058428));
#496=CARTESIAN_POINT('Ctrl Pts',(-338.002336228945,-109.005538335365,80.0073949643572));
#497=CARTESIAN_POINT('Ctrl Pts',(-337.502493974411,-109.11423489399,81.9000179057326));
#498=CARTESIAN_POINT('Ctrl Pts',(-337.379540111128,-109.140838018787,82.3664908439762));
#499=CARTESIAN_POINT('Ctrl Pts',(-337.191835823,-109.1812467942,83.0800317159943));
#500=CARTESIAN_POINT('Ctrl Pts',(-337.126935171716,-109.195181075475,83.327004755626));
#501=CARTESIAN_POINT('Ctrl Pts',(-336.874727157762,-109.249185503939,84.2877698306008));
#502=CARTESIAN_POINT('Ctrl Pts',(-336.687850725995,-109.28888901367,85.0018348917965));
#503=CARTESIAN_POINT('Ctrl Pts',(-335.75593894551,-109.485342775229,88.5737389508471));
#504=CARTESIAN_POINT('Ctrl Pts',(-335.018316665899,-109.635901836035,91.4363146910762));
#505=CARTESIAN_POINT('Ctrl Pts',(-332.829988696303,-110.068483230922,100.040260659776));
#506=CARTESIAN_POINT('Ctrl Pts',(-331.403845020074,-110.331409764461,105.797863119568));
#507=CARTESIAN_POINT('Ctrl Pts',(-330.012332624401,-110.570772695543,111.579814703751));
#508=CARTESIAN_POINT('Ctrl Pts',(-399.92869472783,-59.0429000150856,-150.634509730835));
#509=CARTESIAN_POINT('Ctrl Pts',(-399.856058531059,-59.3515525764257,-150.439169313697));
#510=CARTESIAN_POINT('Ctrl Pts',(-399.783484429288,-59.6588864431,-150.242360029917));
#511=CARTESIAN_POINT('Ctrl Pts',(-399.497755181648,-60.8599666256421,-149.456981742844));
#512=CARTESIAN_POINT('Ctrl Pts',(-399.284662824219,-61.7359497507321,-148.847561054436));
#513=CARTESIAN_POINT('Ctrl Pts',(-398.781450766777,-63.6577093387464,-147.270525640325));
#514=CARTESIAN_POINT('Ctrl Pts',(-398.489385931831,-64.6514202184092,-146.241129681071));
#515=CARTESIAN_POINT('Ctrl Pts',(-397.602668324075,-67.3965511626516,-142.951108431737));
#516=CARTESIAN_POINT('Ctrl Pts',(-396.999887539444,-68.9679232371595,-140.574376470598));
#517=CARTESIAN_POINT('Ctrl Pts',(-395.15540334833,-73.2270534761534,-133.224206540372));
#518=CARTESIAN_POINT('Ctrl Pts',(-393.876682466355,-75.4630700212357,-128.001863283097));
#519=CARTESIAN_POINT('Ctrl Pts',(-389.911961477459,-81.4823508258257,-112.211219589095));
#520=CARTESIAN_POINT('Ctrl Pts',(-387.095185487683,-84.5017396416583,-101.391846387574));
#521=CARTESIAN_POINT('Ctrl Pts',(-383.758462392977,-87.5183682577918,-89.1452659606346));
#522=CARTESIAN_POINT('Ctrl Pts',(-383.37511217063,-87.8559966523825,-87.7456964806162));
#523=CARTESIAN_POINT('Ctrl Pts',(-380.384005521194,-90.4267610915007,-76.881895074909));
#524=CARTESIAN_POINT('Ctrl Pts',(-377.676213585597,-92.3915881845575,-67.3790393668994));
#525=CARTESIAN_POINT('Ctrl Pts',(-371.684546036993,-96.2840358602217,-46.9149278139736));
#526=CARTESIAN_POINT('Ctrl Pts',(-368.372897623894,-98.1678780431836,-35.9447310866541));
#527=CARTESIAN_POINT('Ctrl Pts',(-363.786771984848,-100.447191441608,-21.0014025063327));
#528=CARTESIAN_POINT('Ctrl Pts',(-362.576188919809,-101.016986917131,-17.0781611433077));
#529=CARTESIAN_POINT('Ctrl Pts',(-359.155509690485,-102.541860879433,-6.00697396803425));
#530=CARTESIAN_POINT('Ctrl Pts',(-356.937572357432,-103.431737007535,1.15933030979434));
#531=CARTESIAN_POINT('Ctrl Pts',(-351.324477789312,-105.488696631292,19.4976708606489));
#532=CARTESIAN_POINT('Ctrl Pts',(-347.956870110341,-106.550124519452,30.698629250269));
#533=CARTESIAN_POINT('Ctrl Pts',(-343.054250660087,-107.944329178603,47.5805552872851));
#534=CARTESIAN_POINT('Ctrl Pts',(-341.443990819556,-108.375092947051,53.2218543038631));
#535=CARTESIAN_POINT('Ctrl Pts',(-338.27885966328,-109.175372849154,64.5370877432709));
#536=CARTESIAN_POINT('Ctrl Pts',(-336.723959585194,-109.544830731586,70.2110571724271));
#537=CARTESIAN_POINT('Ctrl Pts',(-334.818578269945,-109.971392702026,77.3274478299998));
#538=CARTESIAN_POINT('Ctrl Pts',(-334.439411193158,-110.054939877715,78.7519233702519));
#539=CARTESIAN_POINT('Ctrl Pts',(-333.938856759043,-110.163508208857,80.6437999804294));
#540=CARTESIAN_POINT('Ctrl Pts',(-333.815728422305,-110.190074504242,81.1100915809413));
#541=CARTESIAN_POINT('Ctrl Pts',(-333.627758963989,-110.230419184281,81.8233590705683));
#542=CARTESIAN_POINT('Ctrl Pts',(-333.56276684479,-110.244329859944,82.0702382187976));
#543=CARTESIAN_POINT('Ctrl Pts',(-333.310204261852,-110.298237017909,83.0306408943154));
#544=CARTESIAN_POINT('Ctrl Pts',(-333.123067001796,-110.337856557641,83.7444427351392));
#545=CARTESIAN_POINT('Ctrl Pts',(-332.189865045952,-110.533834481521,87.3150608508719));
#546=CARTESIAN_POINT('Ctrl Pts',(-331.451255549948,-110.683834095364,90.1767043482329));
#547=CARTESIAN_POINT('Ctrl Pts',(-329.260135475774,-111.114289179444,98.7781478188556));
#548=CARTESIAN_POINT('Ctrl Pts',(-327.832358458289,-111.3752044265,104.534474559239));
#549=CARTESIAN_POINT('Ctrl Pts',(-326.439503837198,-111.612147248521,110.315553310623));
#550=CARTESIAN_POINT('Ctrl Pts',(-399.639626704249,-59.0055776462142,-150.676293975586));
#551=CARTESIAN_POINT('Ctrl Pts',(-399.566965554606,-59.3142990694552,-150.481000440648));
#552=CARTESIAN_POINT('Ctrl Pts',(-399.494367747482,-59.6217192223224,-150.284251792169));
#553=CARTESIAN_POINT('Ctrl Pts',(-399.208552215274,-60.823249904857,-149.499219613544));
#554=CARTESIAN_POINT('Ctrl Pts',(-398.995410752301,-61.6998073840708,-148.890286731427));
#555=CARTESIAN_POINT('Ctrl Pts',(-398.492183740115,-63.6247594126993,-147.31663218266));
#556=CARTESIAN_POINT('Ctrl Pts',(-398.200196625077,-64.6219165160454,-146.291166398812));
#557=CARTESIAN_POINT('Ctrl Pts',(-397.313704653305,-67.3765516678839,-143.01054455838));
#558=CARTESIAN_POINT('Ctrl Pts',(-396.711030589985,-68.9524911083606,-140.636186179088));
#559=CARTESIAN_POINT('Ctrl Pts',(-394.866948868703,-73.225205250769,-133.294264146164));
#560=CARTESIAN_POINT('Ctrl Pts',(-393.58850997927,-75.4682671140208,-128.075282376726));
#561=CARTESIAN_POINT('Ctrl Pts',(-389.624560223031,-81.505188216885,-112.291848686531));
#562=CARTESIAN_POINT('Ctrl Pts',(-386.808268336191,-84.5329967677132,-101.474921174324));
#563=CARTESIAN_POINT('Ctrl Pts',(-383.472031900809,-87.5581088687172,-89.2307356748034));
#564=CARTESIAN_POINT('Ctrl Pts',(-383.088736522454,-87.8966854816344,-87.831429408704));
#565=CARTESIAN_POINT('Ctrl Pts',(-380.098049848216,-90.4746597215674,-76.9696037408078));
#566=CARTESIAN_POINT('Ctrl Pts',(-377.390580989793,-92.4449672976498,-67.4681190319078));
#567=CARTESIAN_POINT('Ctrl Pts',(-371.399522279311,-96.3474226916338,-47.0065364946838));
#568=CARTESIAN_POINT('Ctrl Pts',(-368.088102890756,-98.2353215864293,-36.0373891195403));
#569=CARTESIAN_POINT('Ctrl Pts',(-363.502483462579,-100.518915106632,-21.0953875660286));
#570=CARTESIAN_POINT('Ctrl Pts',(-362.292058863168,-101.089759182077,-17.1724914574496));
#571=CARTESIAN_POINT('Ctrl Pts',(-358.871827159855,-102.617469141739,-6.10227780483911));
#572=CARTESIAN_POINT('Ctrl Pts',(-356.65412194101,-103.508918905733,1.06341818569981));
#573=CARTESIAN_POINT('Ctrl Pts',(-351.041216890343,-105.569170095627,19.4003310429936));
#574=CARTESIAN_POINT('Ctrl Pts',(-347.673417807715,-106.632001187052,30.6005237045143));
#575=CARTESIAN_POINT('Ctrl Pts',(-342.770342901738,-108.027410700672,47.4814993182595));
#576=CARTESIAN_POINT('Ctrl Pts',(-341.159905898644,-108.458442657283,53.122512086436));
#577=CARTESIAN_POINT('Ctrl Pts',(-337.994412879648,-109.259064980382,64.4372328704629));
#578=CARTESIAN_POINT('Ctrl Pts',(-336.439327939245,-109.628597301139,70.1109759347906));
#579=CARTESIAN_POINT('Ctrl Pts',(-334.533727862444,-110.055166966284,77.2271217896616));
#580=CARTESIAN_POINT('Ctrl Pts',(-334.154517628435,-110.138711369224,78.651550280621));
#581=CARTESIAN_POINT('Ctrl Pts',(-333.653906900371,-110.24727078709,80.5433670134942));
#582=CARTESIAN_POINT('Ctrl Pts',(-333.530764766756,-110.273834464281,81.0096440662496));
#583=CARTESIAN_POINT('Ctrl Pts',(-333.342774347529,-110.31417451331,81.7228896245658));
#584=CARTESIAN_POINT('Ctrl Pts',(-333.277774998232,-110.32808347285,81.9697612408677));
#585=CARTESIAN_POINT('Ctrl Pts',(-333.025184387374,-110.381983510553,82.9301348452596));
#586=CARTESIAN_POINT('Ctrl Pts',(-332.83802651377,-110.421596816903,83.6439155723025));
#587=CARTESIAN_POINT('Ctrl Pts',(-331.904722571319,-110.617539055964,87.2144305455677));
#588=CARTESIAN_POINT('Ctrl Pts',(-331.166035033446,-110.767495702094,90.0759992927181));
#589=CARTESIAN_POINT('Ctrl Pts',(-328.974694310246,-111.19778574632,98.6772421664021));
#590=CARTESIAN_POINT('Ctrl Pts',(-327.54678829773,-111.458543067528,104.433466737793));
#591=CARTESIAN_POINT('Ctrl Pts',(-326.153827885762,-111.695294973637,110.214475671606));
#592=CARTESIAN_POINT('Ctrl Pts',(-395.734200919458,-58.4942577892567,-151.234689252397));
#593=CARTESIAN_POINT('Ctrl Pts',(-395.661151138354,-58.8030556403803,-151.039062209335));
#594=CARTESIAN_POINT('Ctrl Pts',(-395.58817445266,-59.1106618064519,-150.8420109183));
#595=CARTESIAN_POINT('Ctrl Pts',(-395.300939534636,-60.3140366073078,-150.056779537927));
#596=CARTESIAN_POINT('Ctrl Pts',(-395.086892417871,-61.194299850515,-149.449747048861));
#597=CARTESIAN_POINT('Ctrl Pts',(-394.583087865767,-63.1570796993562,-147.916576829735));
#598=CARTESIAN_POINT('Ctrl Pts',(-394.292114114685,-64.2015973140948,-146.946480951648));
#599=CARTESIAN_POINT('Ctrl Pts',(-393.408734216903,-67.0903089231273,-143.802730142539));
#600=CARTESIAN_POINT('Ctrl Pts',(-392.807541146873,-68.7311360609347,-141.464137709428));
#601=CARTESIAN_POINT('Ctrl Pts',(-390.968856391569,-73.1918871951563,-134.237885607139));
#602=CARTESIAN_POINT('Ctrl Pts',(-389.69423633193,-75.5317577405642,-129.065446439565));
#603=CARTESIAN_POINT('Ctrl Pts',(-385.740679803224,-81.8097700554707,-113.380914274327));
#604=CARTESIAN_POINT('Ctrl Pts',(-382.930920453988,-84.9517510353058,-102.597080900156));
#605=CARTESIAN_POINT('Ctrl Pts',(-379.601238286128,-88.0918230250994,-90.3853379728223));
#606=CARTESIAN_POINT('Ctrl Pts',(-379.218681311443,-88.4432448920233,-88.9895957799415));
#607=CARTESIAN_POINT('Ctrl Pts',(-376.233648113471,-91.11885979662,-78.1545112599011));
#608=CARTESIAN_POINT('Ctrl Pts',(-373.530524205703,-93.1632237884981,-68.6715182793618));
#609=CARTESIAN_POINT('Ctrl Pts',(-367.547657131862,-97.2008112795271,-48.2440366159124));
#610=CARTESIAN_POINT('Ctrl Pts',(-364.239351560938,-99.1434376193526,-37.2890279880169));
#611=CARTESIAN_POINT('Ctrl Pts',(-359.660595380848,-101.484977911854,-22.3649329223101));
#612=CARTESIAN_POINT('Ctrl Pts',(-358.452311900164,-102.070024143618,-18.4466947358167));
#613=CARTESIAN_POINT('Ctrl Pts',(-355.038110143871,-103.636055649222,-7.38960443199232));
#614=CARTESIAN_POINT('Ctrl Pts',(-352.823538939727,-104.548728897875,-0.232108794601227));
#615=CARTESIAN_POINT('Ctrl Pts',(-347.213336244182,-106.653765518152,18.0854635047086));
#616=CARTESIAN_POINT('Ctrl Pts',(-343.843059934875,-107.73577188373,29.2752552141576));
#617=CARTESIAN_POINT('Ctrl Pts',(-338.933956060331,-109.14773158064,46.1433273070961));
#618=CARTESIAN_POINT('Ctrl Pts',(-337.32116316608,-109.582471049183,51.7804539436028));
#619=CARTESIAN_POINT('Ctrl Pts',(-334.150849050957,-110.387869892076,63.0882170467098));
#620=CARTESIAN_POINT('Ctrl Pts',(-332.593296834907,-110.758474225177,68.7588890584394));
#621=CARTESIAN_POINT('Ctrl Pts',(-330.684775864158,-111.185221033595,75.8717150843287));
#622=CARTESIAN_POINT('Ctrl Pts',(-330.304989195298,-111.26874215834,77.2955056060559));
#623=CARTESIAN_POINT('Ctrl Pts',(-329.803626704444,-111.377199348875,79.1865105218986));
#624=CARTESIAN_POINT('Ctrl Pts',(-329.680300393318,-111.403732086775,79.6525903421076));
#625=CARTESIAN_POINT('Ctrl Pts',(-329.492030049253,-111.444016279642,80.365538579881));
#626=CARTESIAN_POINT('Ctrl Pts',(-329.426934141604,-111.457904344197,80.6123080879637));
#627=CARTESIAN_POINT('Ctrl Pts',(-329.173969225273,-111.511717115683,81.5722875955041));
#628=CARTESIAN_POINT('Ctrl Pts',(-328.986535998076,-111.551252726995,82.2857821177093));
#629=CARTESIAN_POINT('Ctrl Pts',(-328.051870044072,-111.746744959402,85.8548990447032));
#630=CARTESIAN_POINT('Ctrl Pts',(-327.312140367545,-111.896145115759,88.7154548890886));
#631=CARTESIAN_POINT('Ctrl Pts',(-325.117853834752,-112.324273115413,97.3139803868564));
#632=CARTESIAN_POINT('Ctrl Pts',(-323.688226954791,-112.582936196953,103.068822139513));
#633=CARTESIAN_POINT('Ctrl Pts',(-322.293858058454,-112.81714404176,108.848887239159));
#634=CARTESIAN_POINT('Ctrl Pts',(-392.115590819932,-57.9757111839301,-151.713481283219));
#635=CARTESIAN_POINT('Ctrl Pts',(-392.041736286236,-58.2778331573665,-151.510191540839));
#636=CARTESIAN_POINT('Ctrl Pts',(-391.967932936359,-58.5784268703625,-151.305075912547));
#637=CARTESIAN_POINT('Ctrl Pts',(-391.677431465071,-59.7543905505542,-150.488496394771));
#638=CARTESIAN_POINT('Ctrl Pts',(-391.46093215157,-60.6149359539195,-149.859475970727));
#639=CARTESIAN_POINT('Ctrl Pts',(-390.952937205061,-62.5637924949567,-148.315950540709));
#640=CARTESIAN_POINT('Ctrl Pts',(-390.660914413252,-63.628206445129,-147.375280359084));
#641=CARTESIAN_POINT('Ctrl Pts',(-389.777374156884,-66.6293414028385,-144.371309171085));
#642=CARTESIAN_POINT('Ctrl Pts',(-389.178123540062,-68.3736418160765,-142.134049481328));
#643=CARTESIAN_POINT('Ctrl Pts',(-387.34361840579,-73.0610238249179,-135.080563788803));
#644=CARTESIAN_POINT('Ctrl Pts',(-386.07255855096,-75.5097533603841,-129.960781665285));
#645=CARTESIAN_POINT('Ctrl Pts',(-382.128406022216,-82.0469014481628,-114.389590002356));
#646=CARTESIAN_POINT('Ctrl Pts',(-379.32460583355,-85.2988083781422,-103.635264268342));
#647=CARTESIAN_POINT('Ctrl Pts',(-376.000772463144,-88.5495281563154,-91.454545559484));
#648=CARTESIAN_POINT('Ctrl Pts',(-375.618872454242,-88.9132650251243,-90.0621940499729));
#649=CARTESIAN_POINT('Ctrl Pts',(-372.638851845872,-91.6821486183389,-79.2524171752619));
#650=CARTESIAN_POINT('Ctrl Pts',(-369.939524358296,-93.7952863035978,-69.7861692078217));
#651=CARTESIAN_POINT('Ctrl Pts',(-363.963884641886,-97.957285663857,-49.3894768106198));
#652=CARTESIAN_POINT('Ctrl Pts',(-360.658733215241,-99.9498970271409,-38.4471440053098));
#653=CARTESIAN_POINT('Ctrl Pts',(-356.086583163206,-102.346414629867,-23.5393566128266));
#654=CARTESIAN_POINT('Ctrl Pts',(-354.880260366665,-102.944926875637,-19.6253406040804));
#655=CARTESIAN_POINT('Ctrl Pts',(-351.471372904839,-104.546214563177,-8.58001291280118));
#656=CARTESIAN_POINT('Ctrl Pts',(-349.259665076296,-105.478104159758,-1.42989687721567));
#657=CARTESIAN_POINT('Ctrl Pts',(-343.653716282603,-107.628779140571,16.8690874843764));
#658=CARTESIAN_POINT('Ctrl Pts',(-340.282409452079,-108.731073867428,28.0485924843073));
#659=CARTESIAN_POINT('Ctrl Pts',(-335.369166640728,-110.161535822736,44.9039707614604));
#660=CARTESIAN_POINT('Ctrl Pts',(-333.754628185402,-110.600691938937,50.5372755733674));
#661=CARTESIAN_POINT('Ctrl Pts',(-330.580635782434,-111.412269768619,61.8382208606571));
#662=CARTESIAN_POINT('Ctrl Pts',(-329.021149959652,-111.784641484498,67.5058965273318));
#663=CARTESIAN_POINT('Ctrl Pts',(-327.11032520432,-112.212406202382,74.6154992805252));
#664=CARTESIAN_POINT('Ctrl Pts',(-326.730083051006,-112.29607092264,76.0386712703435));
#665=CARTESIAN_POINT('Ctrl Pts',(-326.228126072443,-112.404645575022,77.9288902175756));
#666=CARTESIAN_POINT('Ctrl Pts',(-326.104654074013,-112.431201364783,78.3947791786376));
#667=CARTESIAN_POINT('Ctrl Pts',(-325.916162270722,-112.4715120507,79.1074398442719));
#668=CARTESIAN_POINT('Ctrl Pts',(-325.850989979912,-112.485407678859,79.3541106180772));
#669=CARTESIAN_POINT('Ctrl Pts',(-325.597728891919,-112.53924372586,80.3137091517614));
#670=CARTESIAN_POINT('Ctrl Pts',(-325.410077736705,-112.578783437672,81.0269272173315));
#671=CARTESIAN_POINT('Ctrl Pts',(-324.474333961436,-112.774232994033,84.5946947760729));
#672=CARTESIAN_POINT('Ctrl Pts',(-323.733779875829,-112.923397270739,87.4542764608638));
#673=CARTESIAN_POINT('Ctrl Pts',(-321.537172673369,-113.35031035729,96.0501979034409));
#674=CARTESIAN_POINT('Ctrl Pts',(-320.106204358339,-113.60749106168,101.803728439975));
#675=CARTESIAN_POINT('Ctrl Pts',(-318.710771417734,-113.839751375747,107.582911512303));
#676=CARTESIAN_POINT('Ctrl Pts',(-384.892821564379,-57.130978061219,-152.811391691179));
#677=CARTESIAN_POINT('Ctrl Pts',(-384.817642226681,-57.4276664579982,-152.602324778193));
#678=CARTESIAN_POINT('Ctrl Pts',(-384.742500389293,-57.7227787057217,-152.391514629101));
#679=CARTESIAN_POINT('Ctrl Pts',(-384.44670957142,-58.8776608234344,-151.553740950307));
#680=CARTESIAN_POINT('Ctrl Pts',(-384.226216637963,-59.7235545231679,-150.911715712876));
#681=CARTESIAN_POINT('Ctrl Pts',(-383.709505015218,-61.6535364140483,-149.358445316497));
#682=CARTESIAN_POINT('Ctrl Pts',(-383.413041808252,-62.7202708548514,-148.429532682039));
#683=CARTESIAN_POINT('Ctrl Pts',(-382.519104384883,-65.7800964854336,-145.511297624823));
#684=CARTESIAN_POINT('Ctrl Pts',(-381.916713792836,-67.6272393812007,-143.385955589758));
#685=CARTESIAN_POINT('Ctrl Pts',(-380.078315186689,-72.6441030830268,-136.622325758536));
#686=CARTESIAN_POINT('Ctrl Pts',(-378.811082582746,-75.3262443914801,-131.648564800352));
#687=CARTESIAN_POINT('Ctrl Pts',(-374.87863677237,-82.4082354454869,-116.366754055873));
#688=CARTESIAN_POINT('Ctrl Pts',(-372.085308961381,-85.8991542206852,-105.682582931036));
#689=CARTESIAN_POINT('Ctrl Pts',(-368.771561570214,-89.3803473807837,-93.5727371323226));
#690=CARTESIAN_POINT('Ctrl Pts',(-368.390800252554,-89.769662189528,-92.188073306436));
#691=CARTESIAN_POINT('Ctrl Pts',(-365.419501548454,-92.7317453158487,-81.4353030384552));
#692=CARTESIAN_POINT('Ctrl Pts',(-362.726947349623,-94.9841227467108,-72.0045842039177));
#693=CARTESIAN_POINT('Ctrl Pts',(-356.764749504814,-99.3973043386224,-51.6726751780633));
#694=CARTESIAN_POINT('Ctrl Pts',(-353.466171124124,-101.491485539783,-40.7566776191229));
#695=CARTESIAN_POINT('Ctrl Pts',(-348.906898116219,-104.000387535448,-25.8824583739446));
#696=CARTESIAN_POINT('Ctrl Pts',(-347.70428850506,-104.626237437331,-21.9770481025788));
#697=CARTESIAN_POINT('Ctrl Pts',(-344.305623914744,-106.299563212576,-10.9556874573699));
#698=CARTESIAN_POINT('Ctrl Pts',(-342.10001559829,-107.272538064921,-3.82080233703098));
#699=CARTESIAN_POINT('Ctrl Pts',(-336.504063083764,-109.518967367727,14.4399336636501));
#700=CARTESIAN_POINT('Ctrl Pts',(-333.13230221033,-110.664537005989,25.5979556901605));
#701=CARTESIAN_POINT('Ctrl Pts',(-328.213238479923,-112.137140711919,42.4265608696211));
#702=CARTESIAN_POINT('Ctrl Pts',(-326.596017770086,-112.586847403838,48.0517841689908));
#703=CARTESIAN_POINT('Ctrl Pts',(-323.416193391258,-113.414000433688,59.3383337445827));
#704=CARTESIAN_POINT('Ctrl Pts',(-321.853558714599,-113.791411175458,64.99969298949));
#705=CARTESIAN_POINT('Ctrl Pts',(-319.938969369011,-114.222932596293,72.1025219079466));
#706=CARTESIAN_POINT('Ctrl Pts',(-319.557982199772,-114.307220982218,73.5243951640948));
#707=CARTESIAN_POINT('Ctrl Pts',(-319.055053059807,-114.416466924774,75.4129653076824));
#708=CARTESIAN_POINT('Ctrl Pts',(-318.931342841925,-114.443175524415,75.8784540105915));
#709=CARTESIAN_POINT('Ctrl Pts',(-318.742488993444,-114.483701136014,76.5905117882353));
#710=CARTESIAN_POINT('Ctrl Pts',(-318.677191820175,-114.497667709031,76.8369756036475));
#711=CARTESIAN_POINT('Ctrl Pts',(-318.423446672606,-114.551766529421,77.7957757093377));
#712=CARTESIAN_POINT('Ctrl Pts',(-318.235439517641,-114.591473183614,78.5084146869766));
#713=CARTESIAN_POINT('Ctrl Pts',(-317.297936247564,-114.787621814405,82.073357218742));
#714=CARTESIAN_POINT('Ctrl Pts',(-316.556040667567,-114.93691203193,84.930904236316));
#715=CARTESIAN_POINT('Ctrl Pts',(-314.355689248394,-115.363105345443,93.5214000581155));
#716=CARTESIAN_POINT('Ctrl Pts',(-312.922603082813,-115.618350611889,99.2722185572562));
#717=CARTESIAN_POINT('Ctrl Pts',(-311.525583601708,-115.847656204021,105.049595029401));
#718=CARTESIAN_POINT('Ctrl Pts',(-381.285320943422,-56.7457175269193,-153.378656378232));
#719=CARTESIAN_POINT('Ctrl Pts',(-381.209432995097,-57.0399312496808,-153.167321391246));
#720=CARTESIAN_POINT('Ctrl Pts',(-381.133576405471,-57.3325707161607,-152.954312952285));
#721=CARTESIAN_POINT('Ctrl Pts',(-380.834956886411,-58.4778941290815,-152.108326464237));
#722=CARTESIAN_POINT('Ctrl Pts',(-380.612321107641,-59.3170491522802,-151.461161386326));
#723=CARTESIAN_POINT('Ctrl Pts',(-380.090698607014,-61.234934120473,-149.900487553872));
#724=CARTESIAN_POINT('Ctrl Pts',(-379.791506539706,-62.2976382326651,-148.970952464441));
#725=CARTESIAN_POINT('Ctrl Pts',(-378.890186572327,-65.3604899844628,-146.066194882439));
#726=CARTESIAN_POINT('Ctrl Pts',(-378.284117269553,-67.2323954880296,-143.972719084351));
#727=CARTESIAN_POINT('Ctrl Pts',(-376.438797133358,-72.3680203055557,-137.328025035319));
#728=CARTESIAN_POINT('Ctrl Pts',(-375.171546213959,-75.1674568810342,-132.442159249106));
#729=CARTESIAN_POINT('Ctrl Pts',(-371.241199641951,-82.5310189948503,-117.332587844374));
#730=CARTESIAN_POINT('Ctrl Pts',(-368.452378860939,-86.1522211325619,-106.691222040285));
#731=CARTESIAN_POINT('Ctrl Pts',(-365.142851615186,-89.7532964877644,-94.6214167871842));
#732=CARTESIAN_POINT('Ctrl Pts',(-364.762570333477,-90.1558811521533,-93.2410693992416));
#733=CARTESIAN_POINT('Ctrl Pts',(-361.794969464777,-93.2179489164403,-82.5201328577491));
#734=CARTESIAN_POINT('Ctrl Pts',(-359.105393341813,-95.5408477811381,-73.1082454439964));
#735=CARTESIAN_POINT('Ctrl Pts',(-353.149398268047,-100.080855105863,-52.8103990603724));
#736=CARTESIAN_POINT('Ctrl Pts',(-349.854207734546,-102.226507636956,-41.9080540183724));
#737=CARTESIAN_POINT('Ctrl Pts',(-345.301241427118,-104.792974946694,-27.051132176407));
#738=CARTESIAN_POINT('Ctrl Pts',(-344.100408590267,-105.432800105871,-23.1501242329272));
#739=CARTESIAN_POINT('Ctrl Pts',(-340.70673731155,-107.143248067819,-12.1410294594414));
#740=CARTESIAN_POINT('Ctrl Pts',(-338.504399611087,-108.138208656092,-5.01401969055051));
#741=CARTESIAN_POINT('Ctrl Pts',(-332.914076732557,-110.43429224951,13.2271244507975));
#742=CARTESIAN_POINT('Ctrl Pts',(-329.542857199977,-111.60273275408,24.3739720995865));
#743=CARTESIAN_POINT('Ctrl Pts',(-324.622104439135,-113.098960466061,41.1885025722173));
#744=CARTESIAN_POINT('Ctrl Pts',(-323.00394570645,-113.554797950845,46.809467179111));
#745=CARTESIAN_POINT('Ctrl Pts',(-319.821965434479,-114.391340895739,58.0884405440586));
#746=CARTESIAN_POINT('Ctrl Pts',(-318.258114783215,-114.772020692465,63.7464803217619));
#747=CARTESIAN_POINT('Ctrl Pts',(-316.342064014438,-115.206278443889,70.8457592373621));
#748=CARTESIAN_POINT('Ctrl Pts',(-315.960787199388,-115.291046444028,72.2669523936512));
#749=CARTESIAN_POINT('Ctrl Pts',(-315.457480256939,-115.40084565512,74.1546598258128));
#750=CARTESIAN_POINT('Ctrl Pts',(-315.33367748213,-115.427683878505,74.6199391591413));
#751=CARTESIAN_POINT('Ctrl Pts',(-315.144683003021,-115.468397722765,75.331681664729));
#752=CARTESIAN_POINT('Ctrl Pts',(-315.079337303677,-115.48242760629,75.5780372708671));
#753=CARTESIAN_POINT('Ctrl Pts',(-314.825404210712,-115.536765663007,76.5364199794621));
#754=CARTESIAN_POINT('Ctrl Pts',(-314.637258945576,-115.576634976574,77.248756366178));
#755=CARTESIAN_POINT('Ctrl Pts',(-313.699073815094,-115.773524465475,80.8122234316313));
#756=CARTESIAN_POINT('Ctrl Pts',(-312.956661048027,-115.92317591188,83.6687100657755));
#757=CARTESIAN_POINT('Ctrl Pts',(-310.754885836692,-116.349862881546,92.256384630269));
#758=CARTESIAN_POINT('Ctrl Pts',(-309.321023195365,-116.604654473915,98.0058024301022));
#759=CARTESIAN_POINT('Ctrl Pts',(-307.923481202158,-116.832952458786,103.782254412516));
#760=CARTESIAN_POINT('Ctrl Pts',(-370.468123978651,-55.5737460462478,-155.020875630989));
#761=CARTESIAN_POINT('Ctrl Pts',(-370.390031918735,-55.8608022852567,-154.803214929893));
#762=CARTESIAN_POINT('Ctrl Pts',(-370.31196421512,-56.1464514408771,-154.584174586723));
#763=CARTESIAN_POINT('Ctrl Pts',(-370.004638179206,-57.2653781606602,-153.716068588898));
#764=CARTESIAN_POINT('Ctrl Pts',(-369.775507149376,-58.08736643492,-153.056062820019));
#765=CARTESIAN_POINT('Ctrl Pts',(-369.239119111331,-59.9776361352368,-151.479977769692));
#766=CARTESIAN_POINT('Ctrl Pts',(-368.93182106743,-61.034489567475,-150.553196328702));
#767=CARTESIAN_POINT('Ctrl Pts',(-368.008154515976,-64.1179978222843,-147.694833719496));
#768=CARTESIAN_POINT('Ctrl Pts',(-367.389934558832,-66.0556980930902,-145.683195082711));
#769=CARTESIAN_POINT('Ctrl Pts',(-365.517019406934,-71.483105512765,-139.33640526393));
#770=CARTESIAN_POINT('Ctrl Pts',(-364.242629588573,-74.5796340000532,-134.69116356379));
#771=CARTESIAN_POINT('Ctrl Pts',(-360.303396913518,-82.7296074646565,-120.109043885796));
#772=CARTESIAN_POINT('Ctrl Pts',(-357.523006259337,-86.7664075691555,-109.637279015087));
#773=CARTESIAN_POINT('Ctrl Pts',(-354.221962115749,-90.7365845117365,-97.7072075759987));
#774=CARTESIAN_POINT('Ctrl Pts',(-353.84267121885,-91.1800305249404,-96.3419060998022));
#775=CARTESIAN_POINT('Ctrl Pts',(-350.882860188547,-94.5498762100074,-85.7317308269042));
#776=CARTESIAN_POINT('Ctrl Pts',(-348.20037337817,-97.0886098710224,-76.3838641750376));
#777=CARTESIAN_POINT('Ctrl Pts',(-342.260319188183,-102.016369925166,-56.2002656385367));
#778=CARTESIAN_POINT('Ctrl Pts',(-338.974718294062,-104.320114419771,-45.3428833316032));
#779=CARTESIAN_POINT('Ctrl Pts',(-334.43967129381,-107.065117143107,-30.5421806723982));
#780=CARTESIAN_POINT('Ctrl Pts',(-333.243912096281,-107.748483708921,-26.6553913555923));
#781=CARTESIAN_POINT('Ctrl Pts',(-329.864721512994,-109.575081646601,-15.6856842803914));
#782=CARTESIAN_POINT('Ctrl Pts',(-327.671994871082,-110.638482436451,-8.58352047847426));
#783=CARTESIAN_POINT('Ctrl Pts',(-322.098819906693,-113.087195304448,9.59661134691211));
#784=CARTESIAN_POINT('Ctrl Pts',(-318.730875290673,-114.327801656948,20.708596419818));
#785=CARTESIAN_POINT('Ctrl Pts',(-313.807954437828,-115.901104131903,37.478898861616));
#786=CARTESIAN_POINT('Ctrl Pts',(-312.188012458289,-116.377474235169,43.0864558741921));
#787=CARTESIAN_POINT('Ctrl Pts',(-309.001612946745,-117.24638310791,54.341581486088));
#788=CARTESIAN_POINT('Ctrl Pts',(-307.435133866506,-117.638925885475,59.9891749125917));
#789=CARTESIAN_POINT('Ctrl Pts',(-305.515935414542,-118.083835394457,67.0772981837642));
#790=CARTESIAN_POINT('Ctrl Pts',(-305.134035221497,-118.170524695209,68.4963550335858));
#791=CARTESIAN_POINT('Ctrl Pts',(-304.6299182428,-118.282615234179,70.3813537515431));
#792=CARTESIAN_POINT('Ctrl Pts',(-304.505917252229,-118.309997237753,70.8459758141525));
#793=CARTESIAN_POINT('Ctrl Pts',(-304.316622107486,-118.35151158254,71.5567287468783));
#794=CARTESIAN_POINT('Ctrl Pts',(-304.251172804566,-118.365812808164,71.8027447358347));
#795=CARTESIAN_POINT('Ctrl Pts',(-303.996838607501,-118.42118442631,72.759817547546));
#796=CARTESIAN_POINT('Ctrl Pts',(-303.808399377139,-118.461774686125,73.4712045730927));
#797=CARTESIAN_POINT('Ctrl Pts',(-302.868768274613,-118.662043058411,77.0300436784025));
#798=CARTESIAN_POINT('Ctrl Pts',(-302.125275748526,-118.813675749835,79.8832083712066));
#799=CARTESIAN_POINT('Ctrl Pts',(-299.920620609233,-119.244450933214,88.4620561590082));
#800=CARTESIAN_POINT('Ctrl Pts',(-298.485324104367,-119.499505027205,94.2071091790048));
#801=CARTESIAN_POINT('Ctrl Pts',(-297.087082078656,-119.726295988447,99.9806950769946));
#802=CARTESIAN_POINT('Ctrl Pts',(-363.267548159089,-54.8390857246634,-156.101864189094));
#803=CARTESIAN_POINT('Ctrl Pts',(-363.187985020385,-55.1234998396862,-155.882302898418));
#804=CARTESIAN_POINT('Ctrl Pts',(-363.108446681089,-55.406664229018,-155.661546799744));
#805=CARTESIAN_POINT('Ctrl Pts',(-362.795335742993,-56.5164649938193,-154.787433213517));
#806=CARTESIAN_POINT('Ctrl Pts',(-362.561901691389,-57.3330930359225,-154.124589858132));
#807=CARTESIAN_POINT('Ctrl Pts',(-362.01552318305,-59.2144954836625,-152.54575908695));
#808=CARTESIAN_POINT('Ctrl Pts',(-361.702562661265,-60.2690580007388,-151.620359821771));
#809=CARTESIAN_POINT('Ctrl Pts',(-360.762297733078,-63.3554825168578,-148.775868183874));
#810=CARTESIAN_POINT('Ctrl Pts',(-360.133553262087,-65.308776752075,-146.787243738138));
#811=CARTESIAN_POINT('Ctrl Pts',(-358.232561628344,-70.830562441461,-140.549648467275));
#812=CARTESIAN_POINT('Ctrl Pts',(-356.94464029551,-74.0556723754718,-136.028460855509));
#813=CARTESIAN_POINT('Ctrl Pts',(-352.979042513328,-82.6382435006655,-121.791522816195));
#814=CARTESIAN_POINT('Ctrl Pts',(-350.196727427031,-86.9802319740714,-111.489061837373));
#815=CARTESIAN_POINT('Ctrl Pts',(-346.895474406101,-91.2086500549186,-99.679679741517));
#816=CARTESIAN_POINT('Ctrl Pts',(-346.516213709098,-91.6807212603774,-98.3273722827731));
#817=CARTESIAN_POINT('Ctrl Pts',(-343.556976722523,-95.266200433444,-87.8126911495506));
#818=CARTESIAN_POINT('Ctrl Pts',(-340.876697013499,-97.9552247502109,-78.5185046357389));
#819=CARTESIAN_POINT('Ctrl Pts',(-334.943608602105,-103.152190465343,-58.4284103961337));
#820=CARTESIAN_POINT('Ctrl Pts',(-331.663604957166,-105.566668129315,-47.6066684799911));
#821=CARTESIAN_POINT('Ctrl Pts',(-327.13912336347,-108.438740561355,-32.8495011415474));
#822=CARTESIAN_POINT('Ctrl Pts',(-325.946377044216,-109.153269526579,-28.9735884487432));
#823=CARTESIAN_POINT('Ctrl Pts',(-322.57591225686,-111.062837205149,-18.0335805479768));
#824=CARTESIAN_POINT('Ctrl Pts',(-320.388930911004,-112.173707688867,-10.9494298269146));
#825=CARTESIAN_POINT('Ctrl Pts',(-314.827752376855,-114.730249712961,7.18682462035093));
#826=CARTESIAN_POINT('Ctrl Pts',(-311.464487957798,-116.025011631688,18.273631284484));
#827=CARTESIAN_POINT('Ctrl Pts',(-306.543972206599,-117.657922465684,35.0118220984233));
#828=CARTESIAN_POINT('Ctrl Pts',(-304.92421049772,-118.150795870438,40.6096144934781));
#829=CARTESIAN_POINT('Ctrl Pts',(-301.737597238631,-119.046826920278,51.8473709047523));
#830=CARTESIAN_POINT('Ctrl Pts',(-300.170730200631,-119.450003002583,57.4873563367249));
#831=CARTESIAN_POINT('Ctrl Pts',(-298.251091140445,-119.905261747489,64.5673738511741));
#832=CARTESIAN_POINT('Ctrl Pts',(-297.869104738283,-119.993873937685,65.9848794436736));
#833=CARTESIAN_POINT('Ctrl Pts',(-297.364881618706,-120.108333018793,67.8679126830077));
#834=CARTESIAN_POINT('Ctrl Pts',(-297.240855142373,-120.136283880535,68.3320579408698));
#835=CARTESIAN_POINT('Ctrl Pts',(-297.051522246035,-120.17864605597,69.0420931928129));
#836=CARTESIAN_POINT('Ctrl Pts',(-296.986060114636,-120.193236650688,69.2878629114295));
#837=CARTESIAN_POINT('Ctrl Pts',(-296.731676934663,-120.24971822818,70.2439859981738));
#838=CARTESIAN_POINT('Ctrl Pts',(-296.54320336353,-120.291099694277,70.9546849938909));
#839=CARTESIAN_POINT('Ctrl Pts',(-295.603413317614,-120.495162657884,74.5101715609606));
#840=CARTESIAN_POINT('Ctrl Pts',(-294.859834742031,-120.649314767889,77.3609347146241));
#841=CARTESIAN_POINT('Ctrl Pts',(-292.655129341235,-121.086300656523,85.9334156408804));
#842=CARTESIAN_POINT('Ctrl Pts',(-291.220080911113,-121.343704747068,91.6753420169212));
#843=CARTESIAN_POINT('Ctrl Pts',(-289.822538193334,-121.571523644076,97.4468935550229));
#844=CARTESIAN_POINT('Ctrl Pts',(-327.30633014145,-51.31171207223,-161.422855557496));
#845=CARTESIAN_POINT('Ctrl Pts',(-327.219367608981,-51.5856427822601,-161.196093233708));
#846=CARTESIAN_POINT('Ctrl Pts',(-327.132420753266,-51.8587845819645,-160.968704326586));
#847=CARTESIAN_POINT('Ctrl Pts',(-326.79012309941,-52.9311859458674,-160.070920835941));
#848=CARTESIAN_POINT('Ctrl Pts',(-326.534879862265,-53.7244526850556,-159.395806013376));
#849=CARTESIAN_POINT('Ctrl Pts',(-325.937698081191,-55.5653098996577,-157.803545724851));
#850=CARTESIAN_POINT('Ctrl Pts',(-325.595826813403,-56.6075620207167,-156.882263623667));
#851=CARTESIAN_POINT('Ctrl Pts',(-324.570393780886,-59.6980607762984,-154.090351017083));
#852=CARTESIAN_POINT('Ctrl Pts',(-323.887048071226,-61.710502062502,-152.192053875638));
#853=CARTESIAN_POINT('Ctrl Pts',(-321.834958666186,-67.5902699968907,-146.371192307038));
#854=CARTESIAN_POINT('Ctrl Pts',(-320.464299575502,-71.2959953329313,-142.315793903915));
#855=CARTESIAN_POINT('Ctrl Pts',(-316.307027831165,-81.5841701329953,-129.501041307459));
#856=CARTESIAN_POINT('Ctrl Pts',(-313.466723545257,-87.2922453680489,-120.082755088077));
#857=CARTESIAN_POINT('Ctrl Pts',(-310.126161314135,-92.7585321109354,-108.956569099853));
#858=CARTESIAN_POINT('Ctrl Pts',(-309.742841788888,-93.3689070890828,-107.678860379559));
#859=CARTESIAN_POINT('Ctrl Pts',(-306.755033966972,-98.0028251960871,-97.7183859876231));
#860=CARTESIAN_POINT('Ctrl Pts',(-304.065731579003,-101.456580858692,-88.7654201737368));
#861=CARTESIAN_POINT('Ctrl Pts',(-298.133490227654,-108.035382526753,-69.2672905996147));
#862=CARTESIAN_POINT('Ctrl Pts',(-294.868290360556,-111.032517993846,-58.6757586476059));
#863=CARTESIAN_POINT('Ctrl Pts',(-290.380207128401,-114.575127574581,-44.1914101029897));
#864=CARTESIAN_POINT('Ctrl Pts',(-289.198396535657,-115.454215305739,-40.3828862768901));
#865=CARTESIAN_POINT('Ctrl Pts',(-285.860761301085,-117.801237070483,-29.624288675393));
#866=CARTESIAN_POINT('Ctrl Pts',(-283.697167210155,-119.164148386944,-22.6475059265384));
#867=CARTESIAN_POINT('Ctrl Pts',(-278.189666416267,-122.297533731879,-4.76625359333968));
#868=CARTESIAN_POINT('Ctrl Pts',(-274.850823475239,-123.875693370632,6.18294435442379));
#869=CARTESIAN_POINT('Ctrl Pts',(-269.951591467903,-125.834362076937,22.7452026977357));
#870=CARTESIAN_POINT('Ctrl Pts',(-268.336839563245,-126.419588567056,28.2897011266053));
#871=CARTESIAN_POINT('Ctrl Pts',(-265.158542181456,-127.471958992276,39.4327460298059));
#872=CARTESIAN_POINT('Ctrl Pts',(-263.595009134708,-127.939174871054,45.0313060964926));
#873=CARTESIAN_POINT('Ctrl Pts',(-261.680083780778,-128.459970822659,52.0672115394918));
#874=CARTESIAN_POINT('Ctrl Pts',(-261.299066628919,-128.560965306514,53.4762767121234));
#875=CARTESIAN_POINT('Ctrl Pts',(-260.796188415243,-128.690945473386,55.3486174189074));
#876=CARTESIAN_POINT('Ctrl Pts',(-260.672498047265,-128.722647435213,55.8101689221658));
#877=CARTESIAN_POINT('Ctrl Pts',(-260.483687276086,-128.770635870242,56.5163002802981));
#878=CARTESIAN_POINT('Ctrl Pts',(-260.418407328494,-128.787153407619,56.7607304238797));
#879=CARTESIAN_POINT('Ctrl Pts',(-260.164738900454,-128.851052406077,57.7116876667741));
#880=CARTESIAN_POINT('Ctrl Pts',(-259.976809498911,-128.897777779843,58.4186445510202));
#881=CARTESIAN_POINT('Ctrl Pts',(-259.039816494892,-129.127751965611,61.9558983078676));
#882=CARTESIAN_POINT('Ctrl Pts',(-258.298720760479,-129.300047679075,64.7936047707551));
#883=CARTESIAN_POINT('Ctrl Pts',(-256.102562275084,-129.784612339081,73.3314735396989));
#884=CARTESIAN_POINT('Ctrl Pts',(-254.674694055501,-130.064622920624,79.0564079594965));
#885=CARTESIAN_POINT('Ctrl Pts',(-253.286566659792,-130.308108305846,84.8168766377138));
#886=CARTESIAN_POINT('Ctrl Pts',(-298.661157093637,-48.7291693564087,-165.20620603086));
#887=CARTESIAN_POINT('Ctrl Pts',(-298.568128541989,-49.0018920609916,-164.980363255049));
#888=CARTESIAN_POINT('Ctrl Pts',(-298.475109858184,-49.2739308421412,-164.753977160016));
#889=CARTESIAN_POINT('Ctrl Pts',(-298.108880434408,-50.3423567036444,-163.860421619725));
#890=CARTESIAN_POINT('Ctrl Pts',(-297.835730980393,-51.1334594397962,-163.189065319721));
#891=CARTESIAN_POINT('Ctrl Pts',(-297.196497040207,-52.9705002547922,-161.60643364181));
#892=CARTESIAN_POINT('Ctrl Pts',(-296.830430239866,-54.0115079445685,-160.691284394509));
#893=CARTESIAN_POINT('Ctrl Pts',(-295.73200702311,-57.0998155764456,-157.918901004867));
#894=CARTESIAN_POINT('Ctrl Pts',(-294.999426099967,-59.1123343584586,-156.034663014526));
#895=CARTESIAN_POINT('Ctrl Pts',(-292.798068933515,-65.0020756336761,-150.270452340151));
#896=CARTESIAN_POINT('Ctrl Pts',(-291.325593016277,-68.7303834167532,-146.277925884461));
#897=CARTESIAN_POINT('Ctrl Pts',(-286.873596086161,-79.2891064681362,-133.861458062806));
#898=CARTESIAN_POINT('Ctrl Pts',(-283.856878915658,-85.4832722563654,-124.994249010366));
#899=CARTESIAN_POINT('Ctrl Pts',(-280.362938809464,-91.6243333721331,-114.502529264394));
#900=CARTESIAN_POINT('Ctrl Pts',(-279.962705655051,-92.3132705432887,-113.297451664587));
#901=CARTESIAN_POINT('Ctrl Pts',(-276.848289142222,-97.564323642108,-103.898504624536));
#902=CARTESIAN_POINT('Ctrl Pts',(-274.076073390717,-101.591042320526,-95.413328413454));
#903=CARTESIAN_POINT('Ctrl Pts',(-268.010089251782,-109.29454234089,-76.7761368840219));
#904=CARTESIAN_POINT('Ctrl Pts',(-264.700020394145,-112.834253380833,-66.564836382121));
#905=CARTESIAN_POINT('Ctrl Pts',(-260.173607253756,-117.014749724204,-52.5124446895108));
#906=CARTESIAN_POINT('Ctrl Pts',(-258.983897025818,-118.052380911345,-48.8095110159969));
#907=CARTESIAN_POINT('Ctrl Pts',(-255.629511233332,-120.822957739091,-38.3293689507793));
#908=CARTESIAN_POINT('Ctrl Pts',(-253.461604968361,-122.432405678405,-31.5102222703207));
#909=CARTESIAN_POINT('Ctrl Pts',(-247.957820038785,-126.133430834522,-13.9829385881636));
#910=CARTESIAN_POINT('Ctrl Pts',(-244.636206168269,-128.00109641918,-3.20214572835161));
#911=CARTESIAN_POINT('Ctrl Pts',(-239.776463961983,-130.322473950901,13.1570332037043));
#912=CARTESIAN_POINT('Ctrl Pts',(-238.177027457625,-131.016643389874,18.6419906790316));
#913=CARTESIAN_POINT('Ctrl Pts',(-235.032667784792,-132.266085089956,29.6804638146772));
#914=CARTESIAN_POINT('Ctrl Pts',(-233.48777093599,-132.821425137714,35.2340333402897));
#915=CARTESIAN_POINT('Ctrl Pts',(-231.598104767573,-133.441083993417,42.2222790658124));
#916=CARTESIAN_POINT('Ctrl Pts',(-231.222239053355,-133.561286017769,43.6222421114491));
#917=CARTESIAN_POINT('Ctrl Pts',(-230.726330003095,-133.716031807079,45.4830677007687));
#918=CARTESIAN_POINT('Ctrl Pts',(-230.604367589118,-133.753777848641,45.9418272425588));
#919=CARTESIAN_POINT('Ctrl Pts',(-230.418215757718,-133.81092114835,46.643758166907));
#920=CARTESIAN_POINT('Ctrl Pts',(-230.353859014885,-133.830590829896,46.8867473134698));
#921=CARTESIAN_POINT('Ctrl Pts',(-230.103793273668,-133.90668817807,47.8321487959607));
#922=CARTESIAN_POINT('Ctrl Pts',(-229.918565643616,-133.962342285668,48.5350837098295));
#923=CARTESIAN_POINT('Ctrl Pts',(-228.995209171519,-134.236305797587,52.052751389476));
#924=CARTESIAN_POINT('Ctrl Pts',(-228.265430778529,-134.44169928191,54.8764651042967));
#925=CARTESIAN_POINT('Ctrl Pts',(-226.104503472683,-135.019767522897,63.3772566266558));
#926=CARTESIAN_POINT('Ctrl Pts',(-224.701828056474,-135.354398672266,69.0840101142305));
#927=CARTESIAN_POINT('Ctrl Pts',(-223.34078274952,-135.646057991623,74.8324758067908));
#928=CARTESIAN_POINT('Ctrl Pts',(-241.172786841008,-43.5689912677143,-172.171747789719));
#929=CARTESIAN_POINT('Ctrl Pts',(-241.067976865173,-43.8390439797425,-171.946608462745));
#930=CARTESIAN_POINT('Ctrl Pts',(-240.963164458741,-44.108568899535,-171.721127736681));
#931=CARTESIAN_POINT('Ctrl Pts',(-240.550452249314,-45.1677316515379,-170.831945742733));
#932=CARTESIAN_POINT('Ctrl Pts',(-240.24252648697,-45.9533167211545,-170.165625409039));
#933=CARTESIAN_POINT('Ctrl Pts',(-239.521722954618,-47.7809949265449,-168.599113842264));
#934=CARTESIAN_POINT('Ctrl Pts',(-239.10880216227,-48.8193684414612,-167.696526110108));
#935=CARTESIAN_POINT('Ctrl Pts',(-237.869573732724,-51.9087487509393,-164.972257418018));
#936=CARTESIAN_POINT('Ctrl Pts',(-237.04279811621,-53.9340034775841,-163.134058699584));
#937=CARTESIAN_POINT('Ctrl Pts',(-234.55925335687,-59.9025685341189,-157.551482435933));
#938=CARTESIAN_POINT('Ctrl Pts',(-232.899200155526,-63.7384778531386,-153.738877523382));
#939=CARTESIAN_POINT('Ctrl Pts',(-227.896868505575,-74.7904496131846,-142.021072946422));
#940=CARTESIAN_POINT('Ctrl Pts',(-224.530977321072,-81.5457075323453,-133.832210905873));
#941=CARTESIAN_POINT('Ctrl Pts',(-220.685603632699,-88.451602665738,-124.191369036092));
#942=CARTESIAN_POINT('Ctrl Pts',(-220.245845362601,-89.2297153660448,-123.084683967714));
#943=CARTESIAN_POINT('Ctrl Pts',(-216.829712730073,-95.1844367555592,-114.45627986871));
#944=CARTESIAN_POINT('Ctrl Pts',(-213.823944946497,-99.8914449931912,-106.681799499176));
#945=CARTESIAN_POINT('Ctrl Pts',(-207.325333987264,-109.038833575176,-89.5169269896286));
#946=CARTESIAN_POINT('Ctrl Pts',(-203.826074917248,-113.338437166876,-80.0598290376749));
#947=CARTESIAN_POINT('Ctrl Pts',(-199.098097819372,-118.46709809139,-66.9332558169286));
#948=CARTESIAN_POINT('Ctrl Pts',(-197.860646767561,-119.746170382163,-63.4643745304179));
#949=CARTESIAN_POINT('Ctrl Pts',(-194.385843451382,-123.175315862865,-53.617215955166));
#950=CARTESIAN_POINT('Ctrl Pts',(-192.156686517928,-125.184243453139,-47.175585642719));
#951=CARTESIAN_POINT('Ctrl Pts',(-186.537768308433,-129.84138460665,-30.5257745707719));
#952=CARTESIAN_POINT('Ctrl Pts',(-183.18504223179,-132.232637110141,-20.197266403518));
#953=CARTESIAN_POINT('Ctrl Pts',(-178.336282112825,-135.262624997963,-4.39037942708272));
#954=CARTESIAN_POINT('Ctrl Pts',(-176.750096443957,-136.179623871396,0.93126885911419));
#955=CARTESIAN_POINT('Ctrl Pts',(-173.650522992726,-137.847470340378,11.6826643540016));
#956=CARTESIAN_POINT('Ctrl Pts',(-172.137139352662,-138.598469919471,17.1124304562346));
#957=CARTESIAN_POINT('Ctrl Pts',(-170.297529475171,-139.447054553897,23.9689119851644));
#958=CARTESIAN_POINT('Ctrl Pts',(-169.932208227939,-139.612262126428,25.343671211385));
#959=CARTESIAN_POINT('Ctrl Pts',(-169.450986687509,-139.825721113012,27.1725481802321));
#960=CARTESIAN_POINT('Ctrl Pts',(-169.332699303291,-139.877852933493,27.623556093897));
#961=CARTESIAN_POINT('Ctrl Pts',(-169.152252577126,-139.956872236595,28.3138162179947));
#962=CARTESIAN_POINT('Ctrl Pts',(-169.089885808826,-139.984090050586,28.5527999749323));
#963=CARTESIAN_POINT('Ctrl Pts',(-168.847620724116,-140.089459240517,29.4827522093265));
#964=CARTESIAN_POINT('Ctrl Pts',(-168.668318088106,-140.166672286047,30.1744889518701));
#965=CARTESIAN_POINT('Ctrl Pts',(-167.775230203188,-140.547507824113,33.6375477356009));
#966=CARTESIAN_POINT('Ctrl Pts',(-167.071726290125,-140.835446041209,36.4219966403042));
#967=CARTESIAN_POINT('Ctrl Pts',(-164.995581280564,-141.652811682813,44.817736624424));
#968=CARTESIAN_POINT('Ctrl Pts',(-163.657374830958,-142.135863281524,50.471445475179));
#969=CARTESIAN_POINT('Ctrl Pts',(-162.368142267432,-142.566222126036,56.1824613099519));
#970=CARTESIAN_POINT('Ctrl Pts',(-212.326752940493,-41.0196514401113,-175.359222405739));
#971=CARTESIAN_POINT('Ctrl Pts',(-212.216221890791,-41.2893583836067,-175.134883915624));
#972=CARTESIAN_POINT('Ctrl Pts',(-212.105683390751,-41.558564955178,-174.910261992323));
#973=CARTESIAN_POINT('Ctrl Pts',(-211.670405535908,-42.6165841337937,-174.024691373775));
#974=CARTESIAN_POINT('Ctrl Pts',(-211.345603139909,-43.4015569807622,-173.361568973647));
#975=CARTESIAN_POINT('Ctrl Pts',(-210.585212641661,-45.2283946936272,-171.803743916792));
#976=CARTESIAN_POINT('Ctrl Pts',(-210.149551400192,-46.2667416008276,-170.907053988184));
#977=CARTESIAN_POINT('Ctrl Pts',(-208.841928673311,-49.3574914373404,-168.203313568033));
#978=CARTESIAN_POINT('Ctrl Pts',(-207.96932601653,-51.3855918105265,-166.382581729737));
#979=CARTESIAN_POINT('Ctrl Pts',(-205.34786337759,-57.3691570057151,-160.864229046288));
#980=CARTESIAN_POINT('Ctrl Pts',(-203.595281150637,-61.2236925569993,-157.110286190347));
#981=CARTESIAN_POINT('Ctrl Pts',(-198.315732030123,-72.3623280331824,-145.617879840052));
#982=CARTESIAN_POINT('Ctrl Pts',(-194.76518352544,-79.2186854016908,-137.647182606996));
#983=CARTESIAN_POINT('Ctrl Pts',(-190.721518133102,-86.2897773220746,-128.312793468892));
#984=CARTESIAN_POINT('Ctrl Pts',(-190.259267731656,-87.0874675578819,-127.241952388473));
#985=CARTESIAN_POINT('Ctrl Pts',(-186.669984463599,-93.1993613339687,-118.897702600274));
#986=CARTESIAN_POINT('Ctrl Pts',(-183.521324377441,-98.0751262438053,-111.407083761646));
#987=CARTESIAN_POINT('Ctrl Pts',(-176.743087125745,-107.622882559197,-94.8813305741046));
#988=CARTESIAN_POINT('Ctrl Pts',(-173.111125610692,-112.158512214248,-85.782818059027));
#989=CARTESIAN_POINT('Ctrl Pts',(-168.231993270993,-117.608369624994,-73.1234464882808));
#990=CARTESIAN_POINT('Ctrl Pts',(-166.957580796648,-118.971827108052,-69.775348991886));
#991=CARTESIAN_POINT('Ctrl Pts',(-163.386552536563,-122.637617740272,-60.2608495957247));
#992=CARTESIAN_POINT('Ctrl Pts',(-161.104558014932,-124.797869589439,-54.0248708261634));
#993=CARTESIAN_POINT('Ctrl Pts',(-155.376354459368,-129.833331518798,-37.8653327158878));
#994=CARTESIAN_POINT('Ctrl Pts',(-151.981221271808,-132.447161236744,-27.8023915109426));
#995=CARTESIAN_POINT('Ctrl Pts',(-147.108642089034,-135.801621387009,-12.3301361404285));
#996=CARTESIAN_POINT('Ctrl Pts',(-145.52115494923,-136.825434509697,-7.10947897248315));
#997=CARTESIAN_POINT('Ctrl Pts',(-142.432866222933,-138.702995541172,3.46264678667485));
#998=CARTESIAN_POINT('Ctrl Pts',(-140.932086836479,-139.556772852899,8.81415727904215));
#999=CARTESIAN_POINT('Ctrl Pts',(-139.116414679465,-140.53048523672,15.5865137790603));
#1000=CARTESIAN_POINT('Ctrl Pts',(-138.756290772748,-140.720550192531,16.9451321076042));
#1001=CARTESIAN_POINT('Ctrl Pts',(-138.282504636679,-140.96675564177,18.7534914933348));
#1002=CARTESIAN_POINT('Ctrl Pts',(-138.16609272995,-141.026937005512,19.1995164328066));
#1003=CARTESIAN_POINT('Ctrl Pts',(-137.988580116914,-141.118235961431,19.88226709939));
#1004=CARTESIAN_POINT('Ctrl Pts',(-137.927240865676,-141.14969794514,20.1186723032108));
#1005=CARTESIAN_POINT('Ctrl Pts',(-137.689019354603,-141.27155370934,21.0386736892205));
#1006=CARTESIAN_POINT('Ctrl Pts',(-137.512821536818,-141.360968619045,21.723186734587));
#1007=CARTESIAN_POINT('Ctrl Pts',(-136.635757722498,-141.802578680044,25.1509654840348));
#1008=CARTESIAN_POINT('Ctrl Pts',(-135.946674915523,-142.138382104613,27.9098760175364));
#1009=CARTESIAN_POINT('Ctrl Pts',(-133.918373465702,-143.097000300639,36.2367576330076));
#1010=CARTESIAN_POINT('Ctrl Pts',(-132.618163855432,-143.671091746902,41.8548976553312));
#1011=CARTESIAN_POINT('Ctrl Pts',(-131.372390509502,-144.189332572609,47.5397967910348));
#1012=CARTESIAN_POINT('Ctrl Pts',(-165.613756593236,-36.5286241201162,-180.454056270476));
#1013=CARTESIAN_POINT('Ctrl Pts',(-165.494314522194,-36.7994749956112,-180.230370311413));
#1014=CARTESIAN_POINT('Ctrl Pts',(-165.374862559161,-37.0698519355612,-180.006474671441));
#1015=CARTESIAN_POINT('Ctrl Pts',(-164.90447926637,-38.1325863226488,-179.124056907791));
#1016=CARTESIAN_POINT('Ctrl Pts',(-164.553468074916,-38.921311193483,-178.463929110178));
#1017=CARTESIAN_POINT('Ctrl Pts',(-163.731707587109,-40.7575187323282,-176.914654707645));
#1018=CARTESIAN_POINT('Ctrl Pts',(-163.26087484509,-41.8016839595276,-176.024045994188));
#1019=CARTESIAN_POINT('Ctrl Pts',(-161.847712646242,-44.9113568263191,-173.342205152693));
#1020=CARTESIAN_POINT('Ctrl Pts',(-160.904717012891,-46.9540350079246,-171.540953934056));
#1021=CARTESIAN_POINT('Ctrl Pts',(-158.072338152337,-52.9879459204364,-166.096300292287));
#1022=CARTESIAN_POINT('Ctrl Pts',(-156.179502462946,-56.8849375655618,-162.411942934234));
#1023=CARTESIAN_POINT('Ctrl Pts',(-150.483068617245,-68.1805716774185,-151.190779495271));
#1024=CARTESIAN_POINT('Ctrl Pts',(-146.659342544969,-75.1819951708183,-143.486109981342));
#1025=CARTESIAN_POINT('Ctrl Pts',(-142.321869923722,-82.4583978122477,-134.52728217334));
#1026=CARTESIAN_POINT('Ctrl Pts',(-141.826290820992,-83.2801219360827,-133.50039831339));
#1027=CARTESIAN_POINT('Ctrl Pts',(-137.980372423843,-89.5828028860875,-125.504896915302));
#1028=CARTESIAN_POINT('Ctrl Pts',(-134.619414981505,-94.650701593823,-118.364174331877));
#1029=CARTESIAN_POINT('Ctrl Pts',(-127.423167754684,-104.642693041849,-102.636028432603));
#1030=CARTESIAN_POINT('Ctrl Pts',(-123.591195242492,-109.434347921876,-93.9912713727316));
#1031=CARTESIAN_POINT('Ctrl Pts',(-118.482694402327,-115.234996440856,-81.9342872924809));
#1032=CARTESIAN_POINT('Ctrl Pts',(-117.152031216101,-116.690800614758,-78.7429394693438));
#1033=CARTESIAN_POINT('Ctrl Pts',(-113.434171551926,-120.616657414611,-69.662910449143));
#1034=CARTESIAN_POINT('Ctrl Pts',(-111.071056020297,-122.944510025955,-63.6988428426954));
#1035=CARTESIAN_POINT('Ctrl Pts',(-105.17412490837,-128.404541585069,-48.1945453074129));
#1036=CARTESIAN_POINT('Ctrl Pts',(-101.712269175541,-131.273588691268,-38.4934681578796));
#1037=CARTESIAN_POINT('Ctrl Pts',(-96.8018661791057,-135.011786985721,-23.4845689635297));
#1038=CARTESIAN_POINT('Ctrl Pts',(-95.2121734986222,-136.163782858475,-18.4052824109181));
#1039=CARTESIAN_POINT('Ctrl Pts',(-92.1420620917879,-138.299044498742,-8.08677696065715));
#1040=CARTESIAN_POINT('Ctrl Pts',(-90.6617363139975,-139.282320378127,-2.84745016701184));
#1041=CARTESIAN_POINT('Ctrl Pts',(-88.8872237035769,-140.417985012098,3.80501741853275));
#1042=CARTESIAN_POINT('Ctrl Pts',(-88.5361018654181,-140.640448290609,5.14066324465865));
#1043=CARTESIAN_POINT('Ctrl Pts',(-88.0752752166233,-140.929658895406,6.91986855716206));
#1044=CARTESIAN_POINT('Ctrl Pts',(-87.9621381748064,-141.000437857672,7.35881698052528));
#1045=CARTESIAN_POINT('Ctrl Pts',(-87.7897579030755,-141.107944699879,8.03090942486359));
#1046=CARTESIAN_POINT('Ctrl Pts',(-87.7302175830311,-141.145016106044,8.26365603349268));
#1047=CARTESIAN_POINT('Ctrl Pts',(-87.4990815431048,-141.288691488258,9.16954321667243));
#1048=CARTESIAN_POINT('Ctrl Pts',(-87.3283372859215,-141.394319141026,9.84382019625745));
#1049=CARTESIAN_POINT('Ctrl Pts',(-86.4794835575465,-141.91700758253,13.2216605268316));
#1050=CARTESIAN_POINT('Ctrl Pts',(-85.8159871033937,-142.317723689426,15.944596353795));
#1051=CARTESIAN_POINT('Ctrl Pts',(-83.8731980316816,-143.471143749824,24.1752516865396));
#1052=CARTESIAN_POINT('Ctrl Pts',(-82.6417193104866,-144.175201783911,29.7448735347945));
#1053=CARTESIAN_POINT('Ctrl Pts',(-81.4749379614197,-144.82308394091,35.3957907198076));
#1054=CARTESIAN_POINT('Ctrl Pts',(-147.965873024954,-34.747631456451,-182.365820473078));
#1055=CARTESIAN_POINT('Ctrl Pts',(-147.843136578747,-35.0193264718064,-182.142261889871));
#1056=CARTESIAN_POINT('Ctrl Pts',(-147.720390568885,-35.2905523040395,-181.918515629286));
#1057=CARTESIAN_POINT('Ctrl Pts',(-147.237038530245,-36.3566484822913,-181.036773457142));
#1058=CARTESIAN_POINT('Ctrl Pts',(-146.876355691581,-37.147923619272,-180.377341255249));
#1059=CARTESIAN_POINT('Ctrl Pts',(-146.031971964473,-38.9902068228788,-178.830154313015));
#1060=CARTESIAN_POINT('Ctrl Pts',(-145.548191891154,-40.0379338971799,-177.941093928132));
#1061=CARTESIAN_POINT('Ctrl Pts',(-144.096230441486,-43.1585612013138,-175.264987527723));
#1062=CARTESIAN_POINT('Ctrl Pts',(-143.12742563126,-45.2089018833004,-173.469013278634));
#1063=CARTESIAN_POINT('Ctrl Pts',(-140.217901986278,-51.2670236032772,-168.044754124664));
#1064=CARTESIAN_POINT('Ctrl Pts',(-138.274016043621,-55.1818027054191,-164.380103627109));
#1065=CARTESIAN_POINT('Ctrl Pts',(-132.426424315943,-66.5363175901723,-153.237142447957));
#1066=CARTESIAN_POINT('Ctrl Pts',(-128.504491311807,-73.5843255703899,-145.610576813886));
#1067=CARTESIAN_POINT('Ctrl Pts',(-124.061246117801,-80.9216836499227,-136.765503859997));
#1068=CARTESIAN_POINT('Ctrl Pts',(-123.553667307918,-81.7504896557897,-135.751974200678));
#1069=CARTESIAN_POINT('Ctrl Pts',(-119.615334599673,-88.1090245071004,-127.862748113353));
#1070=CARTESIAN_POINT('Ctrl Pts',(-116.177811793669,-93.2311033734868,-120.830618983802));
#1071=CARTESIAN_POINT('Ctrl Pts',(-108.830505970328,-103.347687235195,-105.354780694641));
#1072=CARTESIAN_POINT('Ctrl Pts',(-104.926074406936,-108.210816382877,-96.8563184721088));
#1073=CARTESIAN_POINT('Ctrl Pts',(-99.7345444302446,-114.110390932327,-84.9961947532598));
#1074=CARTESIAN_POINT('Ctrl Pts',(-98.383526659897,-115.592316832047,-81.8563098693096));
#1075=CARTESIAN_POINT('Ctrl Pts',(-94.6125810520169,-119.591998934423,-72.9194529236337));
#1076=CARTESIAN_POINT('Ctrl Pts',(-92.2201991926192,-121.967733397585,-67.0456151392504));
#1077=CARTESIAN_POINT('Ctrl Pts',(-86.2625786876868,-127.549909073121,-51.7596733019038));
#1078=CARTESIAN_POINT('Ctrl Pts',(-82.776890191289,-130.492915137114,-42.1800162826528));
#1079=CARTESIAN_POINT('Ctrl Pts',(-77.8532701000724,-134.345425194213,-27.3274947266454));
#1080=CARTESIAN_POINT('Ctrl Pts',(-76.2629138866544,-135.536222736356,-22.2961506078626));
#1081=CARTESIAN_POINT('Ctrl Pts',(-73.2003453966363,-137.751779381189,-12.0639610703921));
#1082=CARTESIAN_POINT('Ctrl Pts',(-71.7284049501936,-138.776705450997,-6.86295267271622));
#1083=CARTESIAN_POINT('Ctrl Pts',(-69.9710914603817,-139.964977381976,-0.250894664793351));
#1084=CARTESIAN_POINT('Ctrl Pts',(-69.6237290614291,-140.197979602569,1.07703546247504));
#1085=CARTESIAN_POINT('Ctrl Pts',(-69.1682761808203,-140.501192014207,2.84646574989565));
#1086=CARTESIAN_POINT('Ctrl Pts',(-69.0564941912132,-140.575422632343,3.28304279785794));
#1087=CARTESIAN_POINT('Ctrl Pts',(-68.8862318716742,-140.688211125584,3.9515644533589));
#1088=CARTESIAN_POINT('Ctrl Pts',(-68.8274329062563,-140.727110973383,4.18308548968427));
#1089=CARTESIAN_POINT('Ctrl Pts',(-68.5992125226571,-140.877901081568,5.08424480818913));
#1090=CARTESIAN_POINT('Ctrl Pts',(-68.4307031387514,-140.988820315431,5.75509330894213));
#1091=CARTESIAN_POINT('Ctrl Pts',(-67.5933577225833,-141.538017217866,9.11619740207338));
#1092=CARTESIAN_POINT('Ctrl Pts',(-66.9401164737016,-141.960106667452,11.8270268322246));
#1093=CARTESIAN_POINT('Ctrl Pts',(-65.031519151166,-143.179129805002,20.0251394988985));
#1094=CARTESIAN_POINT('Ctrl Pts',(-63.827659162116,-143.929184546647,25.5781982240629));
#1095=CARTESIAN_POINT('Ctrl Pts',(-62.692875451525,-144.624592206376,31.2178286735284));
#1096=CARTESIAN_POINT('Ctrl Pts',(-118.286061419676,-31.4505112432075,-185.667769492916));
#1097=CARTESIAN_POINT('Ctrl Pts',(-118.157771742604,-31.7245324066006,-185.444238134627));
#1098=CARTESIAN_POINT('Ctrl Pts',(-118.029475317382,-31.9980890999209,-185.220548026653));
#1099=CARTESIAN_POINT('Ctrl Pts',(-117.524280105956,-33.073382214936,-184.339141936834));
#1100=CARTESIAN_POINT('Ctrl Pts',(-117.147326956579,-33.8715605937222,-183.680212462835));
#1101=CARTESIAN_POINT('Ctrl Pts',(-116.264930754049,-35.7301074557795,-182.134807702332));
#1102=CARTESIAN_POINT('Ctrl Pts',(-115.759431315268,-36.7872314592305,-181.247232968834));
#1103=CARTESIAN_POINT('Ctrl Pts',(-114.242489495117,-39.9363207500775,-178.577024525861));
#1104=CARTESIAN_POINT('Ctrl Pts',(-113.230601426658,-42.0059988324913,-176.786904811102));
#1105=CARTESIAN_POINT('Ctrl Pts',(-110.192727203892,-48.1233761018213,-171.386305762504));
#1106=CARTESIAN_POINT('Ctrl Pts',(-108.164476684349,-52.0793356806794,-167.745584253254));
#1107=CARTESIAN_POINT('Ctrl Pts',(-102.068843392127,-63.5629918779541,-156.700686916685));
#1108=CARTESIAN_POINT('Ctrl Pts',(-97.9883749019791,-70.7046335480628,-149.175319575751));
#1109=CARTESIAN_POINT('Ctrl Pts',(-93.3767404983179,-78.1551041427973,-140.482842916199));
#1110=CARTESIAN_POINT('Ctrl Pts',(-92.8500913281798,-78.9969344286544,-139.487283893745));
#1111=CARTESIAN_POINT('Ctrl Pts',(-88.7651347086542,-85.4573043295105,-131.741512412106));
#1112=CARTESIAN_POINT('Ctrl Pts',(-85.2075221055913,-90.6729738940629,-124.858730678717));
#1113=CARTESIAN_POINT('Ctrl Pts',(-77.6263703002129,-100.996250962439,-109.732187820099));
#1114=CARTESIAN_POINT('Ctrl Pts',(-73.6118673090176,-105.973081579563,-101.437225481923));
#1115=CARTESIAN_POINT('Ctrl Pts',(-68.2983406076603,-112.025738800596,-89.8491953783604));
#1116=CARTESIAN_POINT('Ctrl Pts',(-66.9178714778432,-113.547700371336,-86.7802954973559));
#1117=CARTESIAN_POINT('Ctrl Pts',(-63.0716041403775,-117.659604619511,-78.0403614678334));
#1118=CARTESIAN_POINT('Ctrl Pts',(-60.6395883940994,-120.107063991751,-72.2899676024777));
#1119=CARTESIAN_POINT('Ctrl Pts',(-54.6060311025129,-125.869896325513,-57.300283194042));
#1120=CARTESIAN_POINT('Ctrl Pts',(-51.0979517116246,-128.920498346024,-47.8829608976889));
#1121=CARTESIAN_POINT('Ctrl Pts',(-46.1796152674719,-132.932837098567,-33.2329465707611));
#1122=CARTESIAN_POINT('Ctrl Pts',(-44.5974930156695,-134.176606966979,-28.2623099158866));
#1123=CARTESIAN_POINT('Ctrl Pts',(-41.5645575452681,-136.49888996115,-18.136866642707));
#1124=CARTESIAN_POINT('Ctrl Pts',(-40.1138964963051,-137.577214511645,-12.981852732782));
#1125=CARTESIAN_POINT('Ctrl Pts',(-38.3911754782199,-138.838330272679,-6.41985071304337));
#1126=CARTESIAN_POINT('Ctrl Pts',(-38.0511488649718,-139.086231328424,-5.10155710566657));
#1127=CARTESIAN_POINT('Ctrl Pts',(-37.6060598386693,-139.409732668524,-3.34438028519406));
#1128=CARTESIAN_POINT('Ctrl Pts',(-37.4968824044768,-139.489003780822,-2.91077914570939));
#1129=CARTESIAN_POINT('Ctrl Pts',(-37.3306842539421,-139.609564237915,-2.24673927198898));
#1130=CARTESIAN_POINT('Ctrl Pts',(-37.2733066572492,-139.651165436751,-2.01675660389998));
#1131=CARTESIAN_POINT('Ctrl Pts',(-37.0506738533211,-139.812508050741,-1.12153055795988));
#1132=CARTESIAN_POINT('Ctrl Pts',(-36.8864424630353,-139.931364561461,-0.454981857096169));
#1133=CARTESIAN_POINT('Ctrl Pts',(-36.0711514949312,-140.520717423599,2.88519962358991));
#1134=CARTESIAN_POINT('Ctrl Pts',(-35.4377409523784,-140.976471398824,5.58116752846647));
#1135=CARTESIAN_POINT('Ctrl Pts',(-33.5948302459444,-142.298916758431,13.7411453499381));
#1136=CARTESIAN_POINT('Ctrl Pts',(-32.4425908450116,-143.120561387101,19.2773275103864));
#1137=CARTESIAN_POINT('Ctrl Pts',(-31.3654019831048,-143.887300859566,24.908631534304));
#1138=CARTESIAN_POINT('Ctrl Pts',(-106.34906451386,-30.0443175769502,-187.018988123952));
#1139=CARTESIAN_POINT('Ctrl Pts',(-106.218536612764,-30.3195138609853,-186.795420088314));
#1140=CARTESIAN_POINT('Ctrl Pts',(-106.088003692296,-30.5942466460949,-186.571702712974));
#1141=CARTESIAN_POINT('Ctrl Pts',(-105.574009270848,-31.6741745979694,-185.690226678628));
#1142=CARTESIAN_POINT('Ctrl Pts',(-105.19050696682,-32.4758194285449,-185.031327031362));
#1143=CARTESIAN_POINT('Ctrl Pts',(-104.292821886508,-34.3425017979451,-183.486189534698));
#1144=CARTESIAN_POINT('Ctrl Pts',(-103.778595973969,-35.4043025392196,-182.598919460375));
#1145=CARTESIAN_POINT('Ctrl Pts',(-102.235573766615,-38.5674799085318,-179.930096650102));
#1146=CARTESIAN_POINT('Ctrl Pts',(-101.206430832281,-40.6466274720053,-178.141529670846));
#1147=CARTESIAN_POINT('Ctrl Pts',(-98.1172630256245,-46.792683336359,-172.747607853545));
#1148=CARTESIAN_POINT('Ctrl Pts',(-96.0554460013567,-50.7681274762881,-169.114036178214));
#1149=CARTESIAN_POINT('Ctrl Pts',(-89.8615748409494,-62.3114647393764,-158.099610066882));
#1150=CARTESIAN_POINT('Ctrl Pts',(-85.7189866355252,-69.4945597255928,-150.606800782807));
#1151=CARTESIAN_POINT('Ctrl Pts',(-81.0420000107629,-76.9931581424934,-141.965560675794));
#1152=CARTESIAN_POINT('Ctrl Pts',(-80.5079584904387,-77.8405025286556,-140.97605477469));
#1153=CARTESIAN_POINT('Ctrl Pts',(-76.3662311943058,-84.3437722870092,-133.278736250848));
#1154=CARTESIAN_POINT('Ctrl Pts',(-72.7624957781711,-89.5976066541538,-126.447244684522));
#1155=CARTESIAN_POINT('Ctrl Pts',(-65.092363882528,-100.003161494033,-111.441677965716));
#1156=CARTESIAN_POINT('Ctrl Pts',(-61.0365553262239,-105.024033512023,-103.217590682826));
#1157=CARTESIAN_POINT('Ctrl Pts',(-55.6784480676908,-111.13494633739,-91.7237194261031));
#1158=CARTESIAN_POINT('Ctrl Pts',(-54.2873535841501,-112.672048541813,-88.6793355416945));
#1159=CARTESIAN_POINT('Ctrl Pts',(-50.4143685240455,-116.826192207558,-80.007240164787));
#1160=CARTESIAN_POINT('Ctrl Pts',(-47.96888441645,-119.300409565654,-74.2991657734437));
#1161=CARTESIAN_POINT('Ctrl Pts',(-41.9115986964346,-125.130446948032,-59.4104177929681));
#1162=CARTESIAN_POINT('Ctrl Pts',(-38.3991976141028,-128.220731966042,-50.0476751808837));
#1163=CARTESIAN_POINT('Ctrl Pts',(-33.4904940629318,-132.293819741829,-35.4651273841526));
#1164=CARTESIAN_POINT('Ctrl Pts',(-31.9142319402189,-133.558092047895,-30.5146438120746));
#1165=CARTESIAN_POINT('Ctrl Pts',(-28.8981805963388,-135.923475923973,-20.4249089188499));
#1166=CARTESIAN_POINT('Ctrl Pts',(-27.4585079072103,-137.024749364501,-15.2856308486298));
#1167=CARTESIAN_POINT('Ctrl Pts',(-25.7533236164577,-138.31524697707,-8.7392176117418));
#1168=CARTESIAN_POINT('Ctrl Pts',(-25.4169928167434,-138.569033453027,-7.42382761929861));
#1169=CARTESIAN_POINT('Ctrl Pts',(-24.9770298371891,-138.900291413355,-5.67020513686971));
#1170=CARTESIAN_POINT('Ctrl Pts',(-24.8691331116613,-138.981469542067,-5.23745593085888));
#1171=CARTESIAN_POINT('Ctrl Pts',(-24.7049184452041,-139.104937743707,-4.57468272163683));
#1172=CARTESIAN_POINT('Ctrl Pts',(-24.648231849949,-139.147543678021,-4.34513179816622));
#1173=CARTESIAN_POINT('Ctrl Pts',(-24.4283037396876,-139.312787630765,-3.45155959392299));
#1174=CARTESIAN_POINT('Ctrl Pts',(-24.2661181007402,-139.434527982716,-2.78618481411629));
#1175=CARTESIAN_POINT('Ctrl Pts',(-23.4612131835652,-140.038216340395,0.548389175023748));
#1176=CARTESIAN_POINT('Ctrl Pts',(-22.8365706506857,-140.505131700629,3.24069539502504));
#1177=CARTESIAN_POINT('Ctrl Pts',(-21.0212262003366,-141.860808001318,11.3918235839299));
#1178=CARTESIAN_POINT('Ctrl Pts',(-19.8893749975115,-142.704698911403,16.9250084277781));
#1179=CARTESIAN_POINT('Ctrl Pts',(-18.8354104373894,-143.494738778911,22.5564419963173));
#1180=CARTESIAN_POINT('Ctrl Pts',(-79.2858034388106,-26.5908656617391,-190.172232008217));
#1181=CARTESIAN_POINT('Ctrl Pts',(-79.1500906941401,-26.8693640134496,-189.94859883759));
#1182=CARTESIAN_POINT('Ctrl Pts',(-79.0143779766212,-27.1474005517542,-189.724833266653));
#1183=CARTESIAN_POINT('Ctrl Pts',(-78.4800084598273,-28.2403438292513,-188.843234692742));
#1184=CARTESIAN_POINT('Ctrl Pts',(-78.0813502949482,-29.0517134131705,-188.184390960966));
#1185=CARTESIAN_POINT('Ctrl Pts',(-77.1483057729232,-30.9411929207415,-186.639737146028));
#1186=CARTESIAN_POINT('Ctrl Pts',(-76.6139143139014,-32.0160786851515,-185.753014935791));
#1187=CARTESIAN_POINT('Ctrl Pts',(-75.010675438903,-35.2186020958689,-183.086673098571));
#1188=CARTESIAN_POINT('Ctrl Pts',(-73.9417614242387,-37.3241020460769,-181.300876152961));
#1189=CARTESIAN_POINT('Ctrl Pts',(-70.7345808167313,-43.5496089107943,-175.918821561437));
#1190=CARTESIAN_POINT('Ctrl Pts',(-68.59582649452,-47.5785491815031,-172.29788774098));
#1191=CARTESIAN_POINT('Ctrl Pts',(-62.1777159897297,-59.2840058026985,-161.337639706751));
#1192=CARTESIAN_POINT('Ctrl Pts',(-57.8946190049095,-66.5776271949755,-153.903443290006));
#1193=CARTESIAN_POINT('Ctrl Pts',(-53.0713997622655,-74.2019280894123,-145.357944747479));
#1194=CARTESIAN_POINT('Ctrl Pts',(-52.520839461907,-75.0636392189954,-144.379796858261));
#1195=CARTESIAN_POINT('Ctrl Pts',(-48.2524167191926,-81.6784180332051,-136.773817287319));
#1196=CARTESIAN_POINT('Ctrl Pts',(-44.5466694572956,-87.0298617323469,-130.041697757442));
#1197=CARTESIAN_POINT('Ctrl Pts',(-36.6820576371351,-97.6406566738732,-115.267577638689));
#1198=CARTESIAN_POINT('Ctrl Pts',(-32.5375986983438,-102.768236701011,-107.17710395732));
#1199=CARTESIAN_POINT('Ctrl Pts',(-27.086704556306,-109.017173714852,-95.8583165740032));
#1200=CARTESIAN_POINT('Ctrl Pts',(-25.6738325452192,-110.589861697207,-92.859327968166));
#1201=CARTESIAN_POINT('Ctrl Pts',(-21.7471966267245,-114.842609801081,-84.3123853494931));
#1202=CARTESIAN_POINT('Ctrl Pts',(-19.2761247938666,-117.378496133486,-78.6818518287193));
#1203=CARTESIAN_POINT('Ctrl Pts',(-13.1790235765347,-123.362100400031,-63.9763862449747));
#1204=CARTESIAN_POINT('Ctrl Pts',(-9.66659416779884,-126.54212529656,-54.7111935519398));
#1205=CARTESIAN_POINT('Ctrl Pts',(-4.79657405586412,-130.750794242362,-40.2438670191771));
#1206=CARTESIAN_POINT('Ctrl Pts',(-3.23964011501406,-132.060530746785,-35.3266721965505));
#1207=CARTESIAN_POINT('Ctrl Pts',(-0.274481896944732,-134.517608330536,
-25.2920766829804));
#1208=CARTESIAN_POINT('Ctrl Pts',(1.13363172918622,-135.665086777159,-20.1746344987484));
#1209=CARTESIAN_POINT('Ctrl Pts',(2.79340234863072,-137.012037810605,-13.6478724579286));
#1210=CARTESIAN_POINT('Ctrl Pts',(3.12035136365736,-137.27705014108,-12.3360309950069));
#1211=CARTESIAN_POINT('Ctrl Pts',(3.54746479424659,-137.623120046552,-10.5865953878182));
#1212=CARTESIAN_POINT('Ctrl Pts',(3.65216295029502,-137.707941235502,-10.1548357272622));
#1213=CARTESIAN_POINT('Ctrl Pts',(3.81143575599639,-137.836971250752,-9.49351051872195));
#1214=CARTESIAN_POINT('Ctrl Pts',(3.86640285276023,-137.881500284767,-9.26444875894501));
#1215=CARTESIAN_POINT('Ctrl Pts',(4.07960637644819,-138.054218149924,-8.37273237954245));
#1216=CARTESIAN_POINT('Ctrl Pts',(4.2367180477579,-138.181497690582,-7.70863580050516));
#1217=CARTESIAN_POINT('Ctrl Pts',(5.01584620641798,-138.812831588629,-4.37993941096314));
#1218=CARTESIAN_POINT('Ctrl Pts',(5.61854077078419,-139.30171831662,-1.69068013963682));
#1219=CARTESIAN_POINT('Ctrl Pts',(7.36382096447348,-140.723279572851,6.45648845016956));
#1220=CARTESIAN_POINT('Ctrl Pts',(8.44355102758655,-141.610896447324,11.9938751389526));
#1221=CARTESIAN_POINT('Ctrl Pts',(9.43977862885441,-142.445386948548,17.6363934251351));
#1222=CARTESIAN_POINT('Ctrl Pts',(-64.1103321914248,-24.4729263363485,-192.005939767362));
#1223=CARTESIAN_POINT('Ctrl Pts',(-63.9716356494121,-24.7537230668382,-191.782300640328));
#1224=CARTESIAN_POINT('Ctrl Pts',(-63.8329427642638,-25.0340585576639,-191.558535491193));
#1225=CARTESIAN_POINT('Ctrl Pts',(-63.2868534330911,-26.1360561665654,-190.676963671446));
#1226=CARTESIAN_POINT('Ctrl Pts',(-62.8794838961658,-26.95418540535,-190.018194900949));
#1227=CARTESIAN_POINT('Ctrl Pts',(-61.9261304914616,-28.859495657816,-188.47384469925));
#1228=CARTESIAN_POINT('Ctrl Pts',(-61.3801685630839,-29.9434560215387,-187.587394782319));
#1229=CARTESIAN_POINT('Ctrl Pts',(-59.7424155185919,-33.1732228393532,-184.922162260001));
#1230=CARTESIAN_POINT('Ctrl Pts',(-58.6507550661564,-35.2969114344078,-183.137494630617));
#1231=CARTESIAN_POINT('Ctrl Pts',(-55.3762393534575,-41.5770205563696,-177.759970413568));
#1232=CARTESIAN_POINT('Ctrl Pts',(-53.1938051720485,-45.6424055378668,-174.143538760175));
#1233=CARTESIAN_POINT('Ctrl Pts',(-46.6491326882454,-57.4569844234346,-163.201694573436));
#1234=CARTESIAN_POINT('Ctrl Pts',(-42.2877387325297,-64.8233899894945,-155.787168191953));
#1235=CARTESIAN_POINT('Ctrl Pts',(-37.3839593139821,-72.5294446484792,-147.280497641923));
#1236=CARTESIAN_POINT('Ctrl Pts',(-36.8243144906184,-73.4004729250842,-146.306983646199));
#1237=CARTESIAN_POINT('Ctrl Pts',(-32.4863235194367,-80.0874445033506,-138.738783031606));
#1238=CARTESIAN_POINT('Ctrl Pts',(-28.7249694417072,-85.5022555099228,-132.054342797351));
#1239=CARTESIAN_POINT('Ctrl Pts',(-20.7560752426658,-96.2419765516114,-117.384638873578));
#1240=CARTESIAN_POINT('Ctrl Pts',(-16.565476300106,-101.433840591677,-109.349559868004));
#1241=CARTESIAN_POINT('Ctrl Pts',(-11.0684071676965,-107.76389124345,-98.1012858598139));
#1242=CARTESIAN_POINT('Ctrl Pts',(-9.64495094052279,-109.357293738776,-95.1204017696984));
#1243=CARTESIAN_POINT('Ctrl Pts',(-5.69306168157817,-113.666968014652,-86.6230406521355));
#1244=CARTESIAN_POINT('Ctrl Pts',(-3.21105008143797,-116.237905222621,-81.022848272728));
#1245=CARTESIAN_POINT('Ctrl Pts',(2.89897430596182,-122.307529057025,-66.3878084512384));
#1246=CARTESIAN_POINT('Ctrl Pts',(6.40494413612154,-125.536810672243,-57.1587657896973));
#1247=CARTESIAN_POINT('Ctrl Pts',(11.2433847686785,-129.816340460088,-42.7294388115421));
#1248=CARTESIAN_POINT('Ctrl Pts',(12.7862009540856,-131.149148273417,-37.8222170302286));
#1249=CARTESIAN_POINT('Ctrl Pts',(15.7165558804658,-133.650903395534,-27.8014220442776));
#1250=CARTESIAN_POINT('Ctrl Pts',(17.1040412566199,-134.81992587537,-22.6878210636542));
#1251=CARTESIAN_POINT('Ctrl Pts',(18.7339834442049,-136.193124055632,-16.1616184838419));
#1252=CARTESIAN_POINT('Ctrl Pts',(19.0547621681967,-136.463354686986,-14.8496767664045));
#1253=CARTESIAN_POINT('Ctrl Pts',(19.4734210701475,-136.816310586297,-13.0998233994757));
#1254=CARTESIAN_POINT('Ctrl Pts',(19.5760146040209,-136.902825328675,-12.6679378920732));
#1255=CARTESIAN_POINT('Ctrl Pts',(19.7320366989909,-137.03444020364,-12.0063851934786));
#1256=CARTESIAN_POINT('Ctrl Pts',(19.7858729071341,-137.079862874932,-11.7772382885271));
#1257=CARTESIAN_POINT('Ctrl Pts',(19.9946549790063,-137.256053001138,-10.8851657807651));
#1258=CARTESIAN_POINT('Ctrl Pts',(20.1484330463572,-137.385904349072,-10.2207510710103));
#1259=CARTESIAN_POINT('Ctrl Pts',(20.9106561332351,-138.030055650703,-6.89019686453194));
#1260=CARTESIAN_POINT('Ctrl Pts',(21.4990828890962,-138.529050628212,-4.19860222606184));
#1261=CARTESIAN_POINT('Ctrl Pts',(23.1993852199381,-139.980579621727,3.95818328936194));
#1262=CARTESIAN_POINT('Ctrl Pts',(24.2460918200145,-140.887802607857,9.50553883681994));
#1263=CARTESIAN_POINT('Ctrl Pts',(25.2060567673997,-141.74211691724,15.1617607655889));
#1264=CARTESIAN_POINT('Ctrl Pts',(-42.2766729731424,-21.024441404923,-194.740584965874));
#1265=CARTESIAN_POINT('Ctrl Pts',(-42.1334023595878,-21.3092680119477,-194.517174116199));
#1266=CARTESIAN_POINT('Ctrl Pts',(-41.9901408885471,-21.5936360825168,-194.293646324415));
#1267=CARTESIAN_POINT('Ctrl Pts',(-41.4260847816848,-22.7115225117393,-193.413044959129));
#1268=CARTESIAN_POINT('Ctrl Pts',(-41.005359737989,-23.5415284194414,-192.755078785163));
#1269=CARTESIAN_POINT('Ctrl Pts',(-40.0208683241082,-25.4746873456679,-191.212792164721));
#1270=CARTESIAN_POINT('Ctrl Pts',(-39.4571645897208,-26.5746375122536,-190.32766631288));
#1271=CARTESIAN_POINT('Ctrl Pts',(-37.7664820989739,-29.8524868677595,-187.6668336185));
#1272=CARTESIAN_POINT('Ctrl Pts',(-36.639929826446,-32.0083820210419,-185.885670915065));
#1273=CARTESIAN_POINT('Ctrl Pts',(-33.262092291048,-38.3854851582616,-180.520338493706));
#1274=CARTESIAN_POINT('Ctrl Pts',(-31.0125789662607,-42.51604947259,-176.914316649354));
#1275=CARTESIAN_POINT('Ctrl Pts',(-24.2735311655252,-54.5265761505374,-166.009027513713));
#1276=CARTESIAN_POINT('Ctrl Pts',(-19.7922145763678,-62.0230133694064,-158.620712090784));
#1277=CARTESIAN_POINT('Ctrl Pts',(-14.7662141436951,-69.8739000700559,-150.157587892934));
#1278=CARTESIAN_POINT('Ctrl Pts',(-14.1927948865589,-70.7614633210257,-149.189364388389));
#1279=CARTESIAN_POINT('Ctrl Pts',(-9.74940056740849,-77.5764152083669,-141.664133288256));
#1280=CARTESIAN_POINT('Ctrl Pts',(-5.9050336189981,-83.0986379929328,-135.02057588453));
#1281=CARTESIAN_POINT('Ctrl Pts',(2.2173831334294,-94.0536252271083,-120.427012652005));
#1282=CARTESIAN_POINT('Ctrl Pts',(6.47554207205141,-99.3529466108457,-112.433716208893));
#1283=CARTESIAN_POINT('Ctrl Pts',(12.039810245906,-105.816850038333,-101.243818313088));
#1284=CARTESIAN_POINT('Ctrl Pts',(13.4785862918535,-107.444213195046,-98.2782238125705));
#1285=CARTESIAN_POINT('Ctrl Pts',(17.4666216007654,-111.846240702499,-89.8229213220368));
#1286=CARTESIAN_POINT('Ctrl Pts',(19.9637251465259,-114.472859867171,-84.2486755998254));
#1287=CARTESIAN_POINT('Ctrl Pts',(26.0886486428445,-120.674582694426,-69.6707516939568));
#1288=CARTESIAN_POINT('Ctrl Pts',(29.581200461041,-123.974776183502,-60.467666024861));
#1289=CARTESIAN_POINT('Ctrl Pts',(34.3637248002252,-128.348979185249,-46.0527133508956));
#1290=CARTESIAN_POINT('Ctrl Pts',(35.8820026599871,-129.71141319296,-41.1462341001624));
#1291=CARTESIAN_POINT('Ctrl Pts',(38.7518186233163,-132.269158990645,-31.1175990077213));
#1292=CARTESIAN_POINT('Ctrl Pts',(40.1033164821128,-133.464535242802,-25.9954166543404));
#1293=CARTESIAN_POINT('Ctrl Pts',(41.6814336891033,-134.869207730837,-19.4522086329191));
#1294=CARTESIAN_POINT('Ctrl Pts',(41.9915052210785,-135.14566107775,-18.1365530388812));
#1295=CARTESIAN_POINT('Ctrl Pts',(42.3955065108841,-135.506791537903,-16.3813518755265));
#1296=CARTESIAN_POINT('Ctrl Pts',(42.4944521872661,-135.595313833206,-15.9481148707138));
#1297=CARTESIAN_POINT('Ctrl Pts',(42.6448407012658,-135.729989062355,-15.2844435954287));
#1298=CARTESIAN_POINT('Ctrl Pts',(42.6967171768666,-135.776469070582,-15.0545540171499));
#1299=CARTESIAN_POINT('Ctrl Pts',(42.8978374565687,-135.95676513901,-14.1595558407013));
#1300=CARTESIAN_POINT('Ctrl Pts',(43.0458392775391,-136.089652521862,-13.4928882488619));
#1301=CARTESIAN_POINT('Ctrl Pts',(43.7787617801399,-136.748919304218,-10.1506711116815));
#1302=CARTESIAN_POINT('Ctrl Pts',(44.3424070271762,-137.259798497428,-7.44847059610652));
#1303=CARTESIAN_POINT('Ctrl Pts',(45.9644059545184,-138.746637729592,0.744006923240007));
#1304=CARTESIAN_POINT('Ctrl Pts',(46.9536004924159,-139.676968963572,6.32034928177956));
#1305=CARTESIAN_POINT('Ctrl Pts',(47.8509531049393,-140.554714341063,12.0107517735086));
#1306=CARTESIAN_POINT('Ctrl Pts',(-35.7337308643495,-19.940018922467,-195.571431120736));
#1307=CARTESIAN_POINT('Ctrl Pts',(-35.5890539161309,-20.2261429168142,-195.348115382816));
#1308=CARTESIAN_POINT('Ctrl Pts',(-35.4443877800624,-20.511809420938,-195.124685429788));
#1309=CARTESIAN_POINT('Ctrl Pts',(-34.8748075193936,-21.6348125181875,-194.244480116674));
#1310=CARTESIAN_POINT('Ctrl Pts',(-34.4499759832439,-22.4686445833923,-193.586833106962));
#1311=CARTESIAN_POINT('Ctrl Pts',(-33.4559099472574,-24.410778812034,-192.045349998607));
#1312=CARTESIAN_POINT('Ctrl Pts',(-32.886750449604,-25.515885094637,-191.160727745362));
#1313=CARTESIAN_POINT('Ctrl Pts',(-31.1797903201411,-28.8092480649879,-188.501539051021));
#1314=CARTESIAN_POINT('Ctrl Pts',(-30.0425057895319,-30.9755461180849,-186.721650164466));
#1315=CARTESIAN_POINT('Ctrl Pts',(-26.6328790161277,-37.3840197563589,-181.360690455313));
#1316=CARTESIAN_POINT('Ctrl Pts',(-24.3627150521575,-41.5357162298565,-177.758326923459));
#1317=CARTESIAN_POINT('Ctrl Pts',(-17.5637627448911,-53.6100505422371,-166.866190097454));
#1318=CARTESIAN_POINT('Ctrl Pts',(-13.0453184657658,-61.1500993238294,-159.490674822634));
#1319=CARTESIAN_POINT('Ctrl Pts',(-7.98182708739292,-69.0481478626807,-151.040226167984));
#1320=CARTESIAN_POINT('Ctrl Pts',(-7.40418654259309,-69.941046701348,-150.073387280729));
#1321=CARTESIAN_POINT('Ctrl Pts',(-2.92851203928131,-76.7969135684222,-142.558270105031));
#1322=CARTESIAN_POINT('Ctrl Pts',(0.940925812728201,-82.3519966051114,-135.918796598872));
#1323=CARTESIAN_POINT('Ctrl Pts',(9.10964889934084,-93.3747387992541,-121.336582990053));
#1324=CARTESIAN_POINT('Ctrl Pts',(13.3882775924717,-98.7082745942686,-113.351545829784));
#1325=CARTESIAN_POINT('Ctrl Pts',(18.9728508840471,-105.214496341622,-102.173978397577));
#1326=CARTESIAN_POINT('Ctrl Pts',(20.4162477311223,-106.852571906499,-99.2116796607304));
#1327=CARTESIAN_POINT('Ctrl Pts',(24.4151377035405,-111.283621473397,-90.7654680138438));
#1328=CARTESIAN_POINT('Ctrl Pts',(26.9167061095665,-113.927604409418,-85.1968578207489));
#1329=CARTESIAN_POINT('Ctrl Pts',(33.0456600624334,-120.170021181741,-70.6306634707107));
#1330=CARTESIAN_POINT('Ctrl Pts',(36.5336569411868,-123.491533367902,-61.4321454689679));
#1331=CARTESIAN_POINT('Ctrl Pts',(41.2980308610123,-127.89334971885,-47.0165054949689));
#1332=CARTESIAN_POINT('Ctrl Pts',(42.8083915310026,-129.264272068446,-42.1085566484967));
#1333=CARTESIAN_POINT('Ctrl Pts',(45.6587074749788,-131.83782876475,-32.0741206538986));
#1334=CARTESIAN_POINT('Ctrl Pts',(46.9986243552421,-133.040527183196,-26.9476070144027));
#1335=CARTESIAN_POINT('Ctrl Pts',(48.5600683540301,-134.453858622927,-20.3970697883356));
#1336=CARTESIAN_POINT('Ctrl Pts',(48.8666955224769,-134.732019338624,-19.0798530280746));
#1337=CARTESIAN_POINT('Ctrl Pts',(49.2659823963253,-135.095387635217,-17.322452728179));
#1338=CARTESIAN_POINT('Ctrl Pts',(49.3637548487169,-135.184459097746,-16.8886635837843));
#1339=CARTESIAN_POINT('Ctrl Pts',(49.5123315873459,-135.319970900194,-16.2241322252685));
#1340=CARTESIAN_POINT('Ctrl Pts',(49.5635778253311,-135.366739832452,-15.9939421140853));
#1341=CARTESIAN_POINT('Ctrl Pts',(49.762234190848,-135.548157471433,-15.0977637663032));
#1342=CARTESIAN_POINT('Ctrl Pts',(49.9083786123648,-135.681873303396,-14.4301953254874));
#1343=CARTESIAN_POINT('Ctrl Pts',(50.6318800579232,-136.345260901958,-11.0833531379388));
#1344=CARTESIAN_POINT('Ctrl Pts',(51.1875598425059,-136.859367772203,-8.3770659283891));
#1345=CARTESIAN_POINT('Ctrl Pts',(52.7843939316027,-138.355786610718,-0.171158295295455));
#1346=CARTESIAN_POINT('Ctrl Pts',(53.755105184848,-139.292379489033,5.41570669107691));
#1347=CARTESIAN_POINT('Ctrl Pts',(54.6323892279495,-140.176481519919,11.1181712349046));
#1348=CARTESIAN_POINT('Ctrl Pts',(-20.301608392906,-17.2388504747879,-197.548858744966));
#1349=CARTESIAN_POINT('Ctrl Pts',(-20.1535101112405,-17.5282350844392,-197.325788407172));
#1350=CARTESIAN_POINT('Ctrl Pts',(-20.0054266001869,-17.8171652462952,-197.102609707917));
#1351=CARTESIAN_POINT('Ctrl Pts',(-19.422406310745,-18.9530308904486,-196.223416948234));
#1352=CARTESIAN_POINT('Ctrl Pts',(-18.9875828971381,-19.7964848964966,-195.566576269666));
#1353=CARTESIAN_POINT('Ctrl Pts',(-17.970217597116,-21.7611981713557,-194.027102419595));
#1354=CARTESIAN_POINT('Ctrl Pts',(-17.387779982474,-22.8792818619907,-193.143724660419));
#1355=CARTESIAN_POINT('Ctrl Pts',(-15.6411975027133,-26.2117093272138,-190.488559517262));
#1356=CARTESIAN_POINT('Ctrl Pts',(-14.4777807341734,-28.4042270009573,-188.711739782977));
#1357=CARTESIAN_POINT('Ctrl Pts',(-10.9907175681217,-34.8918395006965,-183.361217823009));
#1358=CARTESIAN_POINT('Ctrl Pts',(-8.67020987147568,-39.0969401429208,-179.767457204083));
#1359=CARTESIAN_POINT('Ctrl Pts',(-1.72496626784916,-51.3328627869827,-168.906560981975));
#1360=CARTESIAN_POINT('Ctrl Pts',(2.88511384337766,-58.9841497793328,-161.565297293547));
#1361=CARTESIAN_POINT('Ctrl Pts',(8.04073500304792,-67.001220811311,-153.139798984955));
#1362=CARTESIAN_POINT('Ctrl Pts',(8.6287162634862,-67.9075764512689,-152.175455153535));
#1363=CARTESIAN_POINT('Ctrl Pts',(13.1830950231392,-74.8666153065267,-144.676354853574));
#1364=CARTESIAN_POINT('Ctrl Pts',(17.1121764526671,-80.504862393863,-138.032258957098));
#1365=CARTESIAN_POINT('Ctrl Pts',(25.3940665090354,-91.7008113592162,-123.462431145956));
#1366=CARTESIAN_POINT('Ctrl Pts',(29.7233183397518,-97.1219827483709,-115.491202248721));
#1367=CARTESIAN_POINT('Ctrl Pts',(35.3582310802701,-103.735659876232,-104.334398167013));
#1368=CARTESIAN_POINT('Ctrl Pts',(36.8131084294922,-105.400852371529,-101.377693518075));
#1369=CARTESIAN_POINT('Ctrl Pts',(40.8390041241073,-109.905063261155,-92.9467340314261));
#1370=CARTESIAN_POINT('Ctrl Pts',(43.3517333913294,-112.592444231543,-87.3873635633918));
#1371=CARTESIAN_POINT('Ctrl Pts',(49.4907245296875,-118.935316776793,-72.8380717618004));
#1372=CARTESIAN_POINT('Ctrl Pts',(52.9672701783415,-122.308125070717,-63.6433614003239));
#1373=CARTESIAN_POINT('Ctrl Pts',(57.6855735523444,-126.774382186433,-49.2146074802551));
#1374=CARTESIAN_POINT('Ctrl Pts',(59.1758101474956,-128.164742459541,-44.2991917187433));
#1375=CARTESIAN_POINT('Ctrl Pts',(61.9764656576345,-130.773921150052,-34.2427365146811));
#1376=CARTESIAN_POINT('Ctrl Pts',(63.2868509898169,-131.992804394642,-29.1016711065302));
#1377=CARTESIAN_POINT('Ctrl Pts',(64.8057402311667,-133.425036992039,-22.5282542899477));
#1378=CARTESIAN_POINT('Ctrl Pts',(65.1035748439597,-133.706912117986,-21.2062282274359));
#1379=CARTESIAN_POINT('Ctrl Pts',(65.4908254228104,-134.075135298919,-19.4421349104546));
#1380=CARTESIAN_POINT('Ctrl Pts',(65.5856024116957,-134.165397047286,-19.0066715360783));
#1381=CARTESIAN_POINT('Ctrl Pts',(65.7295531834944,-134.302720497276,-18.3395415402937));
#1382=CARTESIAN_POINT('Ctrl Pts',(65.7791902194527,-134.350114821297,-18.1084450871823));
#1383=CARTESIAN_POINT('Ctrl Pts',(65.9715553137768,-134.533959081737,-17.208714107539));
#1384=CARTESIAN_POINT('Ctrl Pts',(66.1129569022978,-134.66946501651,-16.538447702603));
#1385=CARTESIAN_POINT('Ctrl Pts',(66.8124013951613,-135.341746502468,-13.177821989608));
#1386=CARTESIAN_POINT('Ctrl Pts',(67.3477383851663,-135.862787206124,-10.45956742526));
#1387=CARTESIAN_POINT('Ctrl Pts',(68.8803497408117,-137.379720672803,-2.21494663850947));
#1388=CARTESIAN_POINT('Ctrl Pts',(69.8039730499508,-138.329625157788,3.40148873472591));
#1389=CARTESIAN_POINT('Ctrl Pts',(70.6302408993169,-139.22727411575,9.13714488706385));
#1390=CARTESIAN_POINT('Ctrl Pts',(-11.3923346901499,-15.5686794810378,-198.70401031626));
#1391=CARTESIAN_POINT('Ctrl Pts',(-11.2421811264658,-15.8601006417066,-198.481092681703));
#1392=CARTESIAN_POINT('Ctrl Pts',(-11.0920446518211,-16.1510695157841,-198.258069459414));
#1393=CARTESIAN_POINT('Ctrl Pts',(-10.5009500881936,-17.2949710251456,-197.379499891172));
#1394=CARTESIAN_POINT('Ctrl Pts',(-10.0601233598919,-18.1444385346431,-196.723148242681));
#1395=CARTESIAN_POINT('Ctrl Pts',(-9.02875804706927,-20.1232680520553,-195.184876469106));
#1396=CARTESIAN_POINT('Ctrl Pts',(-8.43834085241424,-21.2494688180465,-194.302231353391));
#1397=CARTESIAN_POINT('Ctrl Pts',(-6.66794370159791,-24.6063401740477,-191.649399684787));
#1398=CARTESIAN_POINT('Ctrl Pts',(-5.48881589729339,-26.8152776344571,-189.874316750756));
#1399=CARTESIAN_POINT('Ctrl Pts',(-1.95518225125763,-33.3524771361418,-184.529561899143));
#1400=CARTESIAN_POINT('Ctrl Pts',(0.395623425318573,-37.5910836725195,-180.940417499127));
#1401=CARTESIAN_POINT('Ctrl Pts',(7.4289621721374,-49.9282504023612,-170.095220146306));
#1402=CARTESIAN_POINT('Ctrl Pts',(12.0943553886553,-57.6480427541458,-162.768167504687));
#1403=CARTESIAN_POINT('Ctrl Pts',(17.304979800093,-65.7386436570458,-154.346482099232));
#1404=CARTESIAN_POINT('Ctrl Pts',(17.89912861469,-66.6533552462421,-153.382421759881));
#1405=CARTESIAN_POINT('Ctrl Pts',(22.5004941272869,-73.6769784257759,-145.884802846668));
#1406=CARTESIAN_POINT('Ctrl Pts',(26.4661653706605,-79.3705182225018,-139.24105678455));
#1407=CARTESIAN_POINT('Ctrl Pts',(34.8172052720589,-90.67829435972,-124.674045440662));
#1408=CARTESIAN_POINT('Ctrl Pts',(39.1774410668604,-96.1553978318462,-116.706248937578));
#1409=CARTESIAN_POINT('Ctrl Pts',(44.8433222610954,-102.837096177062,-105.555414036886));
#1410=CARTESIAN_POINT('Ctrl Pts',(46.3052769751432,-104.519385392271,-102.600325800709));
#1411=CARTESIAN_POINT('Ctrl Pts',(50.3478432801879,-109.069494336193,-94.1735442954889));
#1412=CARTESIAN_POINT('Ctrl Pts',(52.8674940387961,-111.783818722582,-88.6164259665383));
#1413=CARTESIAN_POINT('Ctrl Pts',(59.0126689568234,-118.188140691622,-74.0686715506166));
#1414=CARTESIAN_POINT('Ctrl Pts',(62.4820444376556,-121.591340106026,-64.8708036469744));
#1415=CARTESIAN_POINT('Ctrl Pts',(67.17122935353,-126.094265260537,-50.4256376029712));
#1416=CARTESIAN_POINT('Ctrl Pts',(68.6487294149886,-127.49539666829,-45.5028318444823));
#1417=CARTESIAN_POINT('Ctrl Pts',(71.4178912397955,-130.123850500524,-35.4272458355278));
#1418=CARTESIAN_POINT('Ctrl Pts',(72.7095212472725,-131.351240376943,-30.2744398471824));
#1419=CARTESIAN_POINT('Ctrl Pts',(74.2013629617155,-132.79320875398,-23.6835064401801));
#1420=CARTESIAN_POINT('Ctrl Pts',(74.4936083398337,-133.076986499053,-22.3578357672587));
#1421=CARTESIAN_POINT('Ctrl Pts',(74.8732074257908,-133.447684562821,-20.5887186030235));
#1422=CARTESIAN_POINT('Ctrl Pts',(74.9660801725004,-133.538552109652,-20.1520022438909));
#1423=CARTESIAN_POINT('Ctrl Pts',(75.1070901807838,-133.676796197921,-19.4829330720781));
#1424=CARTESIAN_POINT('Ctrl Pts',(75.1557042350205,-133.724508073519,-19.251161296987));
#1425=CARTESIAN_POINT('Ctrl Pts',(75.3440699372544,-133.909583514445,-18.34878716315));
#1426=CARTESIAN_POINT('Ctrl Pts',(75.4824565174169,-134.04599559305,-17.6765218626007));
#1427=CARTESIAN_POINT('Ctrl Pts',(76.1666086881652,-134.722769704773,-14.3057255877029));
#1428=CARTESIAN_POINT('Ctrl Pts',(76.6890164405962,-135.247282598042,-11.5787706320707));
#1429=CARTESIAN_POINT('Ctrl Pts',(78.1808335319749,-136.774437098314,-3.30638352472754));
#1430=CARTESIAN_POINT('Ctrl Pts',(79.0745709891618,-137.730908932351,2.33079115881429));
#1431=CARTESIAN_POINT('Ctrl Pts',(79.8685375543206,-138.635268674481,8.08927121451798));
#1432=CARTESIAN_POINT('Ctrl Pts',(28.7119103741327,-7.42658599967325,-203.907370342593));
#1433=CARTESIAN_POINT('Ctrl Pts',(28.871778743079,-7.72778339349749,-203.684939776206));
#1434=CARTESIAN_POINT('Ctrl Pts',(29.0316197055662,-8.02854018641508,-203.4624096263));
#1435=CARTESIAN_POINT('Ctrl Pts',(29.6608841865017,-9.21102714634164,-202.5858048209));
#1436=CARTESIAN_POINT('Ctrl Pts',(30.1300959395889,-10.0893804155429,-201.930970038289));
#1437=CARTESIAN_POINT('Ctrl Pts',(31.2276681169512,-12.1360403570068,-200.396361627738));
#1438=CARTESIAN_POINT('Ctrl Pts',(31.8558301672014,-13.3012625997493,-199.515901679669));
#1439=CARTESIAN_POINT('Ctrl Pts',(33.7388992036161,-16.7756889180176,-196.869860695075));
#1440=CARTESIAN_POINT('Ctrl Pts',(34.9923917094676,-19.0636522595775,-195.099622448979));
#1441=CARTESIAN_POINT('Ctrl Pts',(38.7465240655672,-25.8396047690152,-189.770027493595));
#1442=CARTESIAN_POINT('Ctrl Pts',(41.2408790415737,-30.2396540833153,-186.191942726715));
#1443=CARTESIAN_POINT('Ctrl Pts',(48.6914694948427,-43.0643887289544,-175.377002338183));
#1444=CARTESIAN_POINT('Ctrl Pts',(53.6162183110737,-51.1117852547244,-168.057947861986));
#1445=CARTESIAN_POINT('Ctrl Pts',(59.0914029853864,-59.5668501529455,-159.632778836254));
#1446=CARTESIAN_POINT('Ctrl Pts',(59.7153860711804,-60.5231554504485,-158.668423209055));
#1447=CARTESIAN_POINT('Ctrl Pts',(64.5453780122529,-67.8692972253163,-151.170759101665));
#1448=CARTESIAN_POINT('Ctrl Pts',(68.6939200920767,-73.8432060960357,-144.540302824665));
#1449=CARTESIAN_POINT('Ctrl Pts',(77.3905226451744,-85.7203745067674,-129.992379145829));
#1450=CARTESIAN_POINT('Ctrl Pts',(81.9075340327829,-91.4827713765693,-122.036797497536));
#1451=CARTESIAN_POINT('Ctrl Pts',(87.732765017934,-98.5087471965412,-110.900935615905));
#1452=CARTESIAN_POINT('Ctrl Pts',(89.2314649249958,-100.277332040615,-107.94939569916));
#1453=CARTESIAN_POINT('Ctrl Pts',(93.3615277766891,-105.058255137098,-99.5294451258857));
#1454=CARTESIAN_POINT('Ctrl Pts',(95.9188340463984,-107.90701066252,-93.9730316861159));
#1455=CARTESIAN_POINT('Ctrl Pts',(102.102317127619,-114.614206528045,-79.40380389122));
#1456=CARTESIAN_POINT('Ctrl Pts',(105.539854916299,-118.163138254801,-70.1702490906644));
#1457=CARTESIAN_POINT('Ctrl Pts',(110.086433193998,-122.835186238109,-55.6119820726697));
#1458=CARTESIAN_POINT('Ctrl Pts',(111.500761183162,-124.284656652822,-50.6416808614129));
#1459=CARTESIAN_POINT('Ctrl Pts',(114.112523696687,-126.99731277937,-40.4494042229016));
#1460=CARTESIAN_POINT('Ctrl Pts',(115.309935977761,-128.260585118251,-35.2274045959797));
#1461=CARTESIAN_POINT('Ctrl Pts',(116.665623709376,-129.742507323464,-28.536164779616));
#1462=CARTESIAN_POINT('Ctrl Pts',(116.929722182312,-130.034032453825,-27.1897461148951));
#1463=CARTESIAN_POINT('Ctrl Pts',(117.270779866725,-130.414738896828,-25.3921918951853));
#1464=CARTESIAN_POINT('Ctrl Pts',(117.354060029727,-130.508050590105,-24.9483957347533));
#1465=CARTESIAN_POINT('Ctrl Pts',(117.480255150284,-130.650000850493,-24.2683888503903));
#1466=CARTESIAN_POINT('Ctrl Pts',(117.523715505737,-130.698989564069,-24.0328114897853));
#1467=CARTESIAN_POINT('Ctrl Pts',(117.691932092566,-130.889009727218,-23.1155562070759));
#1468=CARTESIAN_POINT('Ctrl Pts',(117.815127849872,-131.029048805792,-22.4320659944951));
#1469=CARTESIAN_POINT('Ctrl Pts',(118.42222871141,-131.723749742613,-19.0043017864549));
#1470=CARTESIAN_POINT('Ctrl Pts',(118.879482560977,-132.261938762228,-16.2290708764301));
#1471=CARTESIAN_POINT('Ctrl Pts',(120.165835291495,-133.82903588473,-7.80401285675565));
#1472=CARTESIAN_POINT('Ctrl Pts',(120.909217566684,-134.810751617631,-2.05456536488814));
#1473=CARTESIAN_POINT('Ctrl Pts',(121.541227551601,-135.741001557919,3.82558754391993));
#1474=CARTESIAN_POINT('Ctrl Pts',(60.4180474674944,0.638315109838544,-208.029010266694));
#1475=CARTESIAN_POINT('Ctrl Pts',(60.5868970393018,0.32753475881313,-207.806275016833));
#1476=CARTESIAN_POINT('Ctrl Pts',(60.7557107356235,0.017178681978635,-207.583429186408));
#1477=CARTESIAN_POINT('Ctrl Pts',(61.4202711069094,-1.20316922143171,-206.705537250385));
#1478=CARTESIAN_POINT('Ctrl Pts',(61.9157396913323,-2.10990771192334,-206.049645478015));
#1479=CARTESIAN_POINT('Ctrl Pts',(63.074575314593,-4.22331988533538,-204.512324623404));
#1480=CARTESIAN_POINT('Ctrl Pts',(63.7376797270807,-5.42701767274857,-203.630127903768));
#1481=CARTESIAN_POINT('Ctrl Pts',(65.7251008114874,-9.01757668497883,-200.978292431138));
#1482=CARTESIAN_POINT('Ctrl Pts',(67.047527620813,-11.3839038083995,-199.203409054248));
#1483=CARTESIAN_POINT('Ctrl Pts',(71.0062462894635,-18.3975228195441,-193.857341770946));
#1484=CARTESIAN_POINT('Ctrl Pts',(73.634019506147,-22.9594438376323,-190.264753872851));
#1485=CARTESIAN_POINT('Ctrl Pts',(81.4738002828657,-36.2779771877862,-179.397426053249));
#1486=CARTESIAN_POINT('Ctrl Pts',(86.6433216691908,-44.6666165005347,-172.033507120606));
#1487=CARTESIAN_POINT('Ctrl Pts',(92.3751674397601,-53.510949777402,-163.570354031653));
#1488=CARTESIAN_POINT('Ctrl Pts',(93.0281522753094,-54.5117228550575,-162.601697431519));
#1489=CARTESIAN_POINT('Ctrl Pts',(98.0805412741222,-62.2025100516396,-155.070264717697));
#1490=CARTESIAN_POINT('Ctrl Pts',(102.407903149677,-68.4754581401889,-148.409038996671));
#1491=CARTESIAN_POINT('Ctrl Pts',(111.454290239497,-80.9705023553656,-133.828967170832));
#1492=CARTESIAN_POINT('Ctrl Pts',(116.135816855995,-87.0457637173851,-125.868629138464));
#1493=CARTESIAN_POINT('Ctrl Pts',(122.127725791497,-94.439618905317,-114.712871513674));
#1494=CARTESIAN_POINT('Ctrl Pts',(123.664847436693,-96.2995080931007,-111.754930847371));
#1495=CARTESIAN_POINT('Ctrl Pts',(127.885962475114,-101.321498304725,-103.31115773479));
#1496=CARTESIAN_POINT('Ctrl Pts',(130.48177160784,-104.306715124164,-97.7325520272729));
#1497=CARTESIAN_POINT('Ctrl Pts',(136.702014908394,-111.310035217518,-83.0769738854137));
#1498=CARTESIAN_POINT('Ctrl Pts',(140.103456296888,-114.989270664833,-73.7624300323872));
#1499=CARTESIAN_POINT('Ctrl Pts',(144.501200232823,-119.796630627788,-59.0200629246952));
#1500=CARTESIAN_POINT('Ctrl Pts',(145.850307013654,-121.281452889919,-53.9780688403179));
#1501=CARTESIAN_POINT('Ctrl Pts',(148.30059700981,-124.05006320707,-43.6201398827749));
#1502=CARTESIAN_POINT('Ctrl Pts',(149.401748488914,-125.333960888534,-38.3041704358638));
#1503=CARTESIAN_POINT('Ctrl Pts',(150.618226488283,-126.835850211049,-31.4814846446583));
#1504=CARTESIAN_POINT('Ctrl Pts',(150.853540995839,-127.131078683934,-30.1080817401593));
#1505=CARTESIAN_POINT('Ctrl Pts',(151.155168783208,-127.516371234775,-28.2738084859611));
#1506=CARTESIAN_POINT('Ctrl Pts',(151.228633967322,-127.610786511792,-27.8208913086148));
#1507=CARTESIAN_POINT('Ctrl Pts',(151.339668480251,-127.754386248539,-27.1268246310379));
#1508=CARTESIAN_POINT('Ctrl Pts',(151.377854462906,-127.803938812457,-26.8863611094319));
#1509=CARTESIAN_POINT('Ctrl Pts',(151.525448437344,-127.996125798934,-25.9500213406506));
#1510=CARTESIAN_POINT('Ctrl Pts',(151.63309274877,-128.137718126475,-25.252182775952));
#1511=CARTESIAN_POINT('Ctrl Pts',(152.161291580648,-128.839929319797,-21.7518323031639));
#1512=CARTESIAN_POINT('Ctrl Pts',(152.551756295702,-129.383308608315,-18.915825474451));
#1513=CARTESIAN_POINT('Ctrl Pts',(153.627199245581,-130.96451364096,-10.3007218357275));
#1514=CARTESIAN_POINT('Ctrl Pts',(154.215852447851,-131.953727497914,-4.41423296623457));
#1515=CARTESIAN_POINT('Ctrl Pts',(154.680929808531,-132.891881321079,1.61156453231126));
#1516=CARTESIAN_POINT('Ctrl Pts',(107.759064699134,17.5692270472006,-213.529082103662));
#1517=CARTESIAN_POINT('Ctrl Pts',(107.94503324082,17.2436473619924,-213.306568453207));
#1518=CARTESIAN_POINT('Ctrl Pts',(108.130972893069,16.9184449256823,-213.083933651469));
#1519=CARTESIAN_POINT('Ctrl Pts',(108.862993287252,15.6394538630316,-212.206830273622));
#1520=CARTESIAN_POINT('Ctrl Pts',(109.408847436947,14.6885589066524,-211.551433937358));
#1521=CARTESIAN_POINT('Ctrl Pts',(110.685728602807,12.4708434647804,-210.015044197789));
#1522=CARTESIAN_POINT('Ctrl Pts',(111.416534508852,11.206672570221,-209.13320538068));
#1523=CARTESIAN_POINT('Ctrl Pts',(113.607294430925,7.43247126082262,-206.481884127376));
#1524=CARTESIAN_POINT('Ctrl Pts',(115.065593615538,4.94075022277319,-204.706596999284));
#1525=CARTESIAN_POINT('Ctrl Pts',(119.432472813854,-2.45801538382194,-199.356829078171));
#1526=CARTESIAN_POINT('Ctrl Pts',(122.333086990445,-7.28869273104626,-195.758440768696));
#1527=CARTESIAN_POINT('Ctrl Pts',(130.990057005385,-21.4488362724167,-184.862125773118));
#1528=CARTESIAN_POINT('Ctrl Pts',(136.702632034451,-30.4467496625247,-177.463061152728));
#1529=CARTESIAN_POINT('Ctrl Pts',(143.033525640705,-40.0202804006849,-168.941458412));
#1530=CARTESIAN_POINT('Ctrl Pts',(143.754711154688,-41.1049088972644,-167.965859591859));
#1531=CARTESIAN_POINT('Ctrl Pts',(149.334355405836,-49.4503419903163,-160.378559310928));
#1532=CARTESIAN_POINT('Ctrl Pts',(154.110314496928,-56.3191655087507,-153.655517666714));
#1533=CARTESIAN_POINT('Ctrl Pts',(164.084761950797,-70.1020486426541,-138.934677154885));
#1534=CARTESIAN_POINT('Ctrl Pts',(169.246640119569,-76.8709041257478,-130.90434980246));
#1535=CARTESIAN_POINT('Ctrl Pts',(175.818585711361,-85.1401016332904,-119.648989749789));
#1536=CARTESIAN_POINT('Ctrl Pts',(177.500444734646,-87.2231281666633,-116.66375397134));
#1537=CARTESIAN_POINT('Ctrl Pts',(182.098414410497,-92.8479435792775,-108.132912671363));
#1538=CARTESIAN_POINT('Ctrl Pts',(184.901360431406,-96.1915946819164,-102.486255142496));
#1539=CARTESIAN_POINT('Ctrl Pts',(191.488793133947,-103.993972917869,-87.5791756195714));
#1540=CARTESIAN_POINT('Ctrl Pts',(194.955136161415,-108.045893762035,-78.0336911306083));
#1541=CARTESIAN_POINT('Ctrl Pts',(199.101910134455,-113.226830969403,-62.7564906916587));
#1542=CARTESIAN_POINT('Ctrl Pts',(200.310603750411,-114.806459103453,-57.5057605032612));
#1543=CARTESIAN_POINT('Ctrl Pts',(202.370003108892,-117.716780105706,-46.6718251034046));
#1544=CARTESIAN_POINT('Ctrl Pts',(203.220818897462,-119.047739262081,-41.0886785134899));
#1545=CARTESIAN_POINT('Ctrl Pts',(204.067620569997,-120.590032890928,-33.9028608927373));
#1546=CARTESIAN_POINT('Ctrl Pts',(204.22619232545,-120.892429873483,-32.4553916895967));
#1547=CARTESIAN_POINT('Ctrl Pts',(204.422525957282,-121.286226351066,-30.521087398308));
#1548=CARTESIAN_POINT('Ctrl Pts',(204.469768066115,-121.382655751454,-30.0433818242738));
#1549=CARTESIAN_POINT('Ctrl Pts',(204.540286965526,-121.529219383118,-29.3111999289412));
#1550=CARTESIAN_POINT('Ctrl Pts',(204.56437568608,-121.57977639506,-29.0575076651967));
#1551=CARTESIAN_POINT('Ctrl Pts',(204.656846093349,-121.775790562226,-28.0695679179296));
#1552=CARTESIAN_POINT('Ctrl Pts',(204.722913837984,-121.920055049543,-27.3330826414982));
#1553=CARTESIAN_POINT('Ctrl Pts',(205.040239316233,-122.63486516037,-23.6380168273207));
#1554=CARTESIAN_POINT('Ctrl Pts',(205.252429275695,-123.185896129832,-20.6414912075551));
#1555=CARTESIAN_POINT('Ctrl Pts',(205.769711678169,-124.786151856786,-11.5339218427695));
#1556=CARTESIAN_POINT('Ctrl Pts',(205.955209959441,-125.783207767729,-5.30461031198947));
#1557=CARTESIAN_POINT('Ctrl Pts',(206.00047902171,-126.730500267368,1.06950299490674));
#1558=CARTESIAN_POINT('Ctrl Pts',(123.488127869825,24.0288434546721,-215.245618623802));
#1559=CARTESIAN_POINT('Ctrl Pts',(123.680405511889,23.6983190831523,-215.023306465378));
#1560=CARTESIAN_POINT('Ctrl Pts',(123.87266014191,23.3681528798506,-214.800870274932));
#1561=CARTESIAN_POINT('Ctrl Pts',(124.629568669934,22.069541508095,-213.924537312712));
#1562=CARTESIAN_POINT('Ctrl Pts',(125.194040365886,21.1038437637744,-213.26969027871));
#1563=CARTESIAN_POINT('Ctrl Pts',(126.514608294173,18.8510912959009,-211.734522383001));
#1564=CARTESIAN_POINT('Ctrl Pts',(127.270522164455,17.5665526294232,-210.853334409238));
#1565=CARTESIAN_POINT('Ctrl Pts',(129.536855552934,13.7303300897779,-208.203805508058));
#1566=CARTESIAN_POINT('Ctrl Pts',(131.045870234855,11.1960371259297,-206.429499882665));
#1567=CARTESIAN_POINT('Ctrl Pts',(135.565780993445,3.66578331606844,-201.081923319536));
#1568=CARTESIAN_POINT('Ctrl Pts',(138.569603675599,-1.25759620802793,-197.48399437309));
#1569=CARTESIAN_POINT('Ctrl Pts',(147.538593998399,-15.7113784674482,-186.585051003287));
#1570=CARTESIAN_POINT('Ctrl Pts',(153.462472784266,-24.9261791384149,-179.178853408866));
#1571=CARTESIAN_POINT('Ctrl Pts',(160.030607231151,-34.7655055674778,-170.63995559942));
#1572=CARTESIAN_POINT('Ctrl Pts',(160.77886312419,-35.8807854493266,-169.662247072574));
#1573=CARTESIAN_POINT('Ctrl Pts',(166.568246423188,-44.4661906895647,-162.057506654268));
#1574=CARTESIAN_POINT('Ctrl Pts',(171.525348649766,-51.5574961626744,-155.312526610612));
#1575=CARTESIAN_POINT('Ctrl Pts',(181.879356252958,-65.8307804708573,-140.532599989967));
#1576=CARTESIAN_POINT('Ctrl Pts',(187.241117352462,-72.870416860341,-132.466515926893));
#1577=CARTESIAN_POINT('Ctrl Pts',(194.065431612248,-81.4891171463742,-121.166328790852));
#1578=CARTESIAN_POINT('Ctrl Pts',(195.811227627453,-83.6619104712029,-118.169085368397));
#1579=CARTESIAN_POINT('Ctrl Pts',(200.578148927273,-89.5306502799179,-109.600687567739));
#1580=CARTESIAN_POINT('Ctrl Pts',(203.477108301327,-93.0210688532032,-103.925444845264));
#1581=CARTESIAN_POINT('Ctrl Pts',(210.242207347275,-101.152196937732,-88.913360517219));
#1582=CARTESIAN_POINT('Ctrl Pts',(213.749769736524,-105.358787932678,-79.2716444253913));
#1583=CARTESIAN_POINT('Ctrl Pts',(217.806462761212,-110.692941315877,-63.7709954234102));
#1584=CARTESIAN_POINT('Ctrl Pts',(218.96051311635,-112.31107784214,-58.4330450503219));
#1585=CARTESIAN_POINT('Ctrl Pts',(220.863459799352,-115.278143169671,-47.4007936915234));
#1586=CARTESIAN_POINT('Ctrl Pts',(221.612536633173,-116.627416063224,-41.7065965253657));
#1587=CARTESIAN_POINT('Ctrl Pts',(222.308411889247,-118.184887405991,-34.37078940719));
#1588=CARTESIAN_POINT('Ctrl Pts',(222.435624243687,-118.489937836662,-32.8927717515723));
#1589=CARTESIAN_POINT('Ctrl Pts',(222.588911925842,-118.886834628694,-30.917280294414));
#1590=CARTESIAN_POINT('Ctrl Pts',(222.625432099457,-118.983994049769,-30.4293738225989));
#1591=CARTESIAN_POINT('Ctrl Pts',(222.679383595205,-119.131625658675,-29.6815157931063));
#1592=CARTESIAN_POINT('Ctrl Pts',(222.697707453705,-119.182543405139,-29.422384415159));
#1593=CARTESIAN_POINT('Ctrl Pts',(222.767635035995,-119.379927503091,-28.4132354434534));
#1594=CARTESIAN_POINT('Ctrl Pts',(222.816698137524,-119.525138510735,-27.6608791933695));
#1595=CARTESIAN_POINT('Ctrl Pts',(223.047776291572,-120.244364939027,-23.8859259592158));
#1596=CARTESIAN_POINT('Ctrl Pts',(223.187047629411,-120.797921514397,-20.823784557232));
#1597=CARTESIAN_POINT('Ctrl Pts',(223.476358270414,-122.404164240011,-11.5158553489305));
#1598=CARTESIAN_POINT('Ctrl Pts',(223.497617451963,-123.403243979633,-5.14831548623175));
#1599=CARTESIAN_POINT('Ctrl Pts',(223.373261105511,-124.353174876909,1.36445309804808));
#1600=CARTESIAN_POINT('Ctrl Pts',(154.39878735662,39.0036597696405,-218.176276827827));
#1601=CARTESIAN_POINT('Ctrl Pts',(154.604370043058,38.664402143846,-217.954451960695));
#1602=CARTESIAN_POINT('Ctrl Pts',(154.809950636141,38.3254619965946,-217.732500262159));
#1603=CARTESIAN_POINT('Ctrl Pts',(155.61941255188,36.9921418890173,-216.858063535579));
#1604=CARTESIAN_POINT('Ctrl Pts',(156.223271348941,36.0001967696522,-216.204606070192));
#1605=CARTESIAN_POINT('Ctrl Pts',(157.636444893358,33.685170051834,-214.672624953069));
#1606=CARTESIAN_POINT('Ctrl Pts',(158.445721315816,32.3643171046851,-213.793211945893));
#1607=CARTESIAN_POINT('Ctrl Pts',(160.873116340167,28.4171561352781,-211.148835325065));
#1608=CARTESIAN_POINT('Ctrl Pts',(162.490804797194,25.8062430436241,-209.377735028783));
#1609=CARTESIAN_POINT('Ctrl Pts',(167.340608592609,18.0377462830761,-204.038888295037));
#1610=CARTESIAN_POINT('Ctrl Pts',(170.56953803953,12.9443482643909,-200.445610920559));
#1611=CARTESIAN_POINT('Ctrl Pts',(180.228692993409,-2.05591976240047,-189.555122561717));
#1612=CARTESIAN_POINT('Ctrl Pts',(186.632878496882,-11.684186693086,-182.147508761853));
#1613=CARTESIAN_POINT('Ctrl Pts',(193.759620327792,-22.0494502096644,-173.589723038916));
#1614=CARTESIAN_POINT('Ctrl Pts',(194.571898229763,-23.2256470389059,-172.609597432491));
#1615=CARTESIAN_POINT('Ctrl Pts',(200.859550319767,-32.2901964725704,-164.983915936812));
#1616=CARTESIAN_POINT('Ctrl Pts',(206.260602115861,-39.8387181136095,-158.207546946368));
#1617=CARTESIAN_POINT('Ctrl Pts',(217.572192362352,-55.16264686205,-143.318720311905));
#1618=CARTESIAN_POINT('Ctrl Pts',(223.447843980548,-62.8071332543868,-135.165609890152));
#1619=CARTESIAN_POINT('Ctrl Pts',(230.959964001801,-72.2508768962269,-123.740775133687));
#1620=CARTESIAN_POINT('Ctrl Pts',(232.884874837958,-74.6399876489007,-120.710209761356));
#1621=CARTESIAN_POINT('Ctrl Pts',(238.143111453909,-81.1093150221355,-112.041674665474));
#1622=CARTESIAN_POINT('Ctrl Pts',(241.34494037269,-84.9770738276542,-106.295081305358));
#1623=CARTESIAN_POINT('Ctrl Pts',(248.741891229513,-93.985970426014,-91.0245391505945));
#1624=CARTESIAN_POINT('Ctrl Pts',(252.490774795952,-98.6399619173412,-81.1445563214147));
#1625=CARTESIAN_POINT('Ctrl Pts',(256.42886231275,-104.429074223059,-65.061751792779));
#1626=CARTESIAN_POINT('Ctrl Pts',(257.464695359048,-106.16416019503,-59.4939662036992));
#1627=CARTESIAN_POINT('Ctrl Pts',(258.976088841337,-109.30435309569,-47.9401203339261));
#1628=CARTESIAN_POINT('Ctrl Pts',(259.452251526599,-110.710067498579,-41.9544641344152));
#1629=CARTESIAN_POINT('Ctrl Pts',(259.737573955802,-112.315305223617,-34.2318591751888));
#1630=CARTESIAN_POINT('Ctrl Pts',(259.779279889933,-112.62879260176,-32.6753822615359));
#1631=CARTESIAN_POINT('Ctrl Pts',(259.815201446333,-113.035689916853,-30.5946282886403));
#1632=CARTESIAN_POINT('Ctrl Pts',(259.822488399425,-113.135217197654,-30.0806925107295));
#1633=CARTESIAN_POINT('Ctrl Pts',(259.831280471659,-113.28633403028,-29.292900943693));
#1634=CARTESIAN_POINT('Ctrl Pts',(259.833892535652,-113.338433049522,-29.0199260778697));
#1635=CARTESIAN_POINT('Ctrl Pts',(259.842392962208,-113.540319381923,-27.9568446287649));
#1636=CARTESIAN_POINT('Ctrl Pts',(259.845145607357,-113.688676769152,-27.1642346866921));
#1637=CARTESIAN_POINT('Ctrl Pts',(259.841586964821,-114.422774649074,-23.1872242459938));
#1638=CARTESIAN_POINT('Ctrl Pts',(259.783294119314,-114.985499658594,-19.9609234550485));
#1639=CARTESIAN_POINT('Ctrl Pts',(259.461510199715,-116.615615813137,-10.1584290686345));
#1640=CARTESIAN_POINT('Ctrl Pts',(259.051506359386,-117.626499540179,-3.45871793233906));
#1641=CARTESIAN_POINT('Ctrl Pts',(258.49624115194,-118.589919514622,3.37695072979266));
#1642=CARTESIAN_POINT('Ctrl Pts',(169.578428144886,47.5240671842692,-219.388702964857));
#1643=CARTESIAN_POINT('Ctrl Pts',(169.791015532407,47.1810425865762,-219.167165282919));
#1644=CARTESIAN_POINT('Ctrl Pts',(170.003616129488,46.8383139482583,-218.94550098581));
#1645=CARTESIAN_POINT('Ctrl Pts',(170.840779874699,45.4899911495115,-218.072196623332));
#1646=CARTESIAN_POINT('Ctrl Pts',(171.465437843466,44.4866661665333,-217.41958552344));
#1647=CARTESIAN_POINT('Ctrl Pts',(172.927605565326,42.1445553808296,-215.889586858501));
#1648=CARTESIAN_POINT('Ctrl Pts',(173.765184324708,40.8078449292892,-215.011310494892));
#1649=CARTESIAN_POINT('Ctrl Pts',(176.278226424941,36.8120372122016,-212.370340164861));
#1650=CARTESIAN_POINT('Ctrl Pts',(177.953999918042,34.1672608514304,-210.601506290694));
#1651=CARTESIAN_POINT('Ctrl Pts',(182.981124898924,26.2925731555779,-205.269373284715));
#1652=CARTESIAN_POINT('Ctrl Pts',(186.332363924187,21.1222478837182,-201.680467480783));
#1653=CARTESIAN_POINT('Ctrl Pts',(196.371385134816,5.87026699730699,-190.801915098091));
#1654=CARTESIAN_POINT('Ctrl Pts',(203.046373534529,-3.95382994437506,-183.400995313211));
#1655=CARTESIAN_POINT('Ctrl Pts',(210.497906408855,-14.5789817843537,-174.843721424602));
#1656=CARTESIAN_POINT('Ctrl Pts',(211.347547351163,-15.7854247492265,-173.863543735721));
#1657=CARTESIAN_POINT('Ctrl Pts',(217.927085384329,-25.0890823499069,-166.236466495878));
#1658=CARTESIAN_POINT('Ctrl Pts',(223.594925327017,-32.8728167054778,-159.45334535208));
#1659=CARTESIAN_POINT('Ctrl Pts',(235.494907783658,-48.7600746070883,-144.521978120695));
#1660=CARTESIAN_POINT('Ctrl Pts',(241.69186630857,-56.7425150564633,-136.324031851669));
#1661=CARTESIAN_POINT('Ctrl Pts',(249.641862390367,-66.6690374048995,-124.814493568674));
#1662=CARTESIAN_POINT('Ctrl Pts',(251.682579788281,-69.1867159957794,-121.760866603167));
#1663=CARTESIAN_POINT('Ctrl Pts',(257.267434282907,-76.0189369352939,-113.028717526324));
#1664=CARTESIAN_POINT('Ctrl Pts',(260.681291703185,-80.1222218868043,-107.242519568483));
#1665=CARTESIAN_POINT('Ctrl Pts',(268.542012774613,-89.6900885908712,-91.8232589033341));
#1666=CARTESIAN_POINT('Ctrl Pts',(272.488459307036,-94.6388369284541,-81.80148388751));
#1667=CARTESIAN_POINT('Ctrl Pts',(276.38213349197,-100.723008691742,-65.3590088955481));
#1668=CARTESIAN_POINT('Ctrl Pts',(277.348441842889,-102.533066879569,-59.6481385307463));
#1669=CARTESIAN_POINT('Ctrl Pts',(278.617746323416,-105.783243973394,-47.7692691331428));
#1670=CARTESIAN_POINT('Ctrl Pts',(278.921897685455,-107.224321439747,-41.601859718127));
#1671=CARTESIAN_POINT('Ctrl Pts',(278.947939204808,-108.85983595549,-33.6399065970031));
#1672=CARTESIAN_POINT('Ctrl Pts',(278.935612952941,-109.178691554235,-32.0349707613262));
#1673=CARTESIAN_POINT('Ctrl Pts',(278.897352931418,-109.591987403372,-29.889364651641));
#1674=CARTESIAN_POINT('Ctrl Pts',(278.886161637982,-109.693032858952,-29.359405102505));
#1675=CARTESIAN_POINT('Ctrl Pts',(278.866407603851,-109.846389355617,-28.5470515683693));
#1676=CARTESIAN_POINT('Ctrl Pts',(278.859087781581,-109.899248447562,-28.2655658642117));
#1677=CARTESIAN_POINT('Ctrl Pts',(278.828758062065,-110.104035511335,-27.169343030087));
#1678=CARTESIAN_POINT('Ctrl Pts',(278.802235779488,-110.25442847229,-26.3520310756221));
#1679=CARTESIAN_POINT('Ctrl Pts',(278.650364649068,-110.998191491173,-22.2512149143733));
#1680=CARTESIAN_POINT('Ctrl Pts',(278.46721430876,-111.567020178159,-18.9249326245457));
#1681=CARTESIAN_POINT('Ctrl Pts',(277.760204844194,-113.213535415212,-8.82375076102407));
#1682=CARTESIAN_POINT('Ctrl Pts',(277.079602852422,-114.233352025899,-1.92689090164142));
#1683=CARTESIAN_POINT('Ctrl Pts',(276.259351240683,-115.207674042535,5.09561008779954));
#1684=CARTESIAN_POINT('Ctrl Pts',(191.442186652799,62.0986682704793,-220.536133290237));
#1685=CARTESIAN_POINT('Ctrl Pts',(191.664549731712,61.7519011697426,-220.314433964197));
#1686=CARTESIAN_POINT('Ctrl Pts',(191.886951099725,61.4054026442726,-220.092608093369));
#1687=CARTESIAN_POINT('Ctrl Pts',(192.76280497907,60.0421269451122,-219.218667710737));
#1688=CARTESIAN_POINT('Ctrl Pts',(193.416545272966,59.027407835584,-218.565582512016));
#1689=CARTESIAN_POINT('Ctrl Pts',(194.947301832684,56.6580534982181,-217.034473533979));
#1690=CARTESIAN_POINT('Ctrl Pts',(195.824565410292,55.3052974113752,-216.155560722902));
#1691=CARTESIAN_POINT('Ctrl Pts',(198.457909696755,51.2599691480506,-213.512673648849));
#1692=CARTESIAN_POINT('Ctrl Pts',(200.215547856874,48.580334993599,-211.742552448723));
#1693=CARTESIAN_POINT('Ctrl Pts',(205.493603554334,40.5950663494646,-206.406470885784));
#1694=CARTESIAN_POINT('Ctrl Pts',(209.019240233502,35.343023754815,-202.814826487641));
#1695=CARTESIAN_POINT('Ctrl Pts',(219.605784315829,19.8176418876395,-191.927009940488));
#1696=CARTESIAN_POINT('Ctrl Pts',(226.678315514066,9.77383416135438,-184.518847058194));
#1697=CARTESIAN_POINT('Ctrl Pts',(234.624548690686,-1.15742119215541,-175.946944685323));
#1698=CARTESIAN_POINT('Ctrl Pts',(235.531354719447,-2.39967869776026,-174.96499400559));
#1699=CARTESIAN_POINT('Ctrl Pts',(242.559656546071,-11.9880791394667,-167.323231012759));
#1700=CARTESIAN_POINT('Ctrl Pts',(248.650321850024,-20.0606792856512,-160.522409762401));
#1701=CARTESIAN_POINT('Ctrl Pts',(261.529658542148,-36.6784966340313,-145.522831087275));
#1702=CARTESIAN_POINT('Ctrl Pts',(268.294157016746,-45.1205104800555,-137.269539406002));
#1703=CARTESIAN_POINT('Ctrl Pts',(277.054103310622,-55.7697281682575,-125.625133411843));
#1704=CARTESIAN_POINT('Ctrl Pts',(279.310540906895,-58.4859188252886,-122.530467184203));
#1705=CARTESIAN_POINT('Ctrl Pts',(285.515348661292,-65.8998553637507,-113.668868864077));
#1706=CARTESIAN_POINT('Ctrl Pts',(289.351680288824,-70.4061203684592,-107.78821728672));
#1707=CARTESIAN_POINT('Ctrl Pts',(298.287690169851,-81.0169540024146,-92.0718707856947));
#1708=CARTESIAN_POINT('Ctrl Pts',(302.895758056695,-86.6155169586916,-81.797800755522));
#1709=CARTESIAN_POINT('Ctrl Pts',(307.040683384267,-93.4465715658141,-64.6716229606799));
#1710=CARTESIAN_POINT('Ctrl Pts',(307.959641426296,-95.4657528935669,-58.6846783314238));
#1711=CARTESIAN_POINT('Ctrl Pts',(308.830308566163,-99.0347931906872,-46.1849907945419));
#1712=CARTESIAN_POINT('Ctrl Pts',(308.783741459731,-100.585329427337,-39.6740798441496));
#1713=CARTESIAN_POINT('Ctrl Pts',(308.261063147607,-102.316166746062,-31.2776802511383));
#1714=CARTESIAN_POINT('Ctrl Pts',(308.133798012183,-102.652132483443,-29.5856198518563));
#1715=CARTESIAN_POINT('Ctrl Pts',(307.938035772214,-103.086129648265,-27.3246856056631));
#1716=CARTESIAN_POINT('Ctrl Pts',(307.887634812721,-103.192114727044,-26.7663317489797));
#1717=CARTESIAN_POINT('Ctrl Pts',(307.807384662271,-103.352802780237,-25.910614398272));
#1718=CARTESIAN_POINT('Ctrl Pts',(307.779030699485,-103.408158417495,-25.6141322021363));
#1719=CARTESIAN_POINT('Ctrl Pts',(307.666534249882,-103.622506808623,-24.4596285344966));
#1720=CARTESIAN_POINT('Ctrl Pts',(307.578213075833,-103.77968279691,-23.5991253713238));
#1721=CARTESIAN_POINT('Ctrl Pts',(307.114446210167,-104.556038679572,-19.2831324653283));
#1722=CARTESIAN_POINT('Ctrl Pts',(306.672719675018,-105.146806661796,-15.7872778422558));
#1723=CARTESIAN_POINT('Ctrl Pts',(305.192344982482,-106.85564725128,-5.19303056880184));
#1724=CARTESIAN_POINT('Ctrl Pts',(304.003418581885,-107.914709285784,2.01052767162293));
#1725=CARTESIAN_POINT('Ctrl Pts',(302.716157071521,-108.926503805088,9.30965814026898));
#1726=CARTESIAN_POINT('Ctrl Pts',(198.57760255679,67.2545844653542,-220.805918401041));
#1727=CARTESIAN_POINT('Ctrl Pts',(198.80309158624,66.9068871018638,-220.584060349452));
#1728=CARTESIAN_POINT('Ctrl Pts',(199.028627512344,66.5594500312584,-220.36207567279));
#1729=CARTESIAN_POINT('Ctrl Pts',(199.916857947467,65.1924458248397,-219.487509653296));
#1730=CARTESIAN_POINT('Ctrl Pts',(200.579906558257,64.1748728494979,-218.833956968609));
#1731=CARTESIAN_POINT('Ctrl Pts',(202.132629325328,61.7986643196053,-217.301751772047));
#1732=CARTESIAN_POINT('Ctrl Pts',(203.022612327957,60.4418483656147,-216.422209515693));
#1733=CARTESIAN_POINT('Ctrl Pts',(205.694548026555,56.3839191342174,-213.777427964689));
#1734=CARTESIAN_POINT('Ctrl Pts',(207.478491040879,53.6953228247575,-212.006035681469));
#1735=CARTESIAN_POINT('Ctrl Pts',(212.837336884545,45.6813243436381,-206.666103278137));
#1736=CARTESIAN_POINT('Ctrl Pts',(216.419330066285,40.407676733378,-203.071843789392));
#1737=CARTESIAN_POINT('Ctrl Pts',(227.183739617971,24.8086571475166,-192.175867620975));
#1738=CARTESIAN_POINT('Ctrl Pts',(234.386533853313,14.7041280574052,-184.761931493894));
#1739=CARTESIAN_POINT('Ctrl Pts',(242.497750382548,3.6852452298669,-176.181849523184));
#1740=CARTESIAN_POINT('Ctrl Pts',(243.423661132177,2.43269745129107,-175.198938342553));
#1741=CARTESIAN_POINT('Ctrl Pts',(250.602283994978,-7.23783460359976,-167.549484576742));
#1742=CARTESIAN_POINT('Ctrl Pts',(256.836527919661,-15.3954697200376,-160.74073221799));
#1743=CARTESIAN_POINT('Ctrl Pts',(270.056164316211,-32.2357944378724,-145.71609474051));
#1744=CARTESIAN_POINT('Ctrl Pts',(277.022719212449,-40.8215208874574,-137.445154152094));
#1745=CARTESIAN_POINT('Ctrl Pts',(286.078778335942,-51.709432374452,-125.756094492339));
#1746=CARTESIAN_POINT('Ctrl Pts',(288.414766643027,-54.4922248833537,-122.647598782127));
#1747=CARTESIAN_POINT('Ctrl Pts',(294.849316686541,-62.104696395292,-113.738879042135));
#1748=CARTESIAN_POINT('Ctrl Pts',(298.841841464813,-66.7524870884749,-107.819446193403));
#1749=CARTESIAN_POINT('Ctrl Pts',(308.199156539785,-77.7443670343521,-91.990622351173));
#1750=CARTESIAN_POINT('Ctrl Pts',(313.094504025094,-83.5960958268325,-81.6263888620505));
#1751=CARTESIAN_POINT('Ctrl Pts',(317.380912038546,-90.7301263609744,-64.2481903051193));
#1752=CARTESIAN_POINT('Ctrl Pts',(318.294125371959,-92.8360540822496,-58.1588979622026));
#1753=CARTESIAN_POINT('Ctrl Pts',(319.025070197478,-96.5379611776004,-45.4298483457077));
#1754=CARTESIAN_POINT('Ctrl Pts',(318.844944698881,-98.1344653346787,-38.7924946544535));
#1755=CARTESIAN_POINT('Ctrl Pts',(318.111509514005,-99.9055896695827,-30.2387424540329));
#1756=CARTESIAN_POINT('Ctrl Pts',(317.940045935739,-100.248810557841,-28.5152515528975));
#1757=CARTESIAN_POINT('Ctrl Pts',(317.683770261754,-100.691619759535,-26.2129062977698));
#1758=CARTESIAN_POINT('Ctrl Pts',(317.618308726802,-100.799710521405,-25.6443724873191));
#1759=CARTESIAN_POINT('Ctrl Pts',(317.514832532624,-100.963528524051,-24.7731331847753));
#1760=CARTESIAN_POINT('Ctrl Pts',(317.478404959758,-101.01995084557,-24.4712876005895));
#1761=CARTESIAN_POINT('Ctrl Pts',(317.334379408813,-101.238387836192,-23.2959583052537));
#1762=CARTESIAN_POINT('Ctrl Pts',(317.2223645095,-101.398471755963,-22.4200604391003));
#1763=CARTESIAN_POINT('Ctrl Pts',(316.639166455551,-102.188836846767,-18.0275761940753));
#1764=CARTESIAN_POINT('Ctrl Pts',(316.09891298364,-102.789153267135,-14.4721073198238));
#1765=CARTESIAN_POINT('Ctrl Pts',(314.327073859134,-104.525450448677,-3.70672810389466));
#1766=CARTESIAN_POINT('Ctrl Pts',(312.951602462385,-105.602429090312,3.60008798849938));
#1767=CARTESIAN_POINT('Ctrl Pts',(311.497939253682,-106.63056370564,10.9899826521943));
#1768=CARTESIAN_POINT('Ctrl Pts',(212.452853048625,78.1801330229425,-221.068776532674));
#1769=CARTESIAN_POINT('Ctrl Pts',(212.68403104754,77.8313249135091,-220.846242364138));
#1770=CARTESIAN_POINT('Ctrl Pts',(212.915271700716,77.4827632631913,-220.623580250233));
#1771=CARTESIAN_POINT('Ctrl Pts',(213.826027216444,76.1112759029943,-219.746341542287));
#1772=CARTESIAN_POINT('Ctrl Pts',(214.506017683056,75.0902375677351,-219.090783380691));
#1773=CARTESIAN_POINT('Ctrl Pts',(216.098723659323,72.7056258864001,-217.553856168529));
#1774=CARTESIAN_POINT('Ctrl Pts',(217.011861032492,71.3437725074306,-216.671587729478));
#1775=CARTESIAN_POINT('Ctrl Pts',(219.754058250246,67.2700244880527,-214.018558068101));
#1776=CARTESIAN_POINT('Ctrl Pts',(221.585906152372,64.5699409076571,-212.2415744707));
#1777=CARTESIAN_POINT('Ctrl Pts',(227.09195109063,56.5183768688052,-206.884550334865));
#1778=CARTESIAN_POINT('Ctrl Pts',(230.776710604867,51.2155594246018,-203.27847674192));
#1779=CARTESIAN_POINT('Ctrl Pts',(241.866072864398,35.5140280889568,-192.345357559107));
#1780=CARTESIAN_POINT('Ctrl Pts',(249.307473838679,25.3214663749443,-184.90453041582));
#1781=CARTESIAN_POINT('Ctrl Pts',(257.724047716204,14.1697516619805,-176.289050845781));
#1782=CARTESIAN_POINT('Ctrl Pts',(258.685363145032,12.9015359690906,-175.302020117569));
#1783=CARTESIAN_POINT('Ctrl Pts',(266.142967863824,3.10537680722154,-167.619946521007));
#1784=CARTESIAN_POINT('Ctrl Pts',(272.645740358307,-5.18538256001462,-160.779150356431));
#1785=CARTESIAN_POINT('Ctrl Pts',(286.515418501567,-22.3865395657103,-145.668723183261));
#1786=CARTESIAN_POINT('Ctrl Pts',(293.875159995211,-31.2110325548212,-137.342737685924));
#1787=CARTESIAN_POINT('Ctrl Pts',(303.537852140748,-42.518318556579,-125.541117186328));
#1788=CARTESIAN_POINT('Ctrl Pts',(306.039579883784,-45.4199718751171,-122.399334526896));
#1789=CARTESIAN_POINT('Ctrl Pts',(312.959213099541,-53.3952091181047,-113.382065592907));
#1790=CARTESIAN_POINT('Ctrl Pts',(317.283760235014,-58.310826093644,-107.373776049708));
#1791=CARTESIAN_POINT('Ctrl Pts',(327.556196024946,-70.0704080471622,-91.2720225369018));
#1792=CARTESIAN_POINT('Ctrl Pts',(333.154004163085,-76.4825444921607,-80.7063848581067));
#1793=CARTESIAN_POINT('Ctrl Pts',(337.970189525449,-84.3864236996721,-62.7750202661834));
#1794=CARTESIAN_POINT('Ctrl Pts',(338.94950708552,-86.7318828118838,-56.4603609890398));
#1795=CARTESIAN_POINT('Ctrl Pts',(339.462848186412,-90.8180558964662,-43.2348656348621));
#1796=CARTESIAN_POINT('Ctrl Pts',(338.995153625914,-92.5561792182732,-36.3286913557342));
#1797=CARTESIAN_POINT('Ctrl Pts',(337.779211267324,-94.4492887144589,-27.452595686639));
#1798=CARTESIAN_POINT('Ctrl Pts',(337.505798050894,-94.8144299786952,-25.6652937817659));
#1799=CARTESIAN_POINT('Ctrl Pts',(337.109994334337,-95.2837983650141,-23.279669423112));
#1800=CARTESIAN_POINT('Ctrl Pts',(337.009811574222,-95.3982304205542,-22.6907275475261));
#1801=CARTESIAN_POINT('Ctrl Pts',(336.852836443756,-95.5714684472395,-21.7884695946542));
#1802=CARTESIAN_POINT('Ctrl Pts',(336.797820664167,-95.6311000077442,-21.4759240796408));
#1803=CARTESIAN_POINT('Ctrl Pts',(336.581252301762,-95.8618346763842,-20.2591183306648));
#1804=CARTESIAN_POINT('Ctrl Pts',(336.41482575816,-96.0306578425421,-19.3527121542804));
#1805=CARTESIAN_POINT('Ctrl Pts',(335.558295450349,-96.863119175028,-14.8093986806024));
#1806=CARTESIAN_POINT('Ctrl Pts',(334.795930542791,-97.4922120049057,-11.1388593098325));
#1807=CARTESIAN_POINT('Ctrl Pts',(332.385337722558,-99.3110225032495,-0.0496940569301854));
#1808=CARTESIAN_POINT('Ctrl Pts',(330.6272786821,-100.440477301922,7.4434529821865));
#1809=CARTESIAN_POINT('Ctrl Pts',(328.838141220292,-101.50738430519,14.9937069686176));
#1810=CARTESIAN_POINT('Ctrl Pts',(219.192321892763,83.9498678168195,-221.061625171327));
#1811=CARTESIAN_POINT('Ctrl Pts',(219.426060738181,83.6008800642915,-220.838572269327));
#1812=CARTESIAN_POINT('Ctrl Pts',(219.659869364825,83.2521332304506,-220.615390167603));
#1813=CARTESIAN_POINT('Ctrl Pts',(220.580764673075,81.8798946193432,-219.736099008647));
#1814=CARTESIAN_POINT('Ctrl Pts',(221.268381966753,80.8582474204664,-219.078998700672));
#1815=CARTESIAN_POINT('Ctrl Pts',(222.879088741276,78.4720931852642,-217.538435643532));
#1816=CARTESIAN_POINT('Ctrl Pts',(223.802651400152,77.1092661071032,-216.654064465428));
#1817=CARTESIAN_POINT('Ctrl Pts',(226.576488502692,73.0323124838555,-213.994662346094));
#1818=CARTESIAN_POINT('Ctrl Pts',(228.429914636012,70.329712781174,-212.213344878529));
#1819=CARTESIAN_POINT('Ctrl Pts',(234.002297182956,62.2693432136146,-206.843034910457));
#1820=CARTESIAN_POINT('Ctrl Pts',(237.733411122865,56.9589852778947,-203.227727071209));
#1821=CARTESIAN_POINT('Ctrl Pts',(248.969661000336,41.2286731832449,-192.265494254656));
#1822=CARTESIAN_POINT('Ctrl Pts',(256.519228022276,31.0088864251087,-184.803433202506));
#1823=CARTESIAN_POINT('Ctrl Pts',(265.075886533892,19.8121424352279,-176.160514163816));
#1824=CARTESIAN_POINT('Ctrl Pts',(266.053467582312,18.5385703158429,-175.170297689883));
#1825=CARTESIAN_POINT('Ctrl Pts',(273.639456382978,8.69909096517104,-167.463075521815));
#1826=CARTESIAN_POINT('Ctrl Pts',(280.266863181604,0.360451931742819,-160.597906870182));
#1827=CARTESIAN_POINT('Ctrl Pts',(294.445568139242,-16.9782616747995,-145.425846601033));
#1828=CARTESIAN_POINT('Ctrl Pts',(301.996024616159,-25.8971175336408,-137.061650453514));
#1829=CARTESIAN_POINT('Ctrl Pts',(311.969390315264,-37.3838332512714,-125.191171686426));
#1830=CARTESIAN_POINT('Ctrl Pts',(314.557388026473,-40.3374053250812,-122.029689474712));
#1831=CARTESIAN_POINT('Ctrl Pts',(321.734105867519,-48.475832755067,-112.950417940365));
#1832=CARTESIAN_POINT('Ctrl Pts',(326.240533591752,-53.516883826345,-106.89423873159));
#1833=CARTESIAN_POINT('Ctrl Pts',(337.014664400795,-65.6637644319758,-90.6368969063178));
#1834=CARTESIAN_POINT('Ctrl Pts',(343.031050276513,-72.3874322066508,-79.9604028180633));
#1835=CARTESIAN_POINT('Ctrl Pts',(348.251015204572,-80.7681841132711,-61.7272300182033));
#1836=CARTESIAN_POINT('Ctrl Pts',(349.304449758702,-83.2699270110362,-55.2888254383695));
#1837=CARTESIAN_POINT('Ctrl Pts',(349.730916107794,-87.6080389956447,-41.7948167212672));
#1838=CARTESIAN_POINT('Ctrl Pts',(349.099468361032,-89.4384606173661,-34.7453382287797));
#1839=CARTESIAN_POINT('Ctrl Pts',(347.605407982334,-91.4101673672666,-25.7030945144557));
#1840=CARTESIAN_POINT('Ctrl Pts',(347.273170539354,-91.7894205632693,-23.8831880678837));
#1841=CARTESIAN_POINT('Ctrl Pts',(346.797067660698,-92.2759171430007,-21.4554273283687));
#1842=CARTESIAN_POINT('Ctrl Pts',(346.676918280892,-92.3944411137452,-20.8561935698714));
#1843=CARTESIAN_POINT('Ctrl Pts',(346.489211631759,-92.5737621747175,-19.9383456850429));
#1844=CARTESIAN_POINT('Ctrl Pts',(346.423524235139,-92.6354669573876,-19.620432146696));
#1845=CARTESIAN_POINT('Ctrl Pts',(346.165335560794,-92.8741495865523,-18.3828564269557));
#1846=CARTESIAN_POINT('Ctrl Pts',(345.967748866636,-93.0486284553799,-17.4612552399892));
#1847=CARTESIAN_POINT('Ctrl Pts',(344.955088898598,-93.9083739926846,-12.8432393116007));
#1848=CARTESIAN_POINT('Ctrl Pts',(344.067093606458,-94.5562122109186,-9.11709080208861));
#1849=CARTESIAN_POINT('Ctrl Pts',(341.304745266532,-96.4298359934653,2.12459640536292));
#1850=CARTESIAN_POINT('Ctrl Pts',(339.352792540006,-97.5966781494614,9.6998565617771));
#1851=CARTESIAN_POINT('Ctrl Pts',(337.398438852553,-98.6877973563658,17.3190714881238));
#1852=CARTESIAN_POINT('Ctrl Pts',(232.190744403658,96.1008407306132,-220.725047621574));
#1853=CARTESIAN_POINT('Ctrl Pts',(232.428743052579,95.7522856616129,-220.50046412486));
#1854=CARTESIAN_POINT('Ctrl Pts',(232.666822047295,95.4039637326113,-220.275746840514));
#1855=CARTESIAN_POINT('Ctrl Pts',(233.604574020244,94.03336715935,-219.390392615691));
#1856=CARTESIAN_POINT('Ctrl Pts',(234.30485914883,93.0128769901165,-218.728729004188));
#1857=CARTESIAN_POINT('Ctrl Pts',(235.945437567935,90.6292654601779,-217.177388690876));
#1858=CARTESIAN_POINT('Ctrl Pts',(236.886280106877,89.2677678209003,-216.286770486205));
#1859=CARTESIAN_POINT('Ctrl Pts',(239.712496654571,85.1944021890916,-213.608392295745));
#1860=CARTESIAN_POINT('Ctrl Pts',(241.60156152898,82.493661127185,-211.814111085974));
#1861=CARTESIAN_POINT('Ctrl Pts',(247.283239508624,74.4370951794331,-206.403871385334));
#1862=CARTESIAN_POINT('Ctrl Pts',(251.090376540923,69.1269188780807,-202.760565159017));
#1863=CARTESIAN_POINT('Ctrl Pts',(262.566354197615,53.388436881928,-191.709214921706));
#1864=CARTESIAN_POINT('Ctrl Pts',(270.290943314396,43.1518583559332,-184.181078573931));
#1865=CARTESIAN_POINT('Ctrl Pts',(279.07247547631,31.915682859567,-175.451354727603));
#1866=CARTESIAN_POINT('Ctrl Pts',(280.07614505296,30.6373002535686,-174.451042204067));
#1867=CARTESIAN_POINT('Ctrl Pts',(287.867886464719,20.7579572078043,-166.663983809051));
#1868=CARTESIAN_POINT('Ctrl Pts',(294.693937878395,12.3700810008718,-159.72056850176));
#1869=CARTESIAN_POINT('Ctrl Pts',(309.365567512479,-5.12594723043353,-144.350018567475));
#1870=CARTESIAN_POINT('Ctrl Pts',(317.219533080073,-14.1591743512346,-135.861495532344));
#1871=CARTESIAN_POINT('Ctrl Pts',(327.699993835304,-25.8847568168708,-123.776552282075));
#1872=CARTESIAN_POINT('Ctrl Pts',(330.429936938239,-28.9089820561607,-120.554498176689));
#1873=CARTESIAN_POINT('Ctrl Pts',(338.036641453019,-37.2763428066142,-111.289595528025));
#1874=CARTESIAN_POINT('Ctrl Pts',(342.855898737524,-42.4995001171216,-105.095940382049));
#1875=CARTESIAN_POINT('Ctrl Pts',(354.541048147205,-55.2584018079517,-88.4283554207581));
#1876=CARTESIAN_POINT('Ctrl Pts',(361.291179078334,-62.5125292409546,-77.4710216301134));
#1877=CARTESIAN_POINT('Ctrl Pts',(367.621608169192,-71.9621144065386,-58.5996215119355));
#1878=CARTESIAN_POINT('Ctrl Pts',(369.01161510533,-74.8644551735585,-51.9050742692296));
#1879=CARTESIAN_POINT('Ctrl Pts',(369.618575850957,-79.9528722782132,-37.8809584721342));
#1880=CARTESIAN_POINT('Ctrl Pts',(368.78689971365,-82.1170232293031,-30.5652444167265));
#1881=CARTESIAN_POINT('Ctrl Pts',(366.754975246428,-84.3654677381611,-21.2409283179397));
#1882=CARTESIAN_POINT('Ctrl Pts',(366.30390245072,-84.7939548648297,-19.366897671463));
#1883=CARTESIAN_POINT('Ctrl Pts',(365.663355131169,-85.3390895238927,-16.8705708340398));
#1884=CARTESIAN_POINT('Ctrl Pts',(365.502148344945,-85.4715295846162,-16.2547033207118));
#1885=CARTESIAN_POINT('Ctrl Pts',(365.251171189203,-85.6713999998877,-15.3118213661545));
#1886=CARTESIAN_POINT('Ctrl Pts',(365.163498823881,-85.7400824749948,-14.9853179591331));
#1887=CARTESIAN_POINT('Ctrl Pts',(364.819576326049,-86.0054179122898,-13.7146187096834));
#1888=CARTESIAN_POINT('Ctrl Pts',(364.557829292488,-86.1986507921286,-12.7690274560702));
#1889=CARTESIAN_POINT('Ctrl Pts',(363.22559310371,-87.1479894356754,-8.03414828972696));
#1890=CARTESIAN_POINT('Ctrl Pts',(362.089357676444,-87.8553164300397,-4.2245433334372));
#1891=CARTESIAN_POINT('Ctrl Pts',(358.66838897097,-89.8928703971351,7.24087341926561));
#1892=CARTESIAN_POINT('Ctrl Pts',(356.385171152938,-91.1414583012532,14.9313334180261));
#1893=CARTESIAN_POINT('Ctrl Pts',(354.100753425715,-92.2561463005784,22.6484806278292));
#1894=CARTESIAN_POINT('Ctrl Pts',(238.449345712429,102.482077916157,-220.395437235176));
#1895=CARTESIAN_POINT('Ctrl Pts',(238.689041026218,102.134135370899,-220.169840779004));
#1896=CARTESIAN_POINT('Ctrl Pts',(238.92882009627,101.78642373147,-219.944107189411));
#1897=CARTESIAN_POINT('Ctrl Pts',(239.873279698902,100.418221256916,-219.054737928705));
#1898=CARTESIAN_POINT('Ctrl Pts',(240.578598699032,99.3994976227536,-218.390049754538));
#1899=CARTESIAN_POINT('Ctrl Pts',(242.231030649176,97.0199729530671,-216.831559787036));
#1900=CARTESIAN_POINT('Ctrl Pts',(243.178717395329,95.6607794446645,-215.936792364858));
#1901=CARTESIAN_POINT('Ctrl Pts',(246.025640762437,91.5942106501775,-213.245795073393));
#1902=CARTESIAN_POINT('Ctrl Pts',(247.928742222968,88.8978468619784,-211.442872739335));
#1903=CARTESIAN_POINT('Ctrl Pts',(253.653298334492,80.853899017338,-206.00595190533));
#1904=CARTESIAN_POINT('Ctrl Pts',(257.490040578103,75.5514526396534,-202.34385217917));
#1905=CARTESIAN_POINT('Ctrl Pts',(269.058617340853,59.8336152494406,-191.232388140675));
#1906=CARTESIAN_POINT('Ctrl Pts',(276.849844512903,49.6075030062844,-183.659311884016));
#1907=CARTESIAN_POINT('Ctrl Pts',(285.715708138217,38.3770162013669,-174.870022740888));
#1908=CARTESIAN_POINT('Ctrl Pts',(286.729145015841,37.0991907867021,-173.862775677446));
#1909=CARTESIAN_POINT('Ctrl Pts',(294.597793295863,27.2233995517937,-166.02082905863));
#1910=CARTESIAN_POINT('Ctrl Pts',(301.497304215806,18.8342863338955,-159.023302700262));
#1911=CARTESIAN_POINT('Ctrl Pts',(316.350588281506,1.31907442754668,-143.514963270821));
#1912=CARTESIAN_POINT('Ctrl Pts',(324.315572260049,-7.73373659195989,-134.939681095245));
#1913=CARTESIAN_POINT('Ctrl Pts',(334.987112617863,-19.5169902104975,-122.706602483229));
#1914=CARTESIAN_POINT('Ctrl Pts',(337.771038658278,-22.5593637114614,-119.442847307991));
#1915=CARTESIAN_POINT('Ctrl Pts',(345.544631526113,-30.9902110197267,-110.051066271441));
#1916=CARTESIAN_POINT('Ctrl Pts',(350.488202560826,-36.2679284402688,-103.764175685312));
#1917=CARTESIAN_POINT('Ctrl Pts',(362.570371669056,-49.2416842457267,-86.8279362479474));
#1918=CARTESIAN_POINT('Ctrl Pts',(369.628507743664,-56.6959699417559,-75.6879185316076));
#1919=CARTESIAN_POINT('Ctrl Pts',(376.726778335975,-66.7536577469668,-56.4929085071883));
#1920=CARTESIAN_POINT('Ctrl Pts',(378.426619280648,-69.9161974104297,-49.6680099977141));
#1921=CARTESIAN_POINT('Ctrl Pts',(379.393056530167,-75.5637176912468,-35.3854530004615));
#1922=CARTESIAN_POINT('Ctrl Pts',(378.503741225305,-77.9993802101256,-27.9516389631139));
#1923=CARTESIAN_POINT('Ctrl Pts',(376.134247505184,-80.4200469298794,-18.5151546112168));
#1924=CARTESIAN_POINT('Ctrl Pts',(375.609813307962,-80.8772181593945,-16.6202313194757));
#1925=CARTESIAN_POINT('Ctrl Pts',(374.873211930827,-81.4571700994319,-14.0983104759321));
#1926=CARTESIAN_POINT('Ctrl Pts',(374.688393867769,-81.5979245526396,-13.4763083077771));
#1927=CARTESIAN_POINT('Ctrl Pts',(374.401559080662,-81.810228792368,-12.5243097124655));
#1928=CARTESIAN_POINT('Ctrl Pts',(374.30152210922,-81.8831623075361,-12.1946997332457));
#1929=CARTESIAN_POINT('Ctrl Pts',(373.909722190559,-82.1648627301962,-10.9121055812808));
#1930=CARTESIAN_POINT('Ctrl Pts',(373.612874059511,-82.3698969745914,-9.9580830519689));
#1931=CARTESIAN_POINT('Ctrl Pts',(372.108377362655,-83.376981725534,-5.18302500209856));
#1932=CARTESIAN_POINT('Ctrl Pts',(370.843439311263,-84.1272657360554,-1.34784138323967));
#1933=CARTESIAN_POINT('Ctrl Pts',(367.14718391933,-86.2961534092717,10.1827711497935));
#1934=CARTESIAN_POINT('Ctrl Pts',(364.775039274612,-87.5911235662883,17.9060254053573));
#1935=CARTESIAN_POINT('Ctrl Pts',(362.31871151498,-88.6891375241133,25.6525748036552));
#1936=CARTESIAN_POINT('Ctrl Pts',(247.426195203395,112.494036667569,-219.634558530429));
#1937=CARTESIAN_POINT('Ctrl Pts',(247.66761862427,112.14756934904,-219.407013534555));
#1938=CARTESIAN_POINT('Ctrl Pts',(247.909126871208,111.80133193323,-219.179324499936));
#1939=CARTESIAN_POINT('Ctrl Pts',(248.860399329044,110.438930200528,-218.282228149578));
#1940=CARTESIAN_POINT('Ctrl Pts',(249.570810185968,109.424525308667,-217.611715009278));
#1941=CARTESIAN_POINT('Ctrl Pts',(251.235181033865,107.055086776775,-216.039445770792));
#1942=CARTESIAN_POINT('Ctrl Pts',(252.18972223745,105.701653326433,-215.136674229696));
#1943=CARTESIAN_POINT('Ctrl Pts',(255.057259582075,101.652311998922,-212.421310473471));
#1944=CARTESIAN_POINT('Ctrl Pts',(256.974171167868,98.9673629489271,-210.601672108306));
#1945=CARTESIAN_POINT('Ctrl Pts',(262.740363579406,90.9574229933557,-205.113037431367));
#1946=CARTESIAN_POINT('Ctrl Pts',(266.605138042583,85.6773345242402,-201.41438279118));
#1947=CARTESIAN_POINT('Ctrl Pts',(278.258661680198,70.0253952343478,-190.185539378869));
#1948=CARTESIAN_POINT('Ctrl Pts',(286.107660536891,59.8416999908504,-182.524151191279));
#1949=CARTESIAN_POINT('Ctrl Pts',(295.040054411951,48.656252154509,-173.61697179414));
#1950=CARTESIAN_POINT('Ctrl Pts',(296.061107782279,47.38352677251,-172.59598951012));
#1951=CARTESIAN_POINT('Ctrl Pts',(303.988985284482,37.5469348536602,-164.645242476906));
#1952=CARTESIAN_POINT('Ctrl Pts',(310.940967674901,29.1899790522127,-157.539963656606));
#1953=CARTESIAN_POINT('Ctrl Pts',(325.908660507267,11.7354399122963,-141.756228142339));
#1954=CARTESIAN_POINT('Ctrl Pts',(333.935774122997,2.71059274432976,-133.007013000263));
#1955=CARTESIAN_POINT('Ctrl Pts',(344.692765163754,-9.05383084313815,-120.476974105707));
#1956=CARTESIAN_POINT('Ctrl Pts',(347.499199685746,-12.0931575625516,-117.129627164989));
#1957=CARTESIAN_POINT('Ctrl Pts',(355.336954998976,-20.52377762233,-107.483526513026));
#1958=CARTESIAN_POINT('Ctrl Pts',(360.3218925998,-25.8102106206613,-101.009902889978));
#1959=CARTESIAN_POINT('Ctrl Pts',(372.527070764696,-38.8650981333377,-83.5337317958792));
#1960=CARTESIAN_POINT('Ctrl Pts',(379.622927226429,-46.4029371187501,-71.9904423299305));
#1961=CARTESIAN_POINT('Ctrl Pts',(387.241666707797,-56.9591937395288,-52.2540347796499));
#1962=CARTESIAN_POINT('Ctrl Pts',(389.233608036298,-60.358324562214,-45.2579539192808));
#1963=CARTESIAN_POINT('Ctrl Pts',(391.124750103712,-66.7794400842435,-30.6691683664954));
#1964=CARTESIAN_POINT('Ctrl Pts',(390.925621696877,-69.819389617529,-23.1133463458527));
#1965=CARTESIAN_POINT('Ctrl Pts',(388.759792491268,-72.9133875486016,-13.6198540411996));
#1966=CARTESIAN_POINT('Ctrl Pts',(388.239530100018,-73.4948152656899,-11.7173452964435));
#1967=CARTESIAN_POINT('Ctrl Pts',(387.473080060974,-74.215395678234,-9.18833097401835));
#1968=CARTESIAN_POINT('Ctrl Pts',(387.278274153895,-74.388927877523,-8.56481593082851));
#1969=CARTESIAN_POINT('Ctrl Pts',(386.97342524923,-74.6484911298046,-7.61077103743026));
#1970=CARTESIAN_POINT('Ctrl Pts',(386.866654632428,-74.737257459802,-7.28050187460728));
#1971=CARTESIAN_POINT('Ctrl Pts',(386.447236259879,-75.0785710079317,-5.99550163945934));
#1972=CARTESIAN_POINT('Ctrl Pts',(386.126866689179,-75.3236399167274,-5.04002681754722));
#1973=CARTESIAN_POINT('Ctrl Pts',(384.504183678631,-76.5131711236088,-0.25851971802572));
#1974=CARTESIAN_POINT('Ctrl Pts',(383.170191264417,-77.3599294903734,3.58000728196622));
#1975=CARTESIAN_POINT('Ctrl Pts',(379.183657425051,-79.6797145465223,15.1274944176549));
#1976=CARTESIAN_POINT('Ctrl Pts',(376.426223400771,-80.9014535924923,22.8665031988959));
#1977=CARTESIAN_POINT('Ctrl Pts',(373.609841055584,-81.9562162846641,30.6230052214965));
#1978=CARTESIAN_POINT('Ctrl Pts',(250.350140208987,115.904531654976,-219.336637795374));
#1979=CARTESIAN_POINT('Ctrl Pts',(250.592004310051,115.558648081601,-219.108372312297));
#1980=CARTESIAN_POINT('Ctrl Pts',(250.833952926481,115.212994461743,-218.87996017934));
#1981=CARTESIAN_POINT('Ctrl Pts',(251.78695808201,113.852891622938,-217.98000622031));
#1982=CARTESIAN_POINT('Ctrl Pts',(252.498658831491,112.8402022115,-217.30733840597));
#1983=CARTESIAN_POINT('Ctrl Pts',(254.166041590984,110.474779614803,-215.729970961374));
#1984=CARTESIAN_POINT('Ctrl Pts',(255.12230243657,109.123646952963,-214.824237050277));
#1985=CARTESIAN_POINT('Ctrl Pts',(257.994980845744,105.081210186044,-212.099852271171));
#1986=CARTESIAN_POINT('Ctrl Pts',(259.915296046117,102.400867091569,-210.274021499065));
#1987=CARTESIAN_POINT('Ctrl Pts',(265.691611988532,94.4047536557977,-204.766217508826));
#1988=CARTESIAN_POINT('Ctrl Pts',(269.563020267593,89.1338942683791,-201.053997100231));
#1989=CARTESIAN_POINT('Ctrl Pts',(281.235934898782,73.509681518021,-189.781540264667));
#1990=CARTESIAN_POINT('Ctrl Pts',(289.097217824159,63.344525969256,-182.087272483336));
#1991=CARTESIAN_POINT('Ctrl Pts',(298.041891465863,52.1800867734622,-173.136113316484));
#1992=CARTESIAN_POINT('Ctrl Pts',(299.064322888094,50.9097615256903,-172.110005935907));
#1993=CARTESIAN_POINT('Ctrl Pts',(307.002682780843,41.091795234092,-164.118653347315));
#1994=CARTESIAN_POINT('Ctrl Pts',(313.96264187694,32.7511308849178,-156.973108990535));
#1995=CARTESIAN_POINT('Ctrl Pts',(328.942461801858,15.3314096610837,-141.086408725856));
#1996=CARTESIAN_POINT('Ctrl Pts',(336.973140050575,6.32521181442047,-132.2721235259));
#1997=CARTESIAN_POINT('Ctrl Pts',(347.725590105916,-5.41591978362925,-119.631204077297));
#1998=CARTESIAN_POINT('Ctrl Pts',(350.529929535285,-8.4493504015543,-116.252663402155));
#1999=CARTESIAN_POINT('Ctrl Pts',(358.35846218339,-16.8645340392473,-106.511751635712));
#2000=CARTESIAN_POINT('Ctrl Pts',(363.333347606747,-22.1421567192142,-99.968607683024));
#2001=CARTESIAN_POINT('Ctrl Pts',(375.500483026786,-35.1853194435261,-82.2919868818902));
#2002=CARTESIAN_POINT('Ctrl Pts',(382.536236032091,-42.7180523826901,-70.597668348381));
#2003=CARTESIAN_POINT('Ctrl Pts',(390.197600301174,-53.3621508929511,-50.6677675806851));
#2004=CARTESIAN_POINT('Ctrl Pts',(392.236754794899,-56.8066200097402,-43.6161173915883));
#2005=CARTESIAN_POINT('Ctrl Pts',(394.467351470625,-63.4470249927966,-28.9373694933864));
#2006=CARTESIAN_POINT('Ctrl Pts',(394.724249872358,-66.7218236936304,-21.3479293568834));
#2007=CARTESIAN_POINT('Ctrl Pts',(392.796100220305,-70.1624320818643,-11.8565643705725));
#2008=CARTESIAN_POINT('Ctrl Pts',(392.288769029245,-70.805305740742,-9.95596722223317));
#2009=CARTESIAN_POINT('Ctrl Pts',(391.513773730804,-71.5872454049363,-7.42980759105523));
#2010=CARTESIAN_POINT('Ctrl Pts',(391.315353573472,-71.774592905859,-6.80703634497258));
#2011=CARTESIAN_POINT('Ctrl Pts',(391.004854866023,-72.054019456726,-5.85419444715609));
#2012=CARTESIAN_POINT('Ctrl Pts',(390.896106921006,-72.1494300149506,-5.5243539446163));
#2013=CARTESIAN_POINT('Ctrl Pts',(390.469662351519,-72.5159125529686,-4.24107131056842));
#2014=CARTESIAN_POINT('Ctrl Pts',(390.146030403093,-72.7783304284248,-3.28699750540967));
#2015=CARTESIAN_POINT('Ctrl Pts',(388.52233139337,-74.0495754629119,1.48741307977232));
#2016=CARTESIAN_POINT('Ctrl Pts',(387.219046486156,-74.9334819703845,5.32196144063171));
#2017=CARTESIAN_POINT('Ctrl Pts',(383.108917389838,-77.2505571683628,16.8645269603411));
#2018=CARTESIAN_POINT('Ctrl Pts',(380.133769064532,-78.4200558446368,24.6029645566188));
#2019=CARTESIAN_POINT('Ctrl Pts',(377.17811623394,-79.46212512897,32.3568848003804));
#2020=CARTESIAN_POINT('Ctrl Pts',(254.629065384032,121.126238924099,-218.821400655091));
#2021=CARTESIAN_POINT('Ctrl Pts',(254.871375288247,120.781358062442,-218.59194614455));
#2022=CARTESIAN_POINT('Ctrl Pts',(255.113768167764,120.436707739453,-218.362340613523));
#2023=CARTESIAN_POINT('Ctrl Pts',(256.06851643288,119.080557706292,-217.457670229545));
#2024=CARTESIAN_POINT('Ctrl Pts',(256.781504065297,118.070822305909,-216.781445641846));
#2025=CARTESIAN_POINT('Ctrl Pts',(258.451865251705,115.712325595255,-215.195661221446));
#2026=CARTESIAN_POINT('Ctrl Pts',(259.409806267698,114.365168974657,-214.28503558903));
#2027=CARTESIAN_POINT('Ctrl Pts',(262.287442434184,110.334689634262,-211.545751684167));
#2028=CARTESIAN_POINT('Ctrl Pts',(264.210952638441,107.66235718253,-209.709689802339));
#2029=CARTESIAN_POINT('Ctrl Pts',(269.996471140641,99.6904032126982,-204.170203203501));
#2030=CARTESIAN_POINT('Ctrl Pts',(273.873508251121,94.4358193862584,-200.435547202614));
#2031=CARTESIAN_POINT('Ctrl Pts',(285.561261290833,78.8610520826272,-189.090923767262));
#2032=CARTESIAN_POINT('Ctrl Pts',(293.429819234017,68.7296721628689,-181.342196971633));
#2033=CARTESIAN_POINT('Ctrl Pts',(302.377040378656,57.6047897876509,-172.318218752079));
#2034=CARTESIAN_POINT('Ctrl Pts',(303.399676736291,56.3390029606783,-171.283626039709));
#2035=CARTESIAN_POINT('Ctrl Pts',(311.338899273872,46.5564156760532,-163.225051552982));
#2036=CARTESIAN_POINT('Ctrl Pts',(318.295530132354,38.2475966305728,-156.012864444475));
#2037=CARTESIAN_POINT('Ctrl Pts',(333.251625775311,20.8992967421023,-139.956268232344));
#2038=CARTESIAN_POINT('Ctrl Pts',(341.259981677545,11.9332277649322,-131.034796943705));
#2039=CARTESIAN_POINT('Ctrl Pts',(351.952172827097,0.249017176908692,-118.213066226642));
#2040=CARTESIAN_POINT('Ctrl Pts',(354.737825364338,-2.76927597564595,-114.783808388281));
#2041=CARTESIAN_POINT('Ctrl Pts',(362.502849210877,-11.1414853511371,-104.889478348923));
#2042=CARTESIAN_POINT('Ctrl Pts',(367.423998994595,-16.3908411165859,-98.2345593534828));
#2043=CARTESIAN_POINT('Ctrl Pts',(379.403527073828,-29.3652265919786,-80.2409026861286));
#2044=CARTESIAN_POINT('Ctrl Pts',(386.250326825406,-36.8542847561105,-68.3134072058689));
#2045=CARTESIAN_POINT('Ctrl Pts',(393.665676156347,-47.4867424281243,-48.1000562578454));
#2046=CARTESIAN_POINT('Ctrl Pts',(395.628974252986,-50.9337701178383,-40.9698009985498));
#2047=CARTESIAN_POINT('Ctrl Pts',(397.956265617384,-57.6661748957522,-26.1731244334647));
#2048=CARTESIAN_POINT('Ctrl Pts',(398.453270223501,-60.9953275501084,-18.5330890500864));
#2049=CARTESIAN_POINT('Ctrl Pts',(397.52258788547,-64.9824788021188,-9.04618229547415));
#2050=CARTESIAN_POINT('Ctrl Pts',(397.232270606502,-65.765292349159,-7.1507420620025));
#2051=CARTESIAN_POINT('Ctrl Pts',(396.665508179684,-66.7244912300328,-4.63501863801975));
#2052=CARTESIAN_POINT('Ctrl Pts',(396.5118141243,-66.95409086337,-4.01503943895257));
#2053=CARTESIAN_POINT('Ctrl Pts',(396.25821425575,-67.292638078357,-3.06648803346486));
#2054=CARTESIAN_POINT('Ctrl Pts',(396.167088802883,-67.4075148653555,-2.73813571825359));
#2055=CARTESIAN_POINT('Ctrl Pts',(395.801530176124,-67.8451488652621,-1.46055006812583));
#2056=CARTESIAN_POINT('Ctrl Pts',(395.506423443163,-68.1502017892256,-0.510457916735388));
#2057=CARTESIAN_POINT('Ctrl Pts',(393.980023736267,-69.5869175500328,4.24630568928639));
#2058=CARTESIAN_POINT('Ctrl Pts',(392.578501471247,-70.4689103031055,8.07306292346896));
#2059=CARTESIAN_POINT('Ctrl Pts',(388.119979377077,-72.8423508299561,19.5914394915908));
#2060=CARTESIAN_POINT('Ctrl Pts',(384.957138514208,-74.0610462936134,27.3149818973441));
#2061=CARTESIAN_POINT('Ctrl Pts',(381.875969253835,-75.1556621319822,35.055857635409));
#2062=CARTESIAN_POINT('Ctrl Pts',(256.037555404766,122.88445904374,-218.638270752493));
#2063=CARTESIAN_POINT('Ctrl Pts',(256.279978109146,122.539933561382,-218.408401889698));
#2064=CARTESIAN_POINT('Ctrl Pts',(256.522483096861,122.195638897368,-218.178380474322));
#2065=CARTESIAN_POINT('Ctrl Pts',(257.47767001788,120.840890382315,-217.272066439126));
#2066=CARTESIAN_POINT('Ctrl Pts',(258.190978830939,119.832202994004,-216.594602254781));
#2067=CARTESIAN_POINT('Ctrl Pts',(259.862076762322,117.476164946737,-215.005884191108));
#2068=CARTESIAN_POINT('Ctrl Pts',(260.820428255502,116.130420974681,-214.093553464845));
#2069=CARTESIAN_POINT('Ctrl Pts',(263.699258980653,112.104193663641,-211.349075794527));
#2070=CARTESIAN_POINT('Ctrl Pts',(265.62351646368,109.434714657041,-209.509446847128));
#2071=CARTESIAN_POINT('Ctrl Pts',(271.411107583239,101.471382541106,-203.958912529989));
#2072=CARTESIAN_POINT('Ctrl Pts',(275.289302371531,96.2226282764533,-200.216431138706));
#2073=CARTESIAN_POINT('Ctrl Pts',(286.979633089983,80.6656487123155,-188.846631196614));
#2074=CARTESIAN_POINT('Ctrl Pts',(294.848762949314,70.5465188359639,-181.078897757834));
#2075=CARTESIAN_POINT('Ctrl Pts',(303.794197935284,59.436157815155,-172.029510097397));
#2076=CARTESIAN_POINT('Ctrl Pts',(304.816593454546,58.1720395804046,-170.991956607972));
#2077=CARTESIAN_POINT('Ctrl Pts',(312.753636619751,48.4024806252262,-162.909927571718));
#2078=CARTESIAN_POINT('Ctrl Pts',(319.706620570996,40.1055060205127,-155.674491135433));
#2079=CARTESIAN_POINT('Ctrl Pts',(334.647863869136,22.7841941994254,-139.558706763121));
#2080=CARTESIAN_POINT('Ctrl Pts',(342.644197612009,13.8335145026049,-130.599923403847));
#2081=CARTESIAN_POINT('Ctrl Pts',(353.307487345794,2.1719050622706,-117.715540332048));
#2082=CARTESIAN_POINT('Ctrl Pts',(356.08434974705,-0.840304817210854,-114.268732497906));
#2083=CARTESIAN_POINT('Ctrl Pts',(363.820033944082,-9.19492784367391,-104.321430843886));
#2084=CARTESIAN_POINT('Ctrl Pts',(368.716925257268,-14.4323883182828,-97.6280342599557));
#2085=CARTESIAN_POINT('Ctrl Pts',(380.612624894264,-27.3754949179915,-79.526079733362));
#2086=CARTESIAN_POINT('Ctrl Pts',(387.380624092064,-34.8441300061846,-67.519795104721));
#2087=CARTESIAN_POINT('Ctrl Pts',(394.664062521541,-45.4499207696314,-47.2135098938808));
#2088=CARTESIAN_POINT('Ctrl Pts',(396.579752788648,-48.887840964654,-40.0581714756183));
#2089=CARTESIAN_POINT('Ctrl Pts',(398.86759106125,-55.6124308787645,-25.2252354355849));
#2090=CARTESIAN_POINT('Ctrl Pts',(399.298498496895,-58.9025594677429,-17.5687412174331));
#2091=CARTESIAN_POINT('Ctrl Pts',(398.839313112502,-63.0512774395896,-8.0812810894684));
#2092=CARTESIAN_POINT('Ctrl Pts',(398.707163610347,-63.8913360142401,-6.1879639425874));
#2093=CARTESIAN_POINT('Ctrl Pts',(398.258010308762,-64.9407212529804,-3.6769917028428));
#2094=CARTESIAN_POINT('Ctrl Pts',(398.119204083224,-65.1919089856596,-3.05817676093409));
#2095=CARTESIAN_POINT('Ctrl Pts',(397.882673900067,-65.5588531509542,-2.11139494063887));
#2096=CARTESIAN_POINT('Ctrl Pts',(397.79745927315,-65.6828006523899,-1.78366768784052));
#2097=CARTESIAN_POINT('Ctrl Pts',(397.46333830486,-66.1523551778238,-0.508604483319019));
#2098=CARTESIAN_POINT('Ctrl Pts',(397.209416160223,-66.4726398202741,0.43948589558538));
#2099=CARTESIAN_POINT('Ctrl Pts',(395.775683912872,-67.9507545019899,5.18883302077382));
#2100=CARTESIAN_POINT('Ctrl Pts',(394.219189824441,-68.8227264297518,9.01362533870986));
#2101=CARTESIAN_POINT('Ctrl Pts',(389.622485393452,-71.2439709587492,20.520460842598));
#2102=CARTESIAN_POINT('Ctrl Pts',(386.437537139507,-72.5015276345968,28.2366902420809));
#2103=CARTESIAN_POINT('Ctrl Pts',(383.330649436015,-73.6261558183857,35.971715639638));
#2104=CARTESIAN_POINT('Ctrl Pts',(257.775534334375,125.10383301004,-218.39499334977));
#2105=CARTESIAN_POINT('Ctrl Pts',(258.018052554323,124.759776763489,-218.164584140536));
#2106=CARTESIAN_POINT('Ctrl Pts',(258.260651967538,124.415951780902,-217.934020373178));
#2107=CARTESIAN_POINT('Ctrl Pts',(259.216206324911,123.063054408731,-217.025562834407));
#2108=CARTESIAN_POINT('Ctrl Pts',(259.92977969541,122.055751915063,-216.346482014885));
#2109=CARTESIAN_POINT('Ctrl Pts',(261.601473301553,119.702964477366,-214.753937859287));
#2110=CARTESIAN_POINT('Ctrl Pts',(262.560147914923,118.359089407895,-213.839383219704));
#2111=CARTESIAN_POINT('Ctrl Pts',(265.439890183386,114.338491301905,-211.088131139296));
#2112=CARTESIAN_POINT('Ctrl Pts',(267.364678379739,111.672795065639,-209.243849138371));
#2113=CARTESIAN_POINT('Ctrl Pts',(273.153597523169,103.720909595309,-203.678902670052));
#2114=CARTESIAN_POINT('Ctrl Pts',(277.032327833255,98.4799169874236,-199.926211459976));
#2115=CARTESIAN_POINT('Ctrl Pts',(288.722878929003,82.9466997879127,-188.523563283643));
#2116=CARTESIAN_POINT('Ctrl Pts',(296.59037764929,72.8440362876536,-180.731028681017));
#2117=CARTESIAN_POINT('Ctrl Pts',(305.530256940266,61.7533647619254,-171.648513573356));
#2118=CARTESIAN_POINT('Ctrl Pts',(306.551961765223,60.4915113990358,-170.607100394867));
#2119=CARTESIAN_POINT('Ctrl Pts',(314.483173090122,50.7396564306903,-162.494499871557));
#2120=CARTESIAN_POINT('Ctrl Pts',(321.428408640821,42.4588893174238,-155.228776624838));
#2121=CARTESIAN_POINT('Ctrl Pts',(336.342424984783,25.1748883909848,-139.036072355766));
#2122=CARTESIAN_POINT('Ctrl Pts',(344.318034391292,16.2456860294988,-130.028870258846));
#2123=CARTESIAN_POINT('Ctrl Pts',(354.93447410018,4.61625810976041,-117.063739038082));
#2124=CARTESIAN_POINT('Ctrl Pts',(357.697250900923,1.61276819890043,-113.594357953917));
#2125=CARTESIAN_POINT('Ctrl Pts',(365.386474744364,-6.71639974336968,-103.579141137306));
#2126=CARTESIAN_POINT('Ctrl Pts',(370.245522557162,-11.9363908680176,-96.8366335638278));
#2127=CARTESIAN_POINT('Ctrl Pts',(382.012016417593,-24.8318531076038,-78.5979507948155));
#2128=CARTESIAN_POINT('Ctrl Pts',(388.664233199394,-32.2690032544973,-66.4937644006699));
#2129=CARTESIAN_POINT('Ctrl Pts',(395.729753038047,-42.819986121797,-46.0767901449441));
#2130=CARTESIAN_POINT('Ctrl Pts',(397.565078131389,-46.2377559823068,-38.8926215325316));
#2131=CARTESIAN_POINT('Ctrl Pts',(399.717472730397,-52.9171301585233,-24.0202635029202));
#2132=CARTESIAN_POINT('Ctrl Pts',(400.027471725447,-56.1669901172294,-16.3496885939182));
#2133=CARTESIAN_POINT('Ctrl Pts',(399.723571369023,-60.3180955488064,-6.85129164102288));
#2134=CARTESIAN_POINT('Ctrl Pts',(399.652540964772,-61.162647689969,-4.95668823579698));
#2135=CARTESIAN_POINT('Ctrl Pts',(399.496456436989,-62.2807424581042,-2.45114372375936));
#2136=CARTESIAN_POINT('Ctrl Pts',(399.445216480627,-62.5539663110905,-1.83416376700951));
#2137=CARTESIAN_POINT('Ctrl Pts',(399.311344076645,-62.9546613686967,-0.8899149722427));
#2138=CARTESIAN_POINT('Ctrl Pts',(399.254905237934,-63.0900986775701,-0.562996309640389));
#2139=CARTESIAN_POINT('Ctrl Pts',(399.000747185177,-63.6010195499898,0.709342897497491));
#2140=CARTESIAN_POINT('Ctrl Pts',(398.746868075589,-63.9450321210031,1.65618175414891));
#2141=CARTESIAN_POINT('Ctrl Pts',(397.336040124177,-65.5398347116185,6.39803532558497));
#2142=CARTESIAN_POINT('Ctrl Pts',(395.806532603565,-66.4875799895761,10.2148790479865));
#2143=CARTESIAN_POINT('Ctrl Pts',(391.261540565205,-69.0850774140618,21.7015094830965));
#2144=CARTESIAN_POINT('Ctrl Pts',(388.084547202462,-70.409368305652,29.407144178049));
#2145=CARTESIAN_POINT('Ctrl Pts',(384.979268074311,-71.5902666597706,37.1334981011624));
#2146=CARTESIAN_POINT('Ctrl Pts',(258.121998726766,125.54878757384,-218.345619788686));
#2147=CARTESIAN_POINT('Ctrl Pts',(258.364533777035,125.204826424366,-218.115101390628));
#2148=CARTESIAN_POINT('Ctrl Pts',(258.607149791331,124.861096632923,-217.884428028686));
#2149=CARTESIAN_POINT('Ctrl Pts',(259.562768597582,123.508574448917,-216.975537345305));
#2150=CARTESIAN_POINT('Ctrl Pts',(260.276388037453,122.501552675798,-216.29612984422));
#2151=CARTESIAN_POINT('Ctrl Pts',(261.948184526416,120.149424219141,-214.702812524008));
#2152=CARTESIAN_POINT('Ctrl Pts',(262.906914271833,118.805928081847,-213.78780847751));
#2153=CARTESIAN_POINT('Ctrl Pts',(265.786809786073,114.786471516331,-211.035187415342));
#2154=CARTESIAN_POINT('Ctrl Pts',(267.711683969974,112.121542626197,-209.189965100147));
#2155=CARTESIAN_POINT('Ctrl Pts',(273.500805627352,104.17197993097,-203.62210610041));
#2156=CARTESIAN_POINT('Ctrl Pts',(277.379597498979,98.9325633740496,-199.867351540731));
#2157=CARTESIAN_POINT('Ctrl Pts',(289.070042714313,83.4041749780752,-188.458064901645));
#2158=CARTESIAN_POINT('Ctrl Pts',(296.937098019272,73.3048623990358,-180.660517977837));
#2159=CARTESIAN_POINT('Ctrl Pts',(305.875700229918,62.2182055866729,-171.571309188091));
#2160=CARTESIAN_POINT('Ctrl Pts',(306.897247458732,60.9568141454803,-170.529116146926));
#2161=CARTESIAN_POINT('Ctrl Pts',(314.827137239855,51.2085708299291,-162.410338747493));
#2162=CARTESIAN_POINT('Ctrl Pts',(321.770663858122,42.9311152310116,-155.138496976612));
#2163=CARTESIAN_POINT('Ctrl Pts',(336.678802580898,25.6547550074602,-138.930262278185));
#2164=CARTESIAN_POINT('Ctrl Pts',(344.649982904979,16.7299599632553,-129.913287707271));
#2165=CARTESIAN_POINT('Ctrl Pts',(355.256518246392,5.10716434463397,-116.931885589786));
#2166=CARTESIAN_POINT('Ctrl Pts',(358.016323598772,2.10547406250236,-113.457958172185));
#2167=CARTESIAN_POINT('Ctrl Pts',(365.695768144511,-6.21842982958455,-103.429073590233));
#2168=CARTESIAN_POINT('Ctrl Pts',(370.546873019775,-11.4347975554196,-96.6766933360116));
#2169=CARTESIAN_POINT('Ctrl Pts',(382.286313116988,-24.3203061149017,-78.4105972763556));
#2170=CARTESIAN_POINT('Ctrl Pts',(388.914506745972,-31.750859803596,-66.286859143428));
#2171=CARTESIAN_POINT('Ctrl Pts',(395.933857226918,-42.2898319518242,-45.8480178172058));
#2172=CARTESIAN_POINT('Ctrl Pts',(397.752085659085,-45.7031392013045,-38.6582079630029));
#2173=CARTESIAN_POINT('Ctrl Pts',(399.8733694095,-52.3718125444084,-23.7782631190127));
#2174=CARTESIAN_POINT('Ctrl Pts',(400.160363164138,-55.61412680035,-16.1051808928371));
#2175=CARTESIAN_POINT('Ctrl Pts',(399.863544912911,-59.7570412761625,-6.60419996378744));
#2176=CARTESIAN_POINT('Ctrl Pts',(399.793202185477,-60.5993300714267,-4.70913744497639));
#2177=CARTESIAN_POINT('Ctrl Pts',(399.695189539167,-61.7266309206806,-2.20449429910884));
#2178=CARTESIAN_POINT('Ctrl Pts',(399.664900963624,-62.0034402438342,-1.58788289193687));
#2179=CARTESIAN_POINT('Ctrl Pts',(399.559574644049,-62.410411066675,-0.644193196905651));
#2180=CARTESIAN_POINT('Ctrl Pts',(399.511662235141,-62.5480783737097,-0.317455908316854));
#2181=CARTESIAN_POINT('Ctrl Pts',(399.279020955243,-63.0672228632841,0.954324277167343));
#2182=CARTESIAN_POINT('Ctrl Pts',(399.019386095772,-63.4168394862234,1.90100366510552));
#2183=CARTESIAN_POINT('Ctrl Pts',(397.611401738883,-65.0410512444663,6.64137495197368));
#2184=CARTESIAN_POINT('Ctrl Pts',(396.101036164725,-66.0072763537996,10.4563710005014));
#2185=CARTESIAN_POINT('Ctrl Pts',(391.577854507423,-68.6453573398863,21.9386988712354));
#2186=CARTESIAN_POINT('Ctrl Pts',(388.403896644526,-69.9838914301203,29.642144641725));
#2187=CARTESIAN_POINT('Ctrl Pts',(385.300586875353,-71.1769505315714,37.3666984612971));
#2188=CARTESIAN_POINT('Ctrl Pts',(258.801694033821,126.426684324273,-218.247024068303));
#2189=CARTESIAN_POINT('Ctrl Pts',(259.044257724649,126.082912772753,-218.016288561));
#2190=CARTESIAN_POINT('Ctrl Pts',(259.286901906079,125.73937277334,-217.785397282685));
#2191=CARTESIAN_POINT('Ctrl Pts',(260.242629725533,124.387598667397,-216.875645337073));
#2192=CARTESIAN_POINT('Ctrl Pts',(260.95632634096,123.381136675714,-216.195588258999));
#2193=CARTESIAN_POINT('Ctrl Pts',(262.628293255969,121.030322426845,-214.600733559642));
#2194=CARTESIAN_POINT('Ctrl Pts',(263.587112781898,119.687582104749,-213.684835893794));
#2195=CARTESIAN_POINT('Ctrl Pts',(266.467252573515,115.670402789163,-210.929492666814));
#2196=CARTESIAN_POINT('Ctrl Pts',(268.392256235909,113.007005125617,-209.082400544499));
#2197=CARTESIAN_POINT('Ctrl Pts',(274.181652026736,105.062078971492,-203.50874993923));
#2198=CARTESIAN_POINT('Ctrl Pts',(278.060475241408,99.8258103543057,-199.749892297294));
#2199=CARTESIAN_POINT('Ctrl Pts',(289.750416407932,84.3070737258639,-188.327404861184));
#2200=CARTESIAN_POINT('Ctrl Pts',(297.616368019709,74.2144677935532,-180.519890701648));
#2201=CARTESIAN_POINT('Ctrl Pts',(306.552130108082,63.1358606150045,-171.417374520905));
#2202=CARTESIAN_POINT('Ctrl Pts',(307.573328870612,61.8753955466829,-170.373631118124));
#2203=CARTESIAN_POINT('Ctrl Pts',(315.50031231079,52.1343969751739,-162.242574590722));
#2204=CARTESIAN_POINT('Ctrl Pts',(322.440162355901,43.8635934634728,-154.958571686092));
#2205=CARTESIAN_POINT('Ctrl Pts',(337.335885457823,26.6026126146707,-138.719488390895));
#2206=CARTESIAN_POINT('Ctrl Pts',(345.297791969229,17.6867049640177,-129.683110178402));
#2207=CARTESIAN_POINT('Ctrl Pts',(355.883795457098,6.07733243441489,-116.669458823305));
#2208=CARTESIAN_POINT('Ctrl Pts',(358.637453221504,3.07928875034343,-113.186525241137));
#2209=CARTESIAN_POINT('Ctrl Pts',(366.296709033066,-5.23393056072039,-103.130587746024));
#2210=CARTESIAN_POINT('Ctrl Pts',(371.131460562903,-10.4429254193761,-96.3586894125214));
#2211=CARTESIAN_POINT('Ctrl Pts',(382.815350787789,-23.3080620310763,-78.0385508928155));
#2212=CARTESIAN_POINT('Ctrl Pts',(389.394607998433,-30.7250715877119,-65.8764304645114));
#2213=CARTESIAN_POINT('Ctrl Pts',(396.318466216107,-41.2385958726125,-45.3951535468455));
#2214=CARTESIAN_POINT('Ctrl Pts',(398.10125051914,-44.6423755937212,-38.1945069673057));
#2215=CARTESIAN_POINT('Ctrl Pts',(400.154538349072,-51.2874208386246,-23.3002657957327));
#2216=CARTESIAN_POINT('Ctrl Pts',(400.399387814066,-54.5145494027479,-15.6227074435652));
#2217=CARTESIAN_POINT('Ctrl Pts',(400.076978894532,-58.6317550395731,-6.11656673941688));
#2218=CARTESIAN_POINT('Ctrl Pts',(400.000356567588,-59.4676698735304,-4.22063306759464));
#2219=CARTESIAN_POINT('Ctrl Pts',(399.950784670605,-60.598733637488,-1.7163484951906));
#2220=CARTESIAN_POINT('Ctrl Pts',(399.940148871556,-60.8780532973123,-1.09999644048552));
#2221=CARTESIAN_POINT('Ctrl Pts',(399.876201993909,-61.293338704468,-0.157003402142485));
#2222=CARTESIAN_POINT('Ctrl Pts',(399.844038354322,-61.4346409202823,0.16944744833954));
#2223=CARTESIAN_POINT('Ctrl Pts',(399.667117694085,-61.9698240224349,1.4400984764255));
#2224=CARTESIAN_POINT('Ctrl Pts',(399.43076704361,-62.3348504522908,2.38599194948023));
#2225=CARTESIAN_POINT('Ctrl Pts',(398.112030038688,-64.030894063794,7.12239219233892));
#2226=CARTESIAN_POINT('Ctrl Pts',(396.632571017449,-65.0369641765315,10.9338606241878));
#2227=CARTESIAN_POINT('Ctrl Pts',(392.177708757014,-67.7643007641695,22.4073348422278));
#2228=CARTESIAN_POINT('Ctrl Pts',(389.012154151677,-69.1327257380537,30.1063589260289));
#2229=CARTESIAN_POINT('Ctrl Pts',(385.916098840472,-70.3514519248136,37.8272608852229));
#2230=CARTESIAN_POINT('Ctrl Pts',(259.134995889208,126.859559425446,-218.19784686259));
#2231=CARTESIAN_POINT('Ctrl Pts',(259.377571532687,126.515882297885,-217.967003504645));
#2232=CARTESIAN_POINT('Ctrl Pts',(259.620227423573,126.172436821947,-217.736003974676));
#2233=CARTESIAN_POINT('Ctrl Pts',(260.576000373675,124.821035300728,-216.825824188397));
#2234=CARTESIAN_POINT('Ctrl Pts',(261.289728523394,123.814852139851,-216.145444424229));
#2235=CARTESIAN_POINT('Ctrl Pts',(262.96176399988,121.464692572761,-214.549826005438));
#2236=CARTESIAN_POINT('Ctrl Pts',(263.920618769206,120.122328816891,-213.633484414942));
#2237=CARTESIAN_POINT('Ctrl Pts',(266.800851413142,116.106284245367,-210.876788883082));
#2238=CARTESIAN_POINT('Ctrl Pts',(268.725899829239,113.44364979897,-209.028767871941));
#2239=CARTESIAN_POINT('Ctrl Pts',(274.515371191037,105.501035355819,-203.452240065803));
#2240=CARTESIAN_POINT('Ctrl Pts',(278.394167038708,100.266337171024,-199.691344020842));
#2241=CARTESIAN_POINT('Ctrl Pts',(290.083719423131,84.7524188251555,-188.262298524288));
#2242=CARTESIAN_POINT('Ctrl Pts',(297.94901808929,74.663165088734,-180.449832679447));
#2243=CARTESIAN_POINT('Ctrl Pts',(306.883227501781,63.5885881426336,-171.340706997372));
#2244=CARTESIAN_POINT('Ctrl Pts',(307.904236609329,62.3285869790001,-170.296193584901));
#2245=CARTESIAN_POINT('Ctrl Pts',(315.82964494233,52.5912171778709,-162.159038662192));
#2246=CARTESIAN_POINT('Ctrl Pts',(322.767537282875,44.3237499790588,-154.868996904429));
#2247=CARTESIAN_POINT('Ctrl Pts',(337.656749276859,27.0704969899456,-138.614604356778));
#2248=CARTESIAN_POINT('Ctrl Pts',(345.613828719546,18.1590626626753,-129.568600341109));
#2249=CARTESIAN_POINT('Ctrl Pts',(356.189237668713,6.55646920194518,-116.538977758743));
#2250=CARTESIAN_POINT('Ctrl Pts',(358.939728789355,3.56026916956397,-113.051586182218));
#2251=CARTESIAN_POINT('Ctrl Pts',(366.588605036322,-4.74753988776705,-102.982268345037));
#2252=CARTESIAN_POINT('Ctrl Pts',(371.414969013951,-9.95279293540769,-96.200727350448));
#2253=CARTESIAN_POINT('Ctrl Pts',(383.07043624107,-22.8075360807612,-77.8539624041025));
#2254=CARTESIAN_POINT('Ctrl Pts',(389.624832574624,-30.2176157231119,-65.6730082317792));
#2255=CARTESIAN_POINT('Ctrl Pts',(396.49951521214,-40.7177605464027,-45.1711436097646));
#2256=CARTESIAN_POINT('Ctrl Pts',(398.264008993001,-44.1164989506343,-37.9652930769659));
#2257=CARTESIAN_POINT('Ctrl Pts',(400.280630550344,-50.7487003142247,-23.0643222810549));
#2258=CARTESIAN_POINT('Ctrl Pts',(400.50585882864,-53.9680585425097,-15.3847669742286));
#2259=CARTESIAN_POINT('Ctrl Pts',(400.152866213338,-58.0683513931141,-5.87608243745778));
#2260=CARTESIAN_POINT('Ctrl Pts',(400.0709560497,-58.9004311650187,-3.97976075594384));
#2261=CARTESIAN_POINT('Ctrl Pts',(400.011966827338,-60.0266862223852,-1.4749536493705));
#2262=CARTESIAN_POINT('Ctrl Pts',(399.99898114861,-60.3049877021719,-0.858481415076732));
#2263=CARTESIAN_POINT('Ctrl Pts',(399.945717140983,-60.7222785723628,0.0844001224016328));
#2264=CARTESIAN_POINT('Ctrl Pts',(399.920193657383,-60.8649801021351,0.410752546821395));
#2265=CARTESIAN_POINT('Ctrl Pts',(399.776913296404,-61.4079995513592,1.68083577174984));
#2266=CARTESIAN_POINT('Ctrl Pts',(399.571213797024,-61.7826881240337,2.62608233240849));
#2267=CARTESIAN_POINT('Ctrl Pts',(398.340784760801,-63.520374844938,7.35997611007522));
#2268=CARTESIAN_POINT('Ctrl Pts',(396.87112849133,-64.5477616407547,11.1697884917723));
#2269=CARTESIAN_POINT('Ctrl Pts',(392.461973423525,-67.3234541045805,22.638724810301));
#2270=CARTESIAN_POINT('Ctrl Pts',(389.301706990952,-68.7074730679145,30.3355195446007));
#2271=CARTESIAN_POINT('Ctrl Pts',(386.210829464305,-69.9396503753836,38.0545732262812));
#2272=CARTESIAN_POINT('Ctrl Pts',(259.478122921111,127.307660810741,-218.146359569576));
#2273=CARTESIAN_POINT('Ctrl Pts',(259.720708697608,126.964082376573,-217.915403746914));
#2274=CARTESIAN_POINT('Ctrl Pts',(259.963374459183,126.620735701562,-217.684291333592));
#2275=CARTESIAN_POINT('Ctrl Pts',(260.919185225363,125.269723636747,-216.77366540086));
#2276=CARTESIAN_POINT('Ctrl Pts',(261.632939287015,124.263831959986,-216.092949141794));
#2277=CARTESIAN_POINT('Ctrl Pts',(263.305029762296,121.914356851534,-214.496534317675));
#2278=CARTESIAN_POINT('Ctrl Pts',(264.263911697233,120.572386839917,-213.579729799988));
#2279=CARTESIAN_POINT('Ctrl Pts',(267.144211971062,116.557528935611,-210.82162406878));
#2280=CARTESIAN_POINT('Ctrl Pts',(269.069287009452,113.895692839896,-208.972634390831));
#2281=CARTESIAN_POINT('Ctrl Pts',(274.858775089413,105.955497206407,-203.393106156177));
#2282=CARTESIAN_POINT('Ctrl Pts',(278.737498423,100.722443109889,-199.630084381473));
#2283=CARTESIAN_POINT('Ctrl Pts',(290.426503697661,85.2135722004163,-188.194200025118));
#2284=CARTESIAN_POINT('Ctrl Pts',(298.291014354255,75.1278341477276,-180.3765705311));
#2285=CARTESIAN_POINT('Ctrl Pts',(307.223459771433,64.0574904794739,-171.260554318713));
#2286=CARTESIAN_POINT('Ctrl Pts',(308.244254203836,62.7979766838351,-170.215238183164));
#2287=CARTESIAN_POINT('Ctrl Pts',(316.167885900022,53.0644199271083,-162.071726034476));
#2288=CARTESIAN_POINT('Ctrl Pts',(323.103602798702,44.8004626620313,-154.775390264952));
#2289=CARTESIAN_POINT('Ctrl Pts',(337.985675957576,27.5553530897165,-138.505052149013));
#2290=CARTESIAN_POINT('Ctrl Pts',(345.937498376094,18.6486396967922,-129.449026476466));
#2291=CARTESIAN_POINT('Ctrl Pts',(356.501463032505,7.05322084243498,-116.40280602358));
#2292=CARTESIAN_POINT('Ctrl Pts',(359.24853922776,4.05897381221509,-112.910784050072));
#2293=CARTESIAN_POINT('Ctrl Pts',(366.886243027267,-4.24309683316881,-102.827580241832));
#2294=CARTESIAN_POINT('Ctrl Pts',(371.703599708056,-9.44437365112368,-96.0360444138641));
#2295=CARTESIAN_POINT('Ctrl Pts',(383.328625935004,-22.2880263339873,-77.6617597014452));
#2296=CARTESIAN_POINT('Ctrl Pts',(389.856558472519,-29.6906866815364,-65.461424008349));
#2297=CARTESIAN_POINT('Ctrl Pts',(396.678439149219,-40.1762568022919,-44.9386240415194));
#2298=CARTESIAN_POINT('Ctrl Pts',(398.423267628289,-43.5694758437168,-37.7275385601966));
#2299=CARTESIAN_POINT('Ctrl Pts',(400.399394570161,-50.1875168769584,-22.8199506401212));
#2300=CARTESIAN_POINT('Ctrl Pts',(400.602107937723,-53.3975895681273,-15.1384928070418));
#2301=CARTESIAN_POINT('Ctrl Pts',(400.211961924488,-57.4806508101274,-5.62749550452286));
#2302=CARTESIAN_POINT('Ctrl Pts',(400.122061630536,-58.3087630515308,-3.73079486420597));
#2303=CARTESIAN_POINT('Ctrl Pts',(400.048707436321,-59.4301612112915,-1.22529966444694));
#2304=CARTESIAN_POINT('Ctrl Pts',(400.032405603204,-59.707494724671,-0.608662922286758));
#2305=CARTESIAN_POINT('Ctrl Pts',(399.984647781797,-60.1258261227834,0.334244690098737));
#2306=CARTESIAN_POINT('Ctrl Pts',(399.963182429286,-60.2693832354726,0.660561129471232));
#2307=CARTESIAN_POINT('Ctrl Pts',(399.843843507558,-60.8178620047329,1.93031916126018));
#2308=CARTESIAN_POINT('Ctrl Pts',(399.668918094028,-61.2008662417851,2.87498982934257));
#2309=CARTESIAN_POINT('Ctrl Pts',(398.54537055196,-62.9788363834402,7.60634993455876));
#2310=CARTESIAN_POINT('Ctrl Pts',(397.0942689566,-64.0315069600384,11.4143557152757));
#2311=CARTESIAN_POINT('Ctrl Pts',(392.74399353442,-66.8604620555419,22.8785173905188));
#2312=CARTESIAN_POINT('Ctrl Pts',(389.590656040361,-68.2616731036645,30.5729579746821));
#2313=CARTESIAN_POINT('Ctrl Pts',(386.506801819225,-69.5085438833211,38.2900603142063));
#2314=CARTESIAN_POINT('Ctrl Pts',(259.48901469523,127.321887327387,-218.144724326346));
#2315=CARTESIAN_POINT('Ctrl Pts',(259.731600791107,126.978312027564,-217.913764932253));
#2316=CARTESIAN_POINT('Ctrl Pts',(259.974266863771,126.634968490323,-217.682648933963));
#2317=CARTESIAN_POINT('Ctrl Pts',(260.930078821306,125.28396879405,-216.772008833397));
#2318=CARTESIAN_POINT('Ctrl Pts',(261.6438336983,124.278086374406,-216.091281888596));
#2319=CARTESIAN_POINT('Ctrl Pts',(263.315925903116,121.928633003452,-214.49484177381));
#2320=CARTESIAN_POINT('Ctrl Pts',(264.274808691274,120.586675496509,-213.578022555189));
#2321=CARTESIAN_POINT('Ctrl Pts',(267.155111082651,116.5718552795,-210.819872041638));
#2322=CARTESIAN_POINT('Ctrl Pts',(269.080186945003,113.910044539043,-208.970851603053));
#2323=CARTESIAN_POINT('Ctrl Pts',(274.869675491877,105.969925725744,-203.391228086629));
#2324=CARTESIAN_POINT('Ctrl Pts',(278.748396477835,100.736923845674,-199.628138807083));
#2325=CARTESIAN_POINT('Ctrl Pts',(290.437384232356,85.228213246353,-188.192037275601));
#2326=CARTESIAN_POINT('Ctrl Pts',(298.301869754281,75.1425868583172,-180.374243804533));
#2327=CARTESIAN_POINT('Ctrl Pts',(307.234259004685,64.072377653638,-171.258008778206));
#2328=CARTESIAN_POINT('Ctrl Pts',(308.255046602641,62.8128793386098,-170.212667151408));
#2329=CARTESIAN_POINT('Ctrl Pts',(316.178621741652,53.0794436988724,-162.068953124737));
#2330=CARTESIAN_POINT('Ctrl Pts',(323.114269418827,44.8155979274222,-154.77241748575));
#2331=CARTESIAN_POINT('Ctrl Pts',(337.996115516887,27.5707470450676,-138.501573021451));
#2332=CARTESIAN_POINT('Ctrl Pts',(345.947770763014,18.6641836278494,-129.445229117827));
#2333=CARTESIAN_POINT('Ctrl Pts',(356.511371585749,7.06899271909921,-116.398481641226));
#2334=CARTESIAN_POINT('Ctrl Pts',(359.258339220335,4.0748077396289,-112.906312643358));
#2335=CARTESIAN_POINT('Ctrl Pts',(366.895687868009,-4.22708057704273,-102.822667940985));
#2336=CARTESIAN_POINT('Ctrl Pts',(371.712758244134,-9.42823104898708,-96.0308147792538));
#2337=CARTESIAN_POINT('Ctrl Pts',(383.336816960081,-22.2715312829887,-77.6556564022509));
#2338=CARTESIAN_POINT('Ctrl Pts',(389.863908557168,-29.6739558244543,-65.4547054954141));
#2339=CARTESIAN_POINT('Ctrl Pts',(396.684110887265,-40.1590624694075,-44.931241254842));
#2340=CARTESIAN_POINT('Ctrl Pts',(398.428314264479,-43.5521059681138,-37.7199897302417));
#2341=CARTESIAN_POINT('Ctrl Pts',(400.403152939194,-50.1696965365925,-22.8121920890382));
#2342=CARTESIAN_POINT('Ctrl Pts',(400.605149203324,-53.3794732090692,-15.1306740337387));
#2343=CARTESIAN_POINT('Ctrl Pts',(400.213818034967,-57.4619875353455,-5.6196036166565));
#2344=CARTESIAN_POINT('Ctrl Pts',(400.123661303038,-58.2899737676357,-3.72289095978577));
#2345=CARTESIAN_POINT('Ctrl Pts',(400.049848056223,-59.4112178718151,-1.21737379162855));
#2346=CARTESIAN_POINT('Ctrl Pts',(400.033440717099,-59.6885207611878,-0.600731795884322));
#2347=CARTESIAN_POINT('Ctrl Pts',(399.985852862073,-60.1068841922691,0.342176775473775));
#2348=CARTESIAN_POINT('Ctrl Pts',(399.964513739997,-60.2504678909906,0.668492134402853));
#2349=CARTESIAN_POINT('Ctrl Pts',(399.845924581593,-60.7991174096227,1.93824009589435));
#2350=CARTESIAN_POINT('Ctrl Pts',(399.671973973135,-61.182383922811,2.88289259339834));
#2351=CARTESIAN_POINT('Ctrl Pts',(398.551831018339,-62.96162991431,7.6141723848513));
#2352=CARTESIAN_POINT('Ctrl Pts',(397.101328750857,-64.0151065086827,11.4221206923487));
#2353=CARTESIAN_POINT('Ctrl Pts',(392.752934488268,-66.8457558897561,22.8861307025913));
#2354=CARTESIAN_POINT('Ctrl Pts',(389.599818528197,-68.247513855368,30.5804964981257));
#2355=CARTESIAN_POINT('Ctrl Pts',(386.516189008944,-69.4948519265018,38.2975368461607));
#2356=CARTESIAN_POINT('Ctrl Pts',(260.186014756699,128.232453237992,-218.040022265365));
#2357=CARTESIAN_POINT('Ctrl Pts',(260.428621145659,127.889078614387,-217.808834227923));
#2358=CARTESIAN_POINT('Ctrl Pts',(260.671306976967,127.545935972432,-217.577488735157));
#2359=CARTESIAN_POINT('Ctrl Pts',(261.627194595526,126.195728172768,-216.665941608375));
#2360=CARTESIAN_POINT('Ctrl Pts',(262.341001232205,125.190438442553,-215.984530561284));
#2361=CARTESIAN_POINT('Ctrl Pts',(264.013203074196,122.842376824781,-214.386471334576));
#2362=CARTESIAN_POINT('Ctrl Pts',(264.972139825809,121.50121994969,-213.468710972988));
#2363=CARTESIAN_POINT('Ctrl Pts',(267.852575858051,117.488812699424,-210.707693486574));
#2364=CARTESIAN_POINT('Ctrl Pts',(269.77770319912,114.828625351303,-208.856703721118));
#2365=CARTESIAN_POINT('Ctrl Pts',(275.567217542228,106.893425114323,-203.27098024704));
#2366=CARTESIAN_POINT('Ctrl Pts',(279.445785302765,101.663766556311,-199.50356929453));
#2367=CARTESIAN_POINT('Ctrl Pts',(291.133642074465,86.165320545369,-188.053564174341));
#2368=CARTESIAN_POINT('Ctrl Pts',(298.996511419667,76.0868442694052,-180.225272870973));
#2369=CARTESIAN_POINT('Ctrl Pts',(307.925295310302,65.0252454526785,-171.09502946981));
#2370=CARTESIAN_POINT('Ctrl Pts',(308.945644238187,63.7667384446599,-170.048055919071));
#2371=CARTESIAN_POINT('Ctrl Pts',(316.865589735452,54.0410586381972,-161.89141778136));
#2372=CARTESIAN_POINT('Ctrl Pts',(323.796797012834,45.7843527139904,-154.582086696134));
#2373=CARTESIAN_POINT('Ctrl Pts',(338.664083633479,28.5560687805991,-138.278826994571));
#2374=CARTESIAN_POINT('Ctrl Pts',(346.605021753969,19.6591105424203,-129.202110944897));
#2375=CARTESIAN_POINT('Ctrl Pts',(357.145303778905,8.07851967536986,-116.121627106211));
#2376=CARTESIAN_POINT('Ctrl Pts',(359.885313916731,5.08830920919757,-112.620046827201));
#2377=CARTESIAN_POINT('Ctrl Pts',(367.4999027312,-3.2019000463611,-102.508180458633));
#2378=CARTESIAN_POINT('Ctrl Pts',(372.298626671733,-8.39495696088461,-95.6960155492736));
#2379=CARTESIAN_POINT('Ctrl Pts',(383.860692464544,-21.2156768063324,-77.2649413293331));
#2380=CARTESIAN_POINT('Ctrl Pts',(390.333911454981,-28.602992329688,-65.0246214180882));
#2381=CARTESIAN_POINT('Ctrl Pts',(397.046566188408,-39.0583864636874,-44.4586655038674));
#2382=CARTESIAN_POINT('Ctrl Pts',(398.75071166384,-42.4401744961204,-37.2367964947796));
#2383=CARTESIAN_POINT('Ctrl Pts',(400.642928555238,-49.0288765832274,-22.315598903058));
#2384=CARTESIAN_POINT('Ctrl Pts',(400.798873448239,-52.2196277958026,-14.6302379668936));
#2385=CARTESIAN_POINT('Ctrl Pts',(400.331356990954,-56.2671553070204,-5.11450825091146));
#2386=CARTESIAN_POINT('Ctrl Pts',(400.224614130456,-57.0870752359413,-3.21702732502907));
#2387=CARTESIAN_POINT('Ctrl Pts',(400.121292052309,-58.1984797486314,-0.710097459129842));
#2388=CARTESIAN_POINT('Ctrl Pts',(400.098138521956,-58.4738328936526,-0.0931177201543413));
#2389=CARTESIAN_POINT('Ctrl Pts',(400.061133623529,-58.8941850003747,0.849860323631083));
#2390=CARTESIAN_POINT('Ctrl Pts',(400.047708224021,-59.0394336811556,1.17611056454094));
#2391=CARTESIAN_POINT('Ctrl Pts',(399.976432913539,-59.5988459300995,2.44523039149252));
#2392=CARTESIAN_POINT('Ctrl Pts',(399.864687506565,-59.9987824839875,3.38872775857891));
#2393=CARTESIAN_POINT('Ctrl Pts',(398.963069164176,-61.8594725392104,8.11487699668922));
#2394=CARTESIAN_POINT('Ctrl Pts',(397.55162064166,-62.9647504585161,11.9191389373592));
#2395=CARTESIAN_POINT('Ctrl Pts',(393.324382148753,-65.9040488857432,23.3734369403839));
#2396=CARTESIAN_POINT('Ctrl Pts',(390.185545800461,-67.3408827902622,31.0630127575336));
#2397=CARTESIAN_POINT('Ctrl Pts',(387.116408521973,-68.6181806305749,38.7760828519621));
#2398=CARTESIAN_POINT('Ctrl Pts',(260.867567860274,129.133061070068,-217.934073504771));
#2399=CARTESIAN_POINT('Ctrl Pts',(261.110185087347,128.78988883325,-217.702655943074));
#2400=CARTESIAN_POINT('Ctrl Pts',(261.352881185415,128.446948811831,-217.471080070864));
#2401=CARTESIAN_POINT('Ctrl Pts',(262.308806945326,127.097539760988,-216.558622415704));
#2402=CARTESIAN_POINT('Ctrl Pts',(263.022637030105,126.092847961132,-215.876524616538));
#2403=CARTESIAN_POINT('Ctrl Pts',(264.69488146756,123.746190673229,-214.276839989463));
#2404=CARTESIAN_POINT('Ctrl Pts',(265.653833187083,122.405841871759,-213.358134816789));
#2405=CARTESIAN_POINT('Ctrl Pts',(268.534283975107,118.395870662822,-210.594239148908));
#2406=CARTESIAN_POINT('Ctrl Pts',(270.459381010852,115.737323087752,-208.741272312833));
#2407=CARTESIAN_POINT('Ctrl Pts',(276.248667331743,107.807093839584,-203.149424831543));
#2408=CARTESIAN_POINT('Ctrl Pts',(280.12690142139,102.580817892588,-199.377675070799));
#2409=CARTESIAN_POINT('Ctrl Pts',(291.813043348077,87.0927699791726,-187.913711868986));
#2410=CARTESIAN_POINT('Ctrl Pts',(299.673852145818,77.0215533175382,-180.074881820436));
#2411=CARTESIAN_POINT('Ctrl Pts',(308.598424196444,65.9687230870479,-170.930583252163));
#2412=CARTESIAN_POINT('Ctrl Pts',(309.618263619333,64.7112259687246,-169.881972436516));
#2413=CARTESIAN_POINT('Ctrl Pts',(317.53401686484,54.9934503849246,-161.712368933505));
#2414=CARTESIAN_POINT('Ctrl Pts',(324.46021866518,46.7440379113355,-154.390206261122));
#2415=CARTESIAN_POINT('Ctrl Pts',(339.311461702773,29.5327314961521,-138.054483043736));
#2416=CARTESIAN_POINT('Ctrl Pts',(347.240727577408,20.6456449734186,-128.957381896088));
#2417=CARTESIAN_POINT('Ctrl Pts',(357.755979637222,9.08014094631741,-115.843264196884));
#2418=CARTESIAN_POINT('Ctrl Pts',(360.488544216619,6.09404465035379,-112.332311568483));
#2419=CARTESIAN_POINT('Ctrl Pts',(368.078859328073,-2.18404606850939,-102.192389000687));
#2420=CARTESIAN_POINT('Ctrl Pts',(372.858099515697,-7.36867502271376,-95.3600818083717));
#2421=CARTESIAN_POINT('Ctrl Pts',(384.354656271349,-20.1656986437924,-76.873885082114));
#2422=CARTESIAN_POINT('Ctrl Pts',(390.771590117649,-27.5370587060934,-64.5951031251546));
#2423=CARTESIAN_POINT('Ctrl Pts',(397.370077495076,-37.9600959756648,-43.9886806077519));
#2424=CARTESIAN_POINT('Ctrl Pts',(399.031596248329,-41.3295160199789,-36.7569396230227));
#2425=CARTESIAN_POINT('Ctrl Pts',(400.831724662295,-47.8861613273999,-21.8239378865426));
#2426=CARTESIAN_POINT('Ctrl Pts',(400.927734928081,-51.0519038367317,-14.1354513116392));
#2427=CARTESIAN_POINT('Ctrl Pts',(400.374959307798,-55.0694694922133,-4.61662256496001));
#2428=CARTESIAN_POINT('Ctrl Pts',(400.246549866177,-55.8830739742498,-2.71848951602049));
#2429=CARTESIAN_POINT('Ctrl Pts',(400.131604829298,-56.9905775153561,-0.210225118825913));
#2430=CARTESIAN_POINT('Ctrl Pts',(400.10771220175,-57.2654450344869,0.407078733623285));
#2431=CARTESIAN_POINT('Ctrl Pts',(400.067850997423,-57.6847876837072,1.35053240384063));
#2432=CARTESIAN_POINT('Ctrl Pts',(400.053187982226,-57.8296597853016,1.67694227255283));
#2433=CARTESIAN_POINT('Ctrl Pts',(399.984098936928,-58.3892615749281,2.94649871585889));
#2434=CARTESIAN_POINT('Ctrl Pts',(399.900909127434,-58.7952448917136,3.88970780201662));
#2435=CARTESIAN_POINT('Ctrl Pts',(399.200530452199,-60.7126975631942,8.61237350452305));
#2436=CARTESIAN_POINT('Ctrl Pts',(397.89791675212,-61.8854249857471,12.4120973756098));
#2437=CARTESIAN_POINT('Ctrl Pts',(393.838886419402,-64.9450616112263,23.8564996022823));
#2438=CARTESIAN_POINT('Ctrl Pts',(390.720251627766,-66.4210928386183,31.5411405049469));
#2439=CARTESIAN_POINT('Ctrl Pts',(387.672355175695,-67.7312041005816,39.2501281267311));
#2440=CARTESIAN_POINT('Ctrl Pts',(261.544537852424,130.037886708606,-217.825234044036));
#2441=CARTESIAN_POINT('Ctrl Pts',(261.787156752842,129.694921543134,-217.593582539496));
#2442=CARTESIAN_POINT('Ctrl Pts',(262.029853908322,129.352188843964,-217.361771852074));
#2443=CARTESIAN_POINT('Ctrl Pts',(262.985781367896,128.003597122607,-216.448386135968));
#2444=CARTESIAN_POINT('Ctrl Pts',(263.699607322147,126.999517263561,-215.76558835712));
#2445=CARTESIAN_POINT('Ctrl Pts',(265.371828853546,124.654297455958,-214.164247015151));
#2446=CARTESIAN_POINT('Ctrl Pts',(266.330757292617,123.314775990358,-213.244578823075));
#2447=CARTESIAN_POINT('Ctrl Pts',(269.211105767253,119.307299472053,-210.477749499643));
#2448=CARTESIAN_POINT('Ctrl Pts',(271.136091354828,116.650431919769,-208.622767476949));
#2449=CARTESIAN_POINT('Ctrl Pts',(276.92489582527,108.725298164094,-203.024677983625));
#2450=CARTESIAN_POINT('Ctrl Pts',(280.802613228871,103.502492823822,-199.248505871243));
#2451=CARTESIAN_POINT('Ctrl Pts',(292.486438845716,88.0251248414581,-187.77031720212));
#2452=CARTESIAN_POINT('Ctrl Pts',(300.344718149334,77.9613791303966,-179.920747575993));
#2453=CARTESIAN_POINT('Ctrl Pts',(309.264419296685,66.9175948510303,-170.762136355872));
#2454=CARTESIAN_POINT('Ctrl Pts',(310.28367200205,65.661139874278,-169.711858425074));
#2455=CARTESIAN_POINT('Ctrl Pts',(318.194617802535,55.9515234240429,-161.529054524052));
#2456=CARTESIAN_POINT('Ctrl Pts',(325.115185368508,47.7096537732742,-154.193833904475));
#2457=CARTESIAN_POINT('Ctrl Pts',(339.948701513804,30.5159468427611,-137.825126523147));
#2458=CARTESIAN_POINT('Ctrl Pts',(347.865194900643,21.6391159250719,-128.707334844378));
#2459=CARTESIAN_POINT('Ctrl Pts',(358.353425048111,10.0893398281877,-115.559221763903));
#2460=CARTESIAN_POINT('Ctrl Pts',(361.077974574739,7.10753721638064,-112.038807931172));
#2461=CARTESIAN_POINT('Ctrl Pts',(368.64224960394,-1.15788828824784,-101.870618268179));
#2462=CARTESIAN_POINT('Ctrl Pts',(373.400675296752,-6.33368994531676,-95.0180751281598));
#2463=CARTESIAN_POINT('Ctrl Pts',(384.82768877741,-19.1057984167091,-76.4768563233879));
#2464=CARTESIAN_POINT('Ctrl Pts',(391.185322272013,-26.4602463120464,-64.1600654391315));
#2465=CARTESIAN_POINT('Ctrl Pts',(397.663839678844,-36.8490114997938,-43.5147370904929));
#2466=CARTESIAN_POINT('Ctrl Pts',(399.280506728026,-40.2052673104731,-36.2737547315872));
#2467=CARTESIAN_POINT('Ctrl Pts',(400.984609092173,-46.7293202329793,-21.3304255225928));
#2468=CARTESIAN_POINT('Ctrl Pts',(401.009020559442,-49.8689364170528,-13.639974943407));
#2469=CARTESIAN_POINT('Ctrl Pts',(400.411460048576,-53.8704858097805,-4.1193753166973));
#2470=CARTESIAN_POINT('Ctrl Pts',(400.279487813968,-54.6824272100615,-2.22084696914));
#2471=CARTESIAN_POINT('Ctrl Pts',(400.160625814597,-55.7873493805839,0.288554723272344));
#2472=CARTESIAN_POINT('Ctrl Pts',(400.13542693646,-56.0614780436617,0.906175924292291));
#2473=CARTESIAN_POINT('Ctrl Pts',(400.094543386578,-56.4800192771604,1.85007868775019));
#2474=CARTESIAN_POINT('Ctrl Pts',(400.079789589846,-56.6246943887754,2.17663565724379));
#2475=CARTESIAN_POINT('Ctrl Pts',(400.013560856828,-57.184456293084,3.44667017155046));
#2476=CARTESIAN_POINT('Ctrl Pts',(399.941774087716,-57.5931029236144,4.38998111717921));
#2477=CARTESIAN_POINT('Ctrl Pts',(399.346525664062,-59.5425429573163,9.11152770819255));
#2478=CARTESIAN_POINT('Ctrl Pts',(398.170950880789,-60.776052738084,12.907188859744));
#2479=CARTESIAN_POINT('Ctrl Pts',(394.300343289341,-63.9550490173888,24.3423721291144));
#2480=CARTESIAN_POINT('Ctrl Pts',(391.213980630604,-65.4760676201854,32.0218886255713));
#2481=CARTESIAN_POINT('Ctrl Pts',(388.193752213883,-66.8216057551798,39.726722780314));
#2482=CARTESIAN_POINT('',(-400.000000000539,-90.0000000024999,-1.33430408862243E-10));
#2483=CARTESIAN_POINT('',(396.437163943666,-67.0744521252628,-6.04848112357327E-16));
#2484=CARTESIAN_POINT('Ctrl Pts',(396.437163943666,-67.0744521252628,2.74902461020995E-15));
#2485=CARTESIAN_POINT('Ctrl Pts',(396.185724676825,-67.3515883605398,2.80631664780347E-15));
#2486=CARTESIAN_POINT('Ctrl Pts',(395.932047457342,-67.618152528338,2.84637526197475E-15));
#2487=CARTESIAN_POINT('Ctrl Pts',(395.678744999762,-67.8745141189639,2.89081986821321E-15));
#2488=CARTESIAN_POINT('Ctrl Pts',(395.250496840157,-68.3079342303506,2.96596055578416E-15));
#2489=CARTESIAN_POINT('Ctrl Pts',(394.861741186558,-68.6796964542876,2.43980473444562E-15));
#2490=CARTESIAN_POINT('Ctrl Pts',(394.332889306636,-69.1582794746979,-7.06514968582738E-16));
#2491=CARTESIAN_POINT('Ctrl Pts',(394.015860384871,-69.4451739052478,-6.87779538123875E-16));
#2492=CARTESIAN_POINT('Ctrl Pts',(393.655514676299,-69.7619746948598,-6.47388410833689E-16));
#2493=CARTESIAN_POINT('Ctrl Pts',(393.24901074067,-70.1082464933271,8.23993815528337E-16));
#2494=CARTESIAN_POINT('Ctrl Pts',(391.889528385275,-71.2662928464555,9.46033143975192E-16));
#2495=CARTESIAN_POINT('Ctrl Pts',(390.009189449608,-72.7497708951431,1.21266133862603E-15));
#2496=CARTESIAN_POINT('Ctrl Pts',(387.446289210668,-74.4770467298125,1.35437716807044E-15));
#2497=CARTESIAN_POINT('Ctrl Pts',(385.272489958314,-75.9420865549938,1.47457761887707E-15));
#2498=CARTESIAN_POINT('Ctrl Pts',(382.657329379092,-77.5345325348175,2.14622435550388E-16));
#2499=CARTESIAN_POINT('Ctrl Pts',(379.720334556439,-79.1854557674376,3.19425642433053E-15));
#2500=CARTESIAN_POINT('Ctrl Pts',(377.711683708801,-80.3145447004554,3.3139990456789E-15));
#2501=CARTESIAN_POINT('Ctrl Pts',(375.543361922396,-81.4733849146276,3.4152249295783E-15));
#2502=CARTESIAN_POINT('Ctrl Pts',(373.233344547313,-82.6433809597938,3.6455065622506E-15));
#2503=CARTESIAN_POINT('Ctrl Pts',(369.751076761282,-84.4071077532857,3.99264780881398E-15));
#2504=CARTESIAN_POINT('Ctrl Pts',(366.000262188673,-86.1756805279586,4.16401395910374E-15));
#2505=CARTESIAN_POINT('Ctrl Pts',(361.692768264985,-88.0505873346175,6.01029223474718E-15));
#2506=CARTESIAN_POINT('Ctrl Pts',(358.485138221148,-89.4467604944592,6.17925410863277E-15));
#2507=CARTESIAN_POINT('Ctrl Pts',(355.000970551336,-90.8831979199364,6.42167790932666E-15));
#2508=CARTESIAN_POINT('Ctrl Pts',(351.259916280738,-92.3495933571664,5.05355789854396E-15));
#2509=CARTESIAN_POINT('Ctrl Pts',(346.019748915569,-94.4036019223453,5.49456359903536E-15));
#2510=CARTESIAN_POINT('Ctrl Pts',(340.270232892768,-96.5034270661511,5.90956247518875E-15));
#2511=CARTESIAN_POINT('Ctrl Pts',(334.055250214001,-98.5943379323051,6.38512214862174E-15));
#2512=CARTESIAN_POINT('Ctrl Pts',(330.482192481302,-99.7964241849701,6.65852631663736E-15));
#2513=CARTESIAN_POINT('Ctrl Pts',(326.718898885632,-101.006798139155,4.82751049032971E-15));
#2514=CARTESIAN_POINT('Ctrl Pts',(322.926237703225,-102.173815392386,6.00611574446789E-15));
#2515=CARTESIAN_POINT('Ctrl Pts',(313.818050799384,-104.976441504029,6.66145742549414E-15));
#2516=CARTESIAN_POINT('Ctrl Pts',(304.510847879455,-107.54259307233,7.00180144235431E-15));
#2517=CARTESIAN_POINT('Ctrl Pts',(295.09541384255,-109.89734157947,8.79222566556271E-15));
#2518=CARTESIAN_POINT('Ctrl Pts',(277.266480923593,-114.356260096688,9.71100948914982E-15));
#2519=CARTESIAN_POINT('Ctrl Pts',(259.047921575885,-118.052322351106,1.01393947371375E-14));
#2520=CARTESIAN_POINT('Ctrl Pts',(241.049546172748,-121.128791487042,1.00106238078153E-14));
#2521=CARTESIAN_POINT('Ctrl Pts',(237.71284211247,-121.699135577954,1.01179331817644E-14));
#2522=CARTESIAN_POINT('Ctrl Pts',(234.385696593977,-122.248364857653,1.18481245593743E-14));
#2523=CARTESIAN_POINT('Ctrl Pts',(231.065902300084,-122.777987981146,1.1981563287383E-14));
#2524=CARTESIAN_POINT('Ctrl Pts',(216.925529493715,-125.033871252838,1.254993385309E-14));
#2525=CARTESIAN_POINT('Ctrl Pts',(202.775875926887,-126.951498954209,1.30637932641369E-14));
#2526=CARTESIAN_POINT('Ctrl Pts',(188.855105417552,-128.594694225803,1.09990262720574E-14));
#2527=CARTESIAN_POINT('Ctrl Pts',(157.712144537214,-132.270781409891,1.20583375326791E-14));
#2528=CARTESIAN_POINT('Ctrl Pts',(127.713985489243,-134.580800789144,1.30733296106723E-14));
#2529=CARTESIAN_POINT('Ctrl Pts',(101.509078641132,-136.100453441968,1.34936128898797E-14));
#2530=CARTESIAN_POINT('Ctrl Pts',(96.9444266908583,-136.365162852524,1.35668223426444E-14));
#2531=CARTESIAN_POINT('Ctrl Pts',(92.5160910554395,-136.605704697423,1.48636995503904E-14));
#2532=CARTESIAN_POINT('Ctrl Pts',(88.1708247897066,-136.829006585559,1.54355711943817E-14));
#2533=CARTESIAN_POINT('Ctrl Pts',(78.6652997939216,-137.317492572259,1.56353251214037E-14));
#2534=CARTESIAN_POINT('Ctrl Pts',(69.1919228302369,-137.73577207341,1.56444098994357E-14));
#2535=CARTESIAN_POINT('Ctrl Pts',(59.7780105864215,-138.093099841272,1.58810001150672E-14));
#2536=CARTESIAN_POINT('Ctrl Pts',(52.7512133067906,-138.359818897295,1.60572572070555E-14));
#2537=CARTESIAN_POINT('Ctrl Pts',(45.7575454884746,-138.592581076477,1.62488651385407E-14));
#2538=CARTESIAN_POINT('Ctrl Pts',(38.8083502505828,-138.795039752778,1.63040309201238E-14));
#2539=CARTESIAN_POINT('Ctrl Pts',(30.1602046086127,-139.046995851173,1.64695006378373E-14));
#2540=CARTESIAN_POINT('Ctrl Pts',(21.5809430565645,-139.25239872349,1.68236930856191E-14));
#2541=CARTESIAN_POINT('Ctrl Pts',(13.0924017878744,-139.417302482184,1.72019406245396E-14));
#2542=CARTESIAN_POINT('Ctrl Pts',(11.1801719838804,-139.454450664915,1.72406504306095E-14));
#2543=CARTESIAN_POINT('Ctrl Pts',(9.27254624943715,-139.489549602947,1.72728869028524E-14));
#2544=CARTESIAN_POINT('Ctrl Pts',(7.36977453435527,-139.522678154711,1.73124083525839E-14));
#2545=CARTESIAN_POINT('Ctrl Pts',(1.41642052584434,-139.626330103539,1.74360622724505E-14));
#2546=CARTESIAN_POINT('Ctrl Pts',(-4.43844141734659,-139.710281249899,1.71327790780665E-14));
#2547=CARTESIAN_POINT('Ctrl Pts',(-10.4424700202523,-139.779470441365,1.75964597518707E-14));
#2548=CARTESIAN_POINT('Ctrl Pts',(-18.6662815611768,-139.874239955124,1.77395115997146E-14));
#2549=CARTESIAN_POINT('Ctrl Pts',(-27.0751436151533,-139.939548315436,1.80922128478919E-14));
#2550=CARTESIAN_POINT('Ctrl Pts',(-35.3211360982422,-139.972873380774,1.78664209753998E-14));
#2551=CARTESIAN_POINT('Ctrl Pts',(-39.0192920884305,-139.987818978924,1.79608828731309E-14));
#2552=CARTESIAN_POINT('Ctrl Pts',(-42.6846882959869,-139.99648606714,1.80848744084061E-14));
#2553=CARTESIAN_POINT('Ctrl Pts',(-46.2859451061352,-139.999238586641,1.81979050257875E-14));
#2554=CARTESIAN_POINT('Ctrl Pts',(-47.5320762804178,-140.000191032006,1.82235771690952E-14));
#2555=CARTESIAN_POINT('Ctrl Pts',(-48.7705278368166,-140.000437578089,1.82017677252458E-14));
#2556=CARTESIAN_POINT('Ctrl Pts',(-49.9999999995417,-140.000000000215,1.81279632378822E-14));
#2557=CARTESIAN_POINT('Ctrl Pts',(-52.3386652005423,-139.999167652662,1.81278135120846E-14));
#2558=CARTESIAN_POINT('Ctrl Pts',(-54.6448400076807,-139.994940110267,1.81374604112534E-14));
#2559=CARTESIAN_POINT('Ctrl Pts',(-56.9095731304558,-139.987424389485,1.8635496949544E-14));
#2560=CARTESIAN_POINT('Ctrl Pts',(-58.6389926415375,-139.981685155123,1.86332339129835E-14));
#2561=CARTESIAN_POINT('Ctrl Pts',(-60.3519705799748,-139.974022222128,1.87588301879858E-14));
#2562=CARTESIAN_POINT('Ctrl Pts',(-62.0648481493342,-139.964326185857,1.87923931765752E-14));
#2563=CARTESIAN_POINT('Ctrl Pts',(-67.1658760192977,-139.935450945661,1.88923452941441E-14));
#2564=CARTESIAN_POINT('Ctrl Pts',(-72.2227988808391,-139.888648668899,1.89371285553857E-14));
#2565=CARTESIAN_POINT('Ctrl Pts',(-77.2375604581668,-139.822645056232,1.86522915981102E-14));
#2566=CARTESIAN_POINT('Ctrl Pts',(-88.3484111447281,-139.676405544382,1.86152934793689E-14));
#2567=CARTESIAN_POINT('Ctrl Pts',(-99.2522925865401,-139.435737881375,1.87608960724222E-14));
#2568=CARTESIAN_POINT('Ctrl Pts',(-109.970257241546,-139.090889513139,1.70629334171452E-14));
#2569=CARTESIAN_POINT('Ctrl Pts',(-123.55606540924,-138.653768853704,1.70850919669425E-14));
#2570=CARTESIAN_POINT('Ctrl Pts',(-136.843043566666,-138.047892118094,1.71161172316799E-14));
#2571=CARTESIAN_POINT('Ctrl Pts',(-149.874398518373,-137.261901272056,1.99527474571468E-14));
#2572=CARTESIAN_POINT('Ctrl Pts',(-170.633272698161,-136.009822333233,1.94502802623236E-14));
#2573=CARTESIAN_POINT('Ctrl Pts',(-190.743748746587,-134.301683361609,1.95694676231177E-14));
#2574=CARTESIAN_POINT('Ctrl Pts',(-210.379790761915,-132.062277735314,1.92086822971429E-14));
#2575=CARTESIAN_POINT('Ctrl Pts',(-211.628310547934,-131.919889456089,1.92072055159532E-14));
#2576=CARTESIAN_POINT('Ctrl Pts',(-212.874895983847,-131.775214277506,1.92143304140933E-14));
#2577=CARTESIAN_POINT('Ctrl Pts',(-214.119594686478,-131.628271123605,2.05015614321072E-14));
#2578=CARTESIAN_POINT('Ctrl Pts',(-220.791898835238,-130.84057092489,2.01464753135494E-14));
#2579=CARTESIAN_POINT('Ctrl Pts',(-227.409966968522,-129.987806485666,2.02206259106001E-14));
#2580=CARTESIAN_POINT('Ctrl Pts',(-233.981277399964,-129.072039306812,2.02325180343619E-14));
#2581=CARTESIAN_POINT('Ctrl Pts',(-241.952328263763,-127.961206568319,2.02469432733417E-14));
#2582=CARTESIAN_POINT('Ctrl Pts',(-249.898056045726,-126.752270369698,2.16369817509356E-14));
#2583=CARTESIAN_POINT('Ctrl Pts',(-257.893698611329,-125.430691302908,2.15742626228324E-14));
#2584=CARTESIAN_POINT('Ctrl Pts',(-274.840843307547,-122.629541615611,2.14413264478515E-14));
#2585=CARTESIAN_POINT('Ctrl Pts',(-291.89978435357,-119.342115485546,2.20285106583172E-14));
#2586=CARTESIAN_POINT('Ctrl Pts',(-308.976345718773,-115.505600655971,2.07485409631372E-14));
#2587=CARTESIAN_POINT('Ctrl Pts',(-315.944894985615,-113.940007792684,2.07407671009611E-14));
#2588=CARTESIAN_POINT('Ctrl Pts',(-322.920937133226,-112.28743848478,1.93890746679698E-14));
#2589=CARTESIAN_POINT('Ctrl Pts',(-329.867324712275,-110.555250168828,1.90072156006542E-14));
#2590=CARTESIAN_POINT('Ctrl Pts',(-330.908827251355,-110.295535531731,1.90044383897709E-14));
#2591=CARTESIAN_POINT('Ctrl Pts',(-331.950315654729,-110.033874930805,1.90023518020075E-14));
#2592=CARTESIAN_POINT('Ctrl Pts',(-332.992238739997,-109.770147335569,1.79601230998129E-14));
#2593=CARTESIAN_POINT('Ctrl Pts',(-336.9396223966,-108.771000648112,1.79449616612503E-14));
#2594=CARTESIAN_POINT('Ctrl Pts',(-340.893431630896,-107.742935556327,1.7946024279234E-14));
#2595=CARTESIAN_POINT('Ctrl Pts',(-344.877899686991,-106.678432021672,1.9042097120796E-14));
#2596=CARTESIAN_POINT('Ctrl Pts',(-348.774055031359,-105.637522400299,1.90656807154122E-14));
#2597=CARTESIAN_POINT('Ctrl Pts',(-352.699363326952,-104.561109321953,1.8987568731828E-14));
#2598=CARTESIAN_POINT('Ctrl Pts',(-356.675599551678,-103.439171741552,1.87136664440117E-14));
#2599=CARTESIAN_POINT('Ctrl Pts',(-356.988326525805,-103.350932480892,1.87268490844124E-14));
#2600=CARTESIAN_POINT('Ctrl Pts',(-357.301369298603,-103.262414634667,1.87068265545131E-14));
#2601=CARTESIAN_POINT('Ctrl Pts',(-357.61473901186,-103.17361535066,1.63798738799716E-14));
#2602=CARTESIAN_POINT('Ctrl Pts',(-358.741711669974,-102.854266157351,1.63834452826349E-14));
#2603=CARTESIAN_POINT('Ctrl Pts',(-359.874625772127,-102.530786122943,2.14068609680122E-14));
#2604=CARTESIAN_POINT('Ctrl Pts',(-361.008804770108,-102.20457825371,2.1409291574991E-14));
#2605=CARTESIAN_POINT('Ctrl Pts',(-363.618555721765,-101.453972486292,2.141488441253E-14));
#2606=CARTESIAN_POINT('Ctrl Pts',(-366.06974121947,-100.736676767891,2.16063924669555E-14));
#2607=CARTESIAN_POINT('Ctrl Pts',(-368.380224929407,-100.052362578539,1.74200831714835E-14));
#2608=CARTESIAN_POINT('Ctrl Pts',(-372.706114422434,-98.7711297575009,1.74144453252633E-14));
#2609=CARTESIAN_POINT('Ctrl Pts',(-376.538891788801,-97.6056709996999,1.71899110937279E-14));
#2610=CARTESIAN_POINT('Ctrl Pts',(-379.988662233002,-96.5294457295107,1.63326170310085E-14));
#2611=CARTESIAN_POINT('Ctrl Pts',(-388.387333174852,-93.909311419178,1.60007173488657E-14));
#2612=CARTESIAN_POINT('Ctrl Pts',(-394.515961513129,-91.8199254390966,1.64189833640117E-14));
#2613=CARTESIAN_POINT('Ctrl Pts',(-399.999990509624,-90.0000031525061,1.60982349672847E-14));
#2614=CARTESIAN_POINT('',(-400.000000000495,-59.999999999899,-150.000000000058));
#2615=CARTESIAN_POINT('Ctrl Pts',(-400.,-59.9999999999493,-150.000000000133));
#2616=CARTESIAN_POINT('Ctrl Pts',(-400.,-60.9265074802839,-149.378881102005));
#2617=CARTESIAN_POINT('Ctrl Pts',(-400.,-61.7967017085177,-148.759105586846));
#2618=CARTESIAN_POINT('Ctrl Pts',(-400.,-62.6598273890797,-148.022339926475));
#2619=CARTESIAN_POINT('Ctrl Pts',(-400.,-63.3212632069143,-147.457737102002));
#2620=CARTESIAN_POINT('Ctrl Pts',(-400.000000000001,-63.9494362395004,-146.830708765761));
#2621=CARTESIAN_POINT('Ctrl Pts',(-400.000000000001,-64.4608483019378,-146.269316520301));
#2622=CARTESIAN_POINT('Ctrl Pts',(-400.000000000001,-64.9771340153231,-145.702574323108));
#2623=CARTESIAN_POINT('Ctrl Pts',(-400.,-65.3962159732896,-145.186822885522));
#2624=CARTESIAN_POINT('Ctrl Pts',(-400.,-65.7055893148914,-144.792271327304));
#2625=CARTESIAN_POINT('Ctrl Pts',(-400.,-65.9717358542932,-144.452847990788));
#2626=CARTESIAN_POINT('Ctrl Pts',(-400.,-66.2080109563298,-144.140837157873));
#2627=CARTESIAN_POINT('Ctrl Pts',(-400.,-66.4509448537211,-143.81045639789));
#2628=CARTESIAN_POINT('Ctrl Pts',(-400.,-67.9620040795251,-141.75547394891));
#2629=CARTESIAN_POINT('Ctrl Pts',(-400.,-69.2880367394096,-139.551012906867));
#2630=CARTESIAN_POINT('Ctrl Pts',(-400.,-70.4728812635203,-137.293069516143));
#2631=CARTESIAN_POINT('Ctrl Pts',(-400.,-72.1358939220975,-134.123887092025));
#2632=CARTESIAN_POINT('Ctrl Pts',(-400.000000000001,-73.5021685973058,-130.889753835976));
#2633=CARTESIAN_POINT('Ctrl Pts',(-400.000000000001,-74.5703713541678,-128.071117499399));
#2634=CARTESIAN_POINT('Ctrl Pts',(-400.000000000001,-75.076977824711,-126.734349365218));
#2635=CARTESIAN_POINT('Ctrl Pts',(-400.000000000001,-75.5176983395779,-125.491518903081));
#2636=CARTESIAN_POINT('Ctrl Pts',(-400.000000000001,-75.8931297869612,-124.394112101183));
#2637=CARTESIAN_POINT('Ctrl Pts',(-400.000000000001,-76.1492269874018,-123.645525876802));
#2638=CARTESIAN_POINT('Ctrl Pts',(-400.000000000001,-76.3719672944222,-122.9758507352));
#2639=CARTESIAN_POINT('Ctrl Pts',(-400.000000000001,-76.6161425473147,-122.22367027948));
#2640=CARTESIAN_POINT('Ctrl Pts',(-400.000000000001,-76.7687757864294,-121.753484468284));
#2641=CARTESIAN_POINT('Ctrl Pts',(-400.000000000001,-76.9247018399075,-121.265599881463));
#2642=CARTESIAN_POINT('Ctrl Pts',(-400.000000000001,-77.0838124992211,-120.759619851383));
#2643=CARTESIAN_POINT('Ctrl Pts',(-400.000000000001,-78.0657901241097,-117.636880807228));
#2644=CARTESIAN_POINT('Ctrl Pts',(-400.000000000001,-79.1636388062283,-113.82309891363));
#2645=CARTESIAN_POINT('Ctrl Pts',(-400.000000000001,-80.2887398840636,-109.205156317595));
#2646=CARTESIAN_POINT('Ctrl Pts',(-400.000000000001,-81.1152926418417,-105.812596072823));
#2647=CARTESIAN_POINT('Ctrl Pts',(-400.000000000001,-81.9553535661425,-101.985764936065));
#2648=CARTESIAN_POINT('Ctrl Pts',(-400.000000000001,-82.7747291671365,-97.6803712871191));
#2649=CARTESIAN_POINT('Ctrl Pts',(-400.000000000001,-83.3477564032024,-94.6694104776464));
#2650=CARTESIAN_POINT('Ctrl Pts',(-400.000000000001,-83.9201775774133,-91.3501891816147));
#2651=CARTESIAN_POINT('Ctrl Pts',(-400.000000000001,-84.427040027277,-88.1239158540776));
#2652=CARTESIAN_POINT('Ctrl Pts',(-400.000000000001,-84.5482938801155,-87.3521126333431));
#2653=CARTESIAN_POINT('Ctrl Pts',(-400.000000000001,-84.6665540699335,-86.5824922548773));
#2654=CARTESIAN_POINT('Ctrl Pts',(-400.000000000001,-84.7820032085244,-85.8156264992173));
#2655=CARTESIAN_POINT('Ctrl Pts',(-400.000000000001,-85.0143118883187,-84.2725264514285));
#2656=CARTESIAN_POINT('Ctrl Pts',(-400.000000000001,-85.2339626048085,-82.7403882132779));
#2657=CARTESIAN_POINT('Ctrl Pts',(-400.000000000001,-85.4416043790009,-81.2237892490015));
#2658=CARTESIAN_POINT('Ctrl Pts',(-400.000000000001,-86.1309983491853,-76.1885106533212));
#2659=CARTESIAN_POINT('Ctrl Pts',(-400.000000000001,-86.6892857373668,-71.3247096735489));
#2660=CARTESIAN_POINT('Ctrl Pts',(-400.000000000001,-87.1422113970802,-66.7999512565514));
#2661=CARTESIAN_POINT('Ctrl Pts',(-400.000000000001,-87.7947712365065,-60.2808336867793));
#2662=CARTESIAN_POINT('Ctrl Pts',(-400.000000000001,-88.231024285509,-54.4657899809971));
#2663=CARTESIAN_POINT('Ctrl Pts',(-400.000000000001,-88.5340835066103,-49.8556074511853));
#2664=CARTESIAN_POINT('Ctrl Pts',(-400.000000000001,-88.6640257482826,-47.8789064939743));
#2665=CARTESIAN_POINT('Ctrl Pts',(-400.000000000001,-88.7661831820958,-46.1915412126179));
#2666=CARTESIAN_POINT('Ctrl Pts',(-400.000000000001,-88.8648236577845,-44.4544289740232));
#2667=CARTESIAN_POINT('Ctrl Pts',(-400.000000000001,-89.2548973316701,-37.585020162587));
#2668=CARTESIAN_POINT('Ctrl Pts',(-400.000000000001,-89.528484120898,-30.7407670418564));
#2669=CARTESIAN_POINT('Ctrl Pts',(-400.000000000001,-89.7072217403418,-23.8394955907271));
#2670=CARTESIAN_POINT('Ctrl Pts',(-400.000000000001,-89.794872524904,-20.4551948539815));
#2671=CARTESIAN_POINT('Ctrl Pts',(-400.000000000001,-89.8574392378719,-17.1524483296603));
#2672=CARTESIAN_POINT('Ctrl Pts',(-400.000000000001,-89.9014311826375,-13.8809241056135));
#2673=CARTESIAN_POINT('Ctrl Pts',(-400.000000000001,-89.9045263813824,-13.6507452006778));
#2674=CARTESIAN_POINT('Ctrl Pts',(-400.000000000001,-89.9075291451203,-13.4207011561696));
#2675=CARTESIAN_POINT('Ctrl Pts',(-400.000000000001,-89.9104414455795,-13.1907702466949));
#2676=CARTESIAN_POINT('Ctrl Pts',(-400.000000000001,-89.9660175263504,-8.80294729510515));
#2677=CARTESIAN_POINT('Ctrl Pts',(-400.000000000001,-89.9881762966635,-4.45634373603734));
#2678=CARTESIAN_POINT('Ctrl Pts',(-400.000000000001,-90.0000000030432,1.31986920003906E-10));
#2679=CARTESIAN_POINT('',(-1.81681237356551E-11,-69.9651775045618,-149.999999999826));
#2680=CARTESIAN_POINT('Ctrl Pts',(-1.86682705474309E-11,-69.9651775043979,
-150.000000000004));
#2681=CARTESIAN_POINT('Ctrl Pts',(-1.08691288046174,-69.9696962659829,-150.000995932009));
#2682=CARTESIAN_POINT('Ctrl Pts',(-2.49002543584086,-69.9752559755674,-150.001958535551));
#2683=CARTESIAN_POINT('Ctrl Pts',(-5.60222848135713,-69.986090146264,-150.002877794376));
#2684=CARTESIAN_POINT('Ctrl Pts',(-7.00253835801688,-69.9905072909488,-150.002933277577));
#2685=CARTESIAN_POINT('Ctrl Pts',(-11.1965659362619,-70.0024643073482,-150.002468071967));
#2686=CARTESIAN_POINT('Ctrl Pts',(-13.9999453657675,-70.0087616042832,-150.00131514884));
#2687=CARTESIAN_POINT('Ctrl Pts',(-22.7155041769471,-70.0237125750665,-149.998766428279));
#2688=CARTESIAN_POINT('Ctrl Pts',(-28.0170573181758,-70.0264485209697,-150.000236674019));
#2689=CARTESIAN_POINT('Ctrl Pts',(-37.2348474220294,-70.021723647637,-150.000604740318));
#2690=CARTESIAN_POINT('Ctrl Pts',(-40.9371945268251,-70.0170577267631,-150.000644753122));
#2691=CARTESIAN_POINT('Ctrl Pts',(-59.5048370527593,-69.9791112183427,-150.000535975697));
#2692=CARTESIAN_POINT('Ctrl Pts',(-74.1630743524724,-69.9025916064222,-150.000000364098));
#2693=CARTESIAN_POINT('Ctrl Pts',(-98.5442942433505,-69.7003529011971,-150.000052383326));
#2694=CARTESIAN_POINT('Ctrl Pts',(-108.304154895022,-69.5984661153491,-150.000057375359));
#2695=CARTESIAN_POINT('Ctrl Pts',(-123.405832484081,-69.4104737590626,-150.000053878592));
#2696=CARTESIAN_POINT('Ctrl Pts',(-128.89803284,-69.335637173925,-150.000050145648));
#2697=CARTESIAN_POINT('Ctrl Pts',(-149.182951228928,-69.0342878740071,-150.000031202738));
#2698=CARTESIAN_POINT('Ctrl Pts',(-163.951836516474,-68.7630072249721,-150.000006244947));
#2699=CARTESIAN_POINT('Ctrl Pts',(-186.21652331107,-68.2931523854675,-150.000000123348));
#2700=CARTESIAN_POINT('Ctrl Pts',(-194.344864717226,-68.1076717137996,-150.000004453094));
#2701=CARTESIAN_POINT('Ctrl Pts',(-219.741762680404,-67.4774018454089,-150.000007907868));
#2702=CARTESIAN_POINT('Ctrl Pts',(-236.517616055569,-66.9891904337411,-150.000002703568));
#2703=CARTESIAN_POINT('Ctrl Pts',(-256.651514543705,-66.3293777943915,-150.000000183898));
#2704=CARTESIAN_POINT('Ctrl Pts',(-259.798157081042,-66.2238542917222,-149.99999966441));
#2705=CARTESIAN_POINT('Ctrl Pts',(-284.432311602493,-65.3868367613802,-150.000002061676));
#2706=CARTESIAN_POINT('Ctrl Pts',(-285.701624450873,-65.3357946111703,-150.00001946952));
#2707=CARTESIAN_POINT('Ctrl Pts',(-306.763453688277,-64.5056839244088,-150.000018881187));
#2708=CARTESIAN_POINT('Ctrl Pts',(-315.31037175535,-64.1445125243361,-150.000013339205));
#2709=CARTESIAN_POINT('Ctrl Pts',(-327.206988830227,-63.6209195406804,-150.000008275567));
#2710=CARTESIAN_POINT('Ctrl Pts',(-330.468981454014,-63.4753108459355,-150.000007189768));
#2711=CARTESIAN_POINT('Ctrl Pts',(-348.315828056511,-62.6682573601261,-150.000002781857));
#2712=CARTESIAN_POINT('Ctrl Pts',(-357.121395928229,-62.2224627661787,-150.000000610576));
#2713=CARTESIAN_POINT('Ctrl Pts',(-372.619410192943,-61.4641162895021,-150.000040667507));
#2714=CARTESIAN_POINT('Ctrl Pts',(-378.127795812712,-61.2103364149746,-150.00005635574));
#2715=CARTESIAN_POINT('Ctrl Pts',(-384.314028242495,-60.8494177653177,-150.000047064563));
#2716=CARTESIAN_POINT('Ctrl Pts',(-385.003859016011,-60.8087664789485,-150.00004586052));
#2717=CARTESIAN_POINT('Ctrl Pts',(-386.873063471218,-60.6984322366697,-150.000042286477));
#2718=CARTESIAN_POINT('Ctrl Pts',(-388.067225806523,-60.6235609016976,-150.000039041526));
#2719=CARTESIAN_POINT('Ctrl Pts',(-392.506940082924,-60.4211466028003,-150.000037288603));
#2720=CARTESIAN_POINT('Ctrl Pts',(-396.452436200721,-60.3424957876457,-150.000039244925));
#2721=CARTESIAN_POINT('Ctrl Pts',(-400.000000000514,-60.0000000000994,-149.999999999999));
#2722=CARTESIAN_POINT('',(399.999999999998,-59.9999999999999,2.76167977375508E-14));
#2723=CARTESIAN_POINT('Ctrl Pts',(399.999999999998,-59.9999999999999,-3.65263375101677E-14));
#2724=CARTESIAN_POINT('Ctrl Pts',(400.002865885542,-60.000201382483,-0.146478534218194));
#2725=CARTESIAN_POINT('Ctrl Pts',(400.005038831675,-60.0003588400317,-0.29288784470507));
#2726=CARTESIAN_POINT('Ctrl Pts',(400.006455885885,-60.000457046236,-0.439230611875387));
#2727=CARTESIAN_POINT('Ctrl Pts',(400.00778319481,-60.0005490328167,-0.576305156770929));
#2728=CARTESIAN_POINT('Ctrl Pts',(400.008446753747,-60.0005888607871,-0.713321312352659));
#2729=CARTESIAN_POINT('Ctrl Pts',(400.008436701435,-60.0005715424204,-0.850282134846936));
#2730=CARTESIAN_POINT('Ctrl Pts',(400.008426783888,-60.0005544562292,-0.985406816918536));
#2731=CARTESIAN_POINT('Ctrl Pts',(400.007760849452,-60.00048162469,-1.12047763455793));
#2732=CARTESIAN_POINT('Ctrl Pts',(400.006478439824,-60.0003580883336,-1.25549848009747));
#2733=CARTESIAN_POINT('Ctrl Pts',(400.005185093345,-60.0002334984148,-1.39167083200938));
#2734=CARTESIAN_POINT('Ctrl Pts',(400.003264617978,-60.0000572556368,-1.52779235493005));
#2735=CARTESIAN_POINT('Ctrl Pts',(400.000811351344,-59.9998461588045,-1.66386807201686));
#2736=CARTESIAN_POINT('Ctrl Pts',(399.9983061911,-59.9996305966702,-1.80282217993167));
#2737=CARTESIAN_POINT('Ctrl Pts',(399.995245745112,-59.9993786675331,-1.94172852937549));
#2738=CARTESIAN_POINT('Ctrl Pts',(399.991785161244,-59.9991211779559,-2.08059350794312));
#2739=CARTESIAN_POINT('Ctrl Pts',(399.990157398249,-59.9990000619763,-2.14591175541572));
#2740=CARTESIAN_POINT('Ctrl Pts',(399.988436951072,-59.9988756414929,-2.21122036511912));
#2741=CARTESIAN_POINT('Ctrl Pts',(399.986666966104,-59.9987625504355,-2.27652235583421));
#2742=CARTESIAN_POINT('Ctrl Pts',(399.979354911239,-59.9982953554978,-2.54629399097392));
#2743=CARTESIAN_POINT('Ctrl Pts',(399.971114490721,-59.9979933860664,-2.81594778223439));
#2744=CARTESIAN_POINT('Ctrl Pts',(399.962047131569,-59.9978399397884,-3.08548771023755));
#2745=CARTESIAN_POINT('Ctrl Pts',(399.953613684273,-59.9976972211559,-3.33618372204416));
#2746=CARTESIAN_POINT('Ctrl Pts',(399.944466361073,-59.9976834572409,-3.58678122807155));
#2747=CARTESIAN_POINT('Ctrl Pts',(399.934646121591,-59.9977870971952,-3.8372812675092));
#2748=CARTESIAN_POINT('Ctrl Pts',(399.9266472816,-59.9978715146284,-4.04132005260273));
#2749=CARTESIAN_POINT('Ctrl Pts',(399.918201253329,-59.9980338719985,-4.24529412979234));
#2750=CARTESIAN_POINT('Ctrl Pts',(399.909302208553,-59.9982666844318,-4.44920299125307));
#2751=CARTESIAN_POINT('Ctrl Pts',(399.903067863655,-59.9984297842974,-4.59205407271206));
#2752=CARTESIAN_POINT('Ctrl Pts',(399.896606150023,-59.9986260879058,-4.73487303178296));
#2753=CARTESIAN_POINT('Ctrl Pts',(399.889906170336,-59.9988512601915,-4.87765921784431));
#2754=CARTESIAN_POINT('Ctrl Pts',(399.878123546981,-59.9992472494864,-5.12876383747973));
#2755=CARTESIAN_POINT('Ctrl Pts',(399.865615670866,-59.9997356128846,-5.37976737442292));
#2756=CARTESIAN_POINT('Ctrl Pts',(399.852313200023,-60.0003025629334,-5.63066617561497));
#2757=CARTESIAN_POINT('Ctrl Pts',(399.837737807388,-60.0009237647885,-5.90557364071715));
#2758=CARTESIAN_POINT('Ctrl Pts',(399.822202795732,-60.001638253628,-6.18035522521894));
#2759=CARTESIAN_POINT('Ctrl Pts',(399.805593475151,-60.0024297480886,-6.45500573544503));
#2760=CARTESIAN_POINT('Ctrl Pts',(399.790644174508,-60.003142136569,-6.70220627740821));
#2761=CARTESIAN_POINT('Ctrl Pts',(399.774822551919,-60.0039165906386,-6.94930058019357));
#2762=CARTESIAN_POINT('Ctrl Pts',(399.758080771701,-60.0047520236673,-7.19628593811682));
#2763=CARTESIAN_POINT('Ctrl Pts',(399.741819990199,-60.0055634543374,-7.43617529797136));
#2764=CARTESIAN_POINT('Ctrl Pts',(399.724690977246,-60.0064323170937,-7.67596186416594));
#2765=CARTESIAN_POINT('Ctrl Pts',(399.706699938477,-60.0073711508625,-7.91564474129646));
#2766=CARTESIAN_POINT('Ctrl Pts',(399.686931892687,-60.008402714919,-8.17900152414732));
#2767=CARTESIAN_POINT('Ctrl Pts',(399.66612384756,-60.009518570893,-8.4422330945848));
#2768=CARTESIAN_POINT('Ctrl Pts',(399.644344463153,-60.0107547438909,-8.70534065792453));
#2769=CARTESIAN_POINT('Ctrl Pts',(399.638776859575,-60.0110707547146,-8.77260053009664));
#2770=CARTESIAN_POINT('Ctrl Pts',(399.633146004727,-60.011394723753,-8.83985231044465));
#2771=CARTESIAN_POINT('Ctrl Pts',(399.627453382573,-60.0117274360056,-8.90709604235227));
#2772=CARTESIAN_POINT('Ctrl Pts',(399.622127736825,-60.0120386998741,-8.9700048891343));
#2773=CARTESIAN_POINT('Ctrl Pts',(399.616751521187,-60.0123595079168,-9.03290679710043));
#2774=CARTESIAN_POINT('Ctrl Pts',(399.61129828063,-60.0126769290228,-9.09580108809251));
#2775=CARTESIAN_POINT('Ctrl Pts',(399.582360877609,-60.0143613114327,-9.42954712900963));
#2776=CARTESIAN_POINT('Ctrl Pts',(399.551387952634,-60.0160055975513,-9.76308129393286));
#2777=CARTESIAN_POINT('Ctrl Pts',(399.518523523893,-60.0176815914141,-10.0964039741448));
#2778=CARTESIAN_POINT('Ctrl Pts',(399.484307353461,-60.0194265203189,-10.443436497497));
#2779=CARTESIAN_POINT('Ctrl Pts',(399.448040668533,-60.0212057434396,-10.7902397784611));
#2780=CARTESIAN_POINT('Ctrl Pts',(399.409833591461,-60.0230755866767,-11.1368123784604));
#2781=CARTESIAN_POINT('Ctrl Pts',(399.369779677031,-60.0250358135968,-11.5001374566459));
#2782=CARTESIAN_POINT('Ctrl Pts',(399.327592995603,-60.027095544822,-11.8632090108431));
#2783=CARTESIAN_POINT('Ctrl Pts',(399.283347546615,-60.0292943052523,-12.2260233999061));
#2784=CARTESIAN_POINT('Ctrl Pts',(399.236504284559,-60.0316221629955,-12.6101399563662));
#2785=CARTESIAN_POINT('Ctrl Pts',(399.187353087633,-60.0341057485373,-12.9939682600712));
#2786=CARTESIAN_POINT('Ctrl Pts',(399.135928247315,-60.0367656660091,-13.3775018586674));
#2787=CARTESIAN_POINT('Ctrl Pts',(399.080646038417,-60.0396251034408,-13.7898042476686));
#2788=CARTESIAN_POINT('Ctrl Pts',(399.022735886245,-60.0426881832172,-14.2017660595157));
#2789=CARTESIAN_POINT('Ctrl Pts',(398.96218590314,-60.0459527800194,-14.6133769158846));
#2790=CARTESIAN_POINT('Ctrl Pts',(398.895305524684,-60.0495586847356,-15.0680209709177));
#2791=CARTESIAN_POINT('Ctrl Pts',(398.825203862168,-60.0534102593529,-15.5222368509747));
#2792=CARTESIAN_POINT('Ctrl Pts',(398.751808750476,-60.0574743859657,-15.9760077864578));
#2793=CARTESIAN_POINT('Ctrl Pts',(398.663337160444,-60.0623733463356,-16.5229902113935));
#2794=CARTESIAN_POINT('Ctrl Pts',(398.570078974861,-60.0675809403162,-17.0693261497656));
#2795=CARTESIAN_POINT('Ctrl Pts',(398.471842803131,-60.0729995430661,-17.614982031377));
#2796=CARTESIAN_POINT('Ctrl Pts',(398.347271545491,-60.0798707611451,-18.3069169695393));
#2797=CARTESIAN_POINT('Ctrl Pts',(398.214689452916,-60.0870793311193,-18.9977583550085));
#2798=CARTESIAN_POINT('Ctrl Pts',(398.07366773788,-60.094383378765,-19.6874310356756));
#2799=CARTESIAN_POINT('Ctrl Pts',(397.967313375015,-60.0998918732085,-20.2075615596808));
#2800=CARTESIAN_POINT('Ctrl Pts',(397.856157319367,-60.1054533656794,-20.727027176913));
#2801=CARTESIAN_POINT('Ctrl Pts',(397.740044035234,-60.11096732025,-21.2457943395796));
#2802=CARTESIAN_POINT('Ctrl Pts',(397.628201926415,-60.1162784464637,-21.745478883785));
#2803=CARTESIAN_POINT('Ctrl Pts',(397.511759773589,-60.1215449535553,-22.2445153640597));
#2804=CARTESIAN_POINT('Ctrl Pts',(397.390622758992,-60.1266911629832,-22.7428737016544));
#2805=CARTESIAN_POINT('Ctrl Pts',(397.269958935859,-60.1318172700305,-23.239285326993));
#2806=CARTESIAN_POINT('Ctrl Pts',(397.144636413588,-60.136823667587,-23.7350240633869));
#2807=CARTESIAN_POINT('Ctrl Pts',(397.01461561925,-60.1416563150328,-24.2300606896663));
#2808=CARTESIAN_POINT('Ctrl Pts',(396.999351595724,-60.1422236523166,-24.2881763991451));
#2809=CARTESIAN_POINT('Ctrl Pts',(396.984022497871,-60.1427881040416,-24.346284836026));
#2810=CARTESIAN_POINT('Ctrl Pts',(396.968631907354,-60.1433544239906,-24.4043634013094));
#2811=CARTESIAN_POINT('Ctrl Pts',(396.9000261839,-60.1458788748726,-24.6632567806035));
#2812=CARTESIAN_POINT('Ctrl Pts',(396.830183442281,-60.1484203106564,-24.9216513179102));
#2813=CARTESIAN_POINT('Ctrl Pts',(396.759109541681,-60.1509775543956,-25.1795488458734));
#2814=CARTESIAN_POINT('Ctrl Pts',(396.716967690457,-60.1524938210461,-25.3324640392506));
#2815=CARTESIAN_POINT('Ctrl Pts',(396.674393081558,-60.1540156795643,-25.4852045046003));
#2816=CARTESIAN_POINT('Ctrl Pts',(396.631387566226,-60.1555431821173,-25.6377706553276));
#2817=CARTESIAN_POINT('Ctrl Pts',(396.598126535077,-60.1567245726809,-25.75576732279));
#2818=CARTESIAN_POINT('Ctrl Pts',(396.564612966226,-60.1579093878781,-25.8736593839587));
#2819=CARTESIAN_POINT('Ctrl Pts',(396.530854987479,-60.159098165037,-25.9914466101233));
#2820=CARTESIAN_POINT('Ctrl Pts',(396.359846942012,-60.1651201623834,-26.5881222428278));
#2821=CARTESIAN_POINT('Ctrl Pts',(396.182502894489,-60.1712411138186,-27.1821112390472));
#2822=CARTESIAN_POINT('Ctrl Pts',(395.998922326491,-60.1775349523886,-27.7734501597428));
#2823=CARTESIAN_POINT('Ctrl Pts',(395.700918214907,-60.1877516642767,-28.7333634644494));
#2824=CARTESIAN_POINT('Ctrl Pts',(395.386488273859,-60.1984251472734,-29.6862929586531));
#2825=CARTESIAN_POINT('Ctrl Pts',(395.056174074361,-60.2099435234513,-30.6324114325346));
#2826=CARTESIAN_POINT('Ctrl Pts',(394.850156654737,-60.2171275504839,-31.2225068233588));
#2827=CARTESIAN_POINT('Ctrl Pts',(394.637961810215,-60.2246415709719,-31.8099530878946));
#2828=CARTESIAN_POINT('Ctrl Pts',(394.419691204219,-60.232574709673,-32.3947946557474));
#2829=CARTESIAN_POINT('Ctrl Pts',(394.219450838711,-60.2398525315579,-32.931325393714));
#2830=CARTESIAN_POINT('Ctrl Pts',(394.014097528252,-60.2474833789069,-33.4656640354005));
#2831=CARTESIAN_POINT('Ctrl Pts',(393.803669754766,-60.2555236762495,-33.997845565059));
#2832=CARTESIAN_POINT('Ctrl Pts',(393.622941989984,-60.2624291571318,-34.4549144049765));
#2833=CARTESIAN_POINT('Ctrl Pts',(393.438470687398,-60.269636576837,-34.9103920985052));
#2834=CARTESIAN_POINT('Ctrl Pts',(393.250250567657,-60.2771714670686,-35.3643008814937));
#2835=CARTESIAN_POINT('Ctrl Pts',(393.145530183765,-60.2813636681932,-35.6168429692984));
#2836=CARTESIAN_POINT('Ctrl Pts',(393.039648832263,-60.2856570535037,-35.8688994009048));
#2837=CARTESIAN_POINT('Ctrl Pts',(392.932601453156,-60.2900545044675,-36.1204739851613));
#2838=CARTESIAN_POINT('Ctrl Pts',(392.861314977364,-60.2929829160203,-36.2880060224704));
#2839=CARTESIAN_POINT('Ctrl Pts',(392.789513517964,-60.2959626938349,-36.455327666747));
#2840=CARTESIAN_POINT('Ctrl Pts',(392.717182383347,-60.2989662222787,-36.6224220981742));
#2841=CARTESIAN_POINT('Ctrl Pts',(392.398944488057,-60.3121809544332,-37.3575934798151));
#2842=CARTESIAN_POINT('Ctrl Pts',(392.070505895113,-60.3259335262701,-38.0884208522574));
#2843=CARTESIAN_POINT('Ctrl Pts',(391.731950655713,-60.3401683453988,-38.8150571369193));
#2844=CARTESIAN_POINT('Ctrl Pts',(391.368616723127,-60.355445004011,-39.5948755775773));
#2845=CARTESIAN_POINT('Ctrl Pts',(390.993630684049,-60.3712768166217,-40.369867189655));
#2846=CARTESIAN_POINT('Ctrl Pts',(390.607045999675,-60.3875651599305,-41.1402094891002));
#2847=CARTESIAN_POINT('Ctrl Pts',(390.17425471334,-60.4058003703199,-42.0026270865175));
#2848=CARTESIAN_POINT('Ctrl Pts',(389.726926003138,-60.4246074718027,-42.8592179513096));
#2849=CARTESIAN_POINT('Ctrl Pts',(389.265080053309,-60.4438161900454,-43.7102120173568));
#2850=CARTESIAN_POINT('Ctrl Pts',(389.035961164137,-60.4533455151111,-44.1323848548099));
#2851=CARTESIAN_POINT('Ctrl Pts',(388.803268700912,-60.4629732504742,-44.5531799482656));
#2852=CARTESIAN_POINT('Ctrl Pts',(388.567001552186,-60.4726765933956,-44.9726234354261));
#2853=CARTESIAN_POINT('Ctrl Pts',(388.449329437098,-60.4775093130147,-45.1815259534455));
#2854=CARTESIAN_POINT('Ctrl Pts',(388.330770588867,-60.4823607706928,-45.390093184345));
#2855=CARTESIAN_POINT('Ctrl Pts',(388.21132471494,-60.4872280658826,-45.5983282360421));
#2856=CARTESIAN_POINT('Ctrl Pts',(388.16307739661,-60.4891940939479,-45.6824398298236));
#2857=CARTESIAN_POINT('Ctrl Pts',(388.114685353358,-60.491162705468,-45.7664972255292));
#2858=CARTESIAN_POINT('Ctrl Pts',(388.066148561985,-60.4931337072605,-45.8505006242339));
#2859=CARTESIAN_POINT('Ctrl Pts',(388.02902837722,-60.494641098842,-45.9147451198553));
#2860=CARTESIAN_POINT('Ctrl Pts',(387.991820483723,-60.4961493724729,-45.9789640587531));
#2861=CARTESIAN_POINT('Ctrl Pts',(387.954541429149,-60.4976612409326,-46.0431247183224));
#2862=CARTESIAN_POINT('Ctrl Pts',(387.231364770394,-60.5269899885012,-47.2877778336093));
#2863=CARTESIAN_POINT('Ctrl Pts',(386.48050501823,-60.5575199550119,-48.5123183705862));
#2864=CARTESIAN_POINT('Ctrl Pts',(385.703145861606,-60.5890448628973,-49.7170595626243));
#2865=CARTESIAN_POINT('Ctrl Pts',(385.192081775851,-60.6097704799942,-50.5091000893671));
#2866=CARTESIAN_POINT('Ctrl Pts',(384.669563045839,-60.6309260689004,-51.2925834268989));
#2867=CARTESIAN_POINT('Ctrl Pts',(384.135918118647,-60.6524586787333,-52.0676060285812));
#2868=CARTESIAN_POINT('Ctrl Pts',(384.030019817835,-60.6567316825176,-52.2214041299536));
#2869=CARTESIAN_POINT('Ctrl Pts',(383.92368335211,-60.6610195550075,-52.3748690703771));
#2870=CARTESIAN_POINT('Ctrl Pts',(383.816911259236,-60.665321915478,-52.528001635759));
#2871=CARTESIAN_POINT('Ctrl Pts',(383.722693323427,-60.6691184086601,-52.6631290255774));
#2872=CARTESIAN_POINT('Ctrl Pts',(383.628145769448,-60.672927582681,-52.7979957845043));
#2873=CARTESIAN_POINT('Ctrl Pts',(383.533270462457,-60.6767493504261,-52.9326026872015));
#2874=CARTESIAN_POINT('Ctrl Pts',(382.926668433374,-60.7011844973827,-53.7932356895486));
#2875=CARTESIAN_POINT('Ctrl Pts',(382.306660007598,-60.7261314723559,-54.6432455428301));
#2876=CARTESIAN_POINT('Ctrl Pts',(381.673682092043,-60.7515740874169,-55.4828593666892));
#2877=CARTESIAN_POINT('Ctrl Pts',(380.858996424465,-60.7843204650179,-56.5634995150885));
#2878=CARTESIAN_POINT('Ctrl Pts',(380.022831013481,-60.8178891313766,-57.6269167513237));
#2879=CARTESIAN_POINT('Ctrl Pts',(379.166165052348,-60.8522875696841,-58.6736336333413));
#2880=CARTESIAN_POINT('Ctrl Pts',(378.589943955566,-60.8754250663846,-59.3776890961943));
#2881=CARTESIAN_POINT('Ctrl Pts',(378.004448639092,-60.8989388934306,-60.0741896500397));
#2882=CARTESIAN_POINT('Ctrl Pts',(377.409963713938,-60.9228316568199,-60.7633052123616));
#2883=CARTESIAN_POINT('Ctrl Pts',(377.204464636346,-60.9310908079436,-61.00151581522));
#2884=CARTESIAN_POINT('Ctrl Pts',(376.997891190653,-60.9393952015566,-61.2388440481363));
#2885=CARTESIAN_POINT('Ctrl Pts',(376.79025445014,-60.9477447812521,-61.4752971682818));
#2886=CARTESIAN_POINT('Ctrl Pts',(376.685440841339,-60.9519595920689,-61.5946570887534));
#2887=CARTESIAN_POINT('Ctrl Pts',(376.580356281332,-60.9561859152528,-61.7137940182818));
#2888=CARTESIAN_POINT('Ctrl Pts',(376.47500215206,-60.960423731491,-61.8327089020285));
#2889=CARTESIAN_POINT('Ctrl Pts',(376.383668163526,-60.9640975947024,-61.9357990296173));
#2890=CARTESIAN_POINT('Ctrl Pts',(376.292138835541,-60.9677801964323,-62.038723350364));
#2891=CARTESIAN_POINT('Ctrl Pts',(376.200422019434,-60.9714714890171,-62.1414839896149));
#2892=CARTESIAN_POINT('Ctrl Pts',(375.840653111342,-60.985950974449,-62.5445734616128));
#2893=CARTESIAN_POINT('Ctrl Pts',(375.477963988181,-61.0005638068239,-62.9451390768529));
#2894=CARTESIAN_POINT('Ctrl Pts',(375.112381299614,-61.0153006124221,-63.343241300106));
#2895=CARTESIAN_POINT('Ctrl Pts',(374.860125572997,-61.0254691562849,-63.6179358322466));
#2896=CARTESIAN_POINT('Ctrl Pts',(374.606489597002,-61.0356965586884,-63.8914604574322));
#2897=CARTESIAN_POINT('Ctrl Pts',(374.351492075806,-61.0459800319368,-64.1638227209703));
#2898=CARTESIAN_POINT('Ctrl Pts',(373.5491473764,-61.0783367788325,-65.0208052415968));
#2899=CARTESIAN_POINT('Ctrl Pts',(372.7333437948,-61.1112497205715,-65.8662493025895));
#2900=CARTESIAN_POINT('Ctrl Pts',(371.904958719087,-61.1446471612217,-66.7000908158592));
#2901=CARTESIAN_POINT('Ctrl Pts',(371.046748862744,-61.1792470273746,-67.5639535607309));
#2902=CARTESIAN_POINT('Ctrl Pts',(370.175035513714,-61.2143667341977,-68.4153633572729));
#2903=CARTESIAN_POINT('Ctrl Pts',(369.290817351294,-61.2499294420615,-69.2543010200578));
#2904=CARTESIAN_POINT('Ctrl Pts',(368.369110719453,-61.2869999129898,-70.1288073809914));
#2905=CARTESIAN_POINT('Ctrl Pts',(367.433816821491,-61.3245515201762,-70.9897617651449));
#2906=CARTESIAN_POINT('Ctrl Pts',(366.486086560369,-61.3625034477113,-71.8371961758511));
#2907=CARTESIAN_POINT('Ctrl Pts',(365.49232226722,-61.4022988114216,-72.7257929556438));
#2908=CARTESIAN_POINT('Ctrl Pts',(364.484884664448,-61.442534042153,-73.5995246724986));
#2909=CARTESIAN_POINT('Ctrl Pts',(363.465114862989,-61.4831267351442,-74.4584833290652));
#2910=CARTESIAN_POINT('Ctrl Pts',(362.394297300232,-61.5257514221201,-75.3604398429941));
#2911=CARTESIAN_POINT('Ctrl Pts',(361.309882793136,-61.5687699153953,-76.2461076203363));
#2912=CARTESIAN_POINT('Ctrl Pts',(360.21342884374,-61.6121034099654,-77.1156479545077));
#2913=CARTESIAN_POINT('Ctrl Pts',(359.882613002903,-61.6251777451443,-77.3780007117295));
#2914=CARTESIAN_POINT('Ctrl Pts',(359.550701176272,-61.6382808843717,-77.6388857029401));
#2915=CARTESIAN_POINT('Ctrl Pts',(359.217736036693,-61.6514110085685,-77.8983081847518));
#2916=CARTESIAN_POINT('Ctrl Pts',(359.038076782045,-61.6584956791428,-78.0382857505118));
#2917=CARTESIAN_POINT('Ctrl Pts',(358.858110864562,-61.6655882089798,-78.1778375275391));
#2918=CARTESIAN_POINT('Ctrl Pts',(358.677844975308,-61.6726883327444,-78.316964382157));
#2919=CARTESIAN_POINT('Ctrl Pts',(358.59219477101,-61.6760618331525,-78.3830680891348));
#2920=CARTESIAN_POINT('Ctrl Pts',(358.50647684764,-61.6794370481081,-78.4490758698513));
#2921=CARTESIAN_POINT('Ctrl Pts',(358.420691922059,-61.6828139503017,-78.5149878193594));
#2922=CARTESIAN_POINT('Ctrl Pts',(358.376742153893,-61.6845440219608,-78.5487561636298));
#2923=CARTESIAN_POINT('Ctrl Pts',(358.33277479918,-61.686274536493,-78.5824993544359));
#2924=CARTESIAN_POINT('Ctrl Pts',(358.288789954261,-61.6880054903018,-78.6162174046953));
#2925=CARTESIAN_POINT('Ctrl Pts',(358.251170877711,-61.6894859293929,-78.6450555628412));
#2926=CARTESIAN_POINT('Ctrl Pts',(358.213538685099,-61.6909667004927,-78.6738755852563));
#2927=CARTESIAN_POINT('Ctrl Pts',(358.175882441124,-61.692448141616,-78.7026859653142));
#2928=CARTESIAN_POINT('Ctrl Pts',(357.091151215193,-61.7351227494967,-79.5326019521824));
#2929=CARTESIAN_POINT('Ctrl Pts',(355.988796492483,-61.7782794747187,-80.3527023040907));
#2930=CARTESIAN_POINT('Ctrl Pts',(354.869618276142,-61.8217895176142,-81.1628932303201));
#2931=CARTESIAN_POINT('Ctrl Pts',(353.67359716293,-61.8682869647411,-82.0287119528042));
#2932=CARTESIAN_POINT('Ctrl Pts',(352.458363660512,-61.9151876940223,-82.8832138347015));
#2933=CARTESIAN_POINT('Ctrl Pts',(351.224930934427,-61.9623451699544,-83.7263299773856));
#2934=CARTESIAN_POINT('Ctrl Pts',(350.535914882803,-61.9886881209595,-84.1973086885935));
#2935=CARTESIAN_POINT('Ctrl Pts',(349.841220315567,-62.0151114008322,-84.6647352440829));
#2936=CARTESIAN_POINT('Ctrl Pts',(349.141026922604,-62.0415910834145,-85.1286029722249));
#2937=CARTESIAN_POINT('Ctrl Pts',(348.746786304343,-62.0565003449665,-85.3897815291376));
#2938=CARTESIAN_POINT('Ctrl Pts',(348.350802477551,-62.071427508478,-85.6498319305624));
#2939=CARTESIAN_POINT('Ctrl Pts',(347.953107650343,-62.0863684621938,-85.9087534430846));
#2940=CARTESIAN_POINT('Ctrl Pts',(347.70361349777,-62.0957416808804,-86.0711880510556));
#2941=CARTESIAN_POINT('Ctrl Pts',(347.453445949899,-62.1051203292256,-86.2331783697017));
#2942=CARTESIAN_POINT('Ctrl Pts',(347.202612962794,-62.1145034139827,-86.3947242779683));
#2943=CARTESIAN_POINT('Ctrl Pts',(347.016990241677,-62.1214471327701,-86.514272314388));
#2944=CARTESIAN_POINT('Ctrl Pts',(346.83100992931,-62.1283975695428,-86.6335824434039));
#2945=CARTESIAN_POINT('Ctrl Pts',(346.64467587884,-62.135355347764,-86.7526557848136));
#2946=CARTESIAN_POINT('Ctrl Pts',(345.394031487384,-62.1820548441119,-87.5518570377802));
#2947=CARTESIAN_POINT('Ctrl Pts',(344.127430948126,-62.2290711673873,-88.3403742341726));
#2948=CARTESIAN_POINT('Ctrl Pts',(342.845694103626,-62.2763813192827,-89.1182709748533));
#2949=CARTESIAN_POINT('Ctrl Pts',(341.356380864479,-62.3313533175257,-90.0221475541654));
#2950=CARTESIAN_POINT('Ctrl Pts',(339.846634398987,-62.3867224811049,-90.9116847476417));
#2951=CARTESIAN_POINT('Ctrl Pts',(338.317765414621,-62.4424932087651,-91.7870308580337));
#2952=CARTESIAN_POINT('Ctrl Pts',(336.88780071847,-62.4946560640839,-92.6057498245206));
#2953=CARTESIAN_POINT('Ctrl Pts',(335.441110142783,-62.5471716623023,-93.4120554204631));
#2954=CARTESIAN_POINT('Ctrl Pts',(333.978744551954,-62.6000593390638,-94.2061007991621));
#2955=CARTESIAN_POINT('Ctrl Pts',(332.627802545504,-62.6489172885456,-94.9396446296785));
#2956=CARTESIAN_POINT('Ctrl Pts',(331.263484126319,-62.6980935074042,-95.6627260241214));
#2957=CARTESIAN_POINT('Ctrl Pts',(329.886576319735,-62.7476026573238,-96.3754825343366));
#2958=CARTESIAN_POINT('Ctrl Pts',(328.579074335206,-62.7946161984357,-97.0523111114835));
#2959=CARTESIAN_POINT('Ctrl Pts',(327.260220447798,-62.8419302960104,-97.7198298127595));
#2960=CARTESIAN_POINT('Ctrl Pts',(325.930641552391,-62.8895497259136,-98.3781655167128));
#2961=CARTESIAN_POINT('Ctrl Pts',(324.620406628259,-62.9364763433125,-99.0269231301971));
#2962=CARTESIAN_POINT('Ctrl Pts',(323.29975658217,-62.9836996613345,-99.6667632143104));
#2963=CARTESIAN_POINT('Ctrl Pts',(321.969241520745,-63.0312126206023,-100.297812340416));
#2964=CARTESIAN_POINT('Ctrl Pts',(321.565564223432,-63.0456280177222,-100.489272184114));
#2965=CARTESIAN_POINT('Ctrl Pts',(321.160978488607,-63.0600699854901,-100.679922835468));
#2966=CARTESIAN_POINT('Ctrl Pts',(320.755498770338,-63.0745380828493,-100.869767885058));
#2967=CARTESIAN_POINT('Ctrl Pts',(320.488139085525,-63.0840778595028,-100.994945323867));
#2968=CARTESIAN_POINT('Ctrl Pts',(320.220391224475,-63.093628966828,-101.119772257818));
#2969=CARTESIAN_POINT('Ctrl Pts',(319.952245243125,-63.1031918012401,-101.244257696879));
#2970=CARTESIAN_POINT('Ctrl Pts',(318.501075762985,-63.1549445568573,-101.917955915207));
#2971=CARTESIAN_POINT('Ctrl Pts',(317.038341767358,-63.2070371410827,-102.581594849199));
#2972=CARTESIAN_POINT('Ctrl Pts',(315.564640226532,-63.2594575369369,-103.235334153536));
#2973=CARTESIAN_POINT('Ctrl Pts',(314.936475966089,-63.2818016943403,-103.513990078942));
#2974=CARTESIAN_POINT('Ctrl Pts',(314.306316961808,-63.3042063930137,-103.790847588737));
#2975=CARTESIAN_POINT('Ctrl Pts',(313.674217122795,-63.3266675391192,-104.065919039415));
#2976=CARTESIAN_POINT('Ctrl Pts',(312.224329950923,-63.3781880831756,-104.696867733072));
#2977=CARTESIAN_POINT('Ctrl Pts',(310.764255758082,-63.4299937165769,-105.318416881317));
#2978=CARTESIAN_POINT('Ctrl Pts',(309.294932729379,-63.4819179289319,-105.930709526338));
#2979=CARTESIAN_POINT('Ctrl Pts',(308.823141409333,-63.4985905000486,-106.127313234036));
#2980=CARTESIAN_POINT('Ctrl Pts',(308.350396972012,-63.5152761791803,-106.322963354502));
#2981=CARTESIAN_POINT('Ctrl Pts',(307.876714373139,-63.5319799318585,-106.517666852167));
#2982=CARTESIAN_POINT('Ctrl Pts',(306.36460810766,-63.5853022391203,-107.139206210863));
#2983=CARTESIAN_POINT('Ctrl Pts',(304.842959704188,-63.6387789180765,-107.751085237154));
#2984=CARTESIAN_POINT('Ctrl Pts',(303.312516538077,-63.6922790069076,-108.353406331664));
#2985=CARTESIAN_POINT('Ctrl Pts',(301.740385428314,-63.7472363917284,-108.972134130066));
#2986=CARTESIAN_POINT('Ctrl Pts',(300.158973857797,-63.8022187754187,-109.580776043362));
#2987=CARTESIAN_POINT('Ctrl Pts',(298.569118894246,-63.857125034418,-110.17947238361));
#2988=CARTESIAN_POINT('Ctrl Pts',(296.915499018729,-63.9142334394317,-110.802180863522));
#2989=CARTESIAN_POINT('Ctrl Pts',(295.252744906445,-63.9712597983373,-111.414129893908));
#2990=CARTESIAN_POINT('Ctrl Pts',(293.581827563011,-64.0281293140164,-112.015510862732));
#2991=CARTESIAN_POINT('Ctrl Pts',(291.804332761479,-64.0886261835251,-112.655250195158));
#2992=CARTESIAN_POINT('Ctrl Pts',(290.017600298343,-64.1489458673039,-113.283030345802));
#2993=CARTESIAN_POINT('Ctrl Pts',(288.222830420631,-64.2090369255204,-113.89911995522));
#2994=CARTESIAN_POINT('Ctrl Pts',(286.217648167516,-64.2761728436138,-114.587437698053));
#2995=CARTESIAN_POINT('Ctrl Pts',(284.202433935412,-64.3430236314843,-115.2611634147));
#2996=CARTESIAN_POINT('Ctrl Pts',(282.178895506903,-64.40956023441,-115.920716654306));
#2997=CARTESIAN_POINT('Ctrl Pts',(279.643523146358,-64.4929266096889,-116.74709733008));
#2998=CARTESIAN_POINT('Ctrl Pts',(277.095085650233,-64.5757997189451,-117.551231784991));
#2999=CARTESIAN_POINT('Ctrl Pts',(274.536971399849,-64.6581858326112,-118.333994798609));
#3000=CARTESIAN_POINT('Ctrl Pts',(273.951603637009,-64.6770380691907,-118.51311276961));
#3001=CARTESIAN_POINT('Ctrl Pts',(273.365729145435,-64.6958650109767,-118.691111716455));
#3002=CARTESIAN_POINT('Ctrl Pts',(272.779388338521,-64.7146670509835,-118.868002019753));
#3003=CARTESIAN_POINT('Ctrl Pts',(272.458898516372,-64.7249441157669,-118.964689033816));
#3004=CARTESIAN_POINT('Ctrl Pts',(272.138268409056,-64.7352126835844,-119.061044442593));
#3005=CARTESIAN_POINT('Ctrl Pts',(271.817513101319,-64.7454802864245,-119.157073535233));
#3006=CARTESIAN_POINT('Ctrl Pts',(270.028961179451,-64.8027330905084,-119.692537841051));
#3007=CARTESIAN_POINT('Ctrl Pts',(268.236393111316,-64.8599023282061,-120.217797033606));
#3008=CARTESIAN_POINT('Ctrl Pts',(266.440573913587,-64.916910197166,-120.732916967677));
#3009=CARTESIAN_POINT('Ctrl Pts',(265.778249993719,-64.9379355182454,-120.922900599865));
#3010=CARTESIAN_POINT('Ctrl Pts',(265.115484026475,-64.9589393799649,-121.111505054306));
#3011=CARTESIAN_POINT('Ctrl Pts',(264.452315011999,-64.9799195449559,-121.298733685451));
#3012=CARTESIAN_POINT('Ctrl Pts',(264.123321008723,-64.990327673682,-121.391616639184));
#3013=CARTESIAN_POINT('Ctrl Pts',(263.794227816826,-65.0007299837908,-121.484160991138));
#3014=CARTESIAN_POINT('Ctrl Pts',(263.465040226397,-65.0111262795524,-121.576367155979));
#3015=CARTESIAN_POINT('Ctrl Pts',(263.272014066392,-65.0172223691605,-121.630434206031));
#3016=CARTESIAN_POINT('Ctrl Pts',(263.078955449564,-65.0233163918014,-121.684384976832));
#3017=CARTESIAN_POINT('Ctrl Pts',(262.885865344575,-65.029408316018,-121.738219552635));
#3018=CARTESIAN_POINT('Ctrl Pts',(262.763140426201,-65.0332802435944,-121.772435930122));
#3019=CARTESIAN_POINT('Ctrl Pts',(262.640407592462,-65.0371511794474,-121.806604030263));
#3020=CARTESIAN_POINT('Ctrl Pts',(262.517637744018,-65.041022010058,-121.840732051147));
#3021=CARTESIAN_POINT('Ctrl Pts',(260.632357266275,-65.100463326271,-122.364809357856));
#3022=CARTESIAN_POINT('Ctrl Pts',(258.739516760999,-65.1598378859207,-122.879108582908));
#3023=CARTESIAN_POINT('Ctrl Pts',(256.839758926832,-65.2189783493583,-123.383777518195));
#3024=CARTESIAN_POINT('Ctrl Pts',(254.898868729437,-65.2793992849592,-123.899373228245));
#3025=CARTESIAN_POINT('Ctrl Pts',(252.95075845426,-65.3395760580085,-124.404916842234));
#3026=CARTESIAN_POINT('Ctrl Pts',(250.996138583572,-65.3993777527271,-124.900576044984));
#3027=CARTESIAN_POINT('Ctrl Pts',(248.995898448978,-65.4605752017486,-125.407803790536));
#3028=CARTESIAN_POINT('Ctrl Pts',(246.988841346569,-65.5213800721701,-125.904680093114));
#3029=CARTESIAN_POINT('Ctrl Pts',(244.975754168836,-65.5816982990995,-126.391399165163));
#3030=CARTESIAN_POINT('Ctrl Pts',(243.917242437701,-65.6134145364846,-126.647323425787));
#3031=CARTESIAN_POINT('Ctrl Pts',(242.857063919002,-65.6449969690238,-126.900439663727));
#3032=CARTESIAN_POINT('Ctrl Pts',(241.795335675871,-65.6764365457523,-127.150777977148));
#3033=CARTESIAN_POINT('Ctrl Pts',(240.950339402042,-65.7014583207293,-127.350014404553));
#3034=CARTESIAN_POINT('Ctrl Pts',(240.104362239599,-65.7263899285019,-127.54749176558));
#3035=CARTESIAN_POINT('Ctrl Pts',(239.257471615059,-65.7512313473161,-127.743232449304));
#3036=CARTESIAN_POINT('Ctrl Pts',(237.223200870853,-65.8109015928871,-128.213410692883));
#3037=CARTESIAN_POINT('Ctrl Pts',(235.183642049774,-65.8700424425072,-128.673555062855));
#3038=CARTESIAN_POINT('Ctrl Pts',(233.139606464225,-65.9286244502516,-129.123874557044));
#3039=CARTESIAN_POINT('Ctrl Pts',(231.042567972218,-65.988725519943,-129.585871070066));
#3040=CARTESIAN_POINT('Ctrl Pts',(228.940817524412,-66.048238639243,-130.037526488705));
#3041=CARTESIAN_POINT('Ctrl Pts',(226.835262474939,-66.1071721216122,-130.479086666305));
#3042=CARTESIAN_POINT('Ctrl Pts',(224.666478340037,-66.1678753559488,-130.93390674238));
#3043=CARTESIAN_POINT('Ctrl Pts',(222.493657694983,-66.2279638819946,-131.378016094047));
#3044=CARTESIAN_POINT('Ctrl Pts',(220.31782483114,-66.2874848466906,-131.811705733014));
#3045=CARTESIAN_POINT('Ctrl Pts',(218.017799559802,-66.3504031550084,-132.270149552902));
#3046=CARTESIAN_POINT('Ctrl Pts',(215.714408348432,-66.4126874293705,-132.716950108997));
#3047=CARTESIAN_POINT('Ctrl Pts',(213.408897505441,-66.4744320732581,-133.152477464878));
#3048=CARTESIAN_POINT('Ctrl Pts',(211.204398768606,-66.5334714787202,-133.568922917223));
#3049=CARTESIAN_POINT('Ctrl Pts',(208.997962583277,-66.5920181330358,-133.975061672699));
#3050=CARTESIAN_POINT('Ctrl Pts',(206.790706395315,-66.6501820487189,-134.371238584177));
#3051=CARTESIAN_POINT('Ctrl Pts',(206.170778309973,-66.6665179163368,-134.482508492731));
#3052=CARTESIAN_POINT('Ctrl Pts',(205.550785691386,-66.6828237357585,-134.59299271123));
#3053=CARTESIAN_POINT('Ctrl Pts',(204.930753633069,-66.6991022624318,-134.702699149718));
#3054=CARTESIAN_POINT('Ctrl Pts',(204.538242031521,-66.7094073918032,-134.772148864928));
#3055=CARTESIAN_POINT('Ctrl Pts',(204.145714991596,-66.7197017630067,-134.841287071292));
#3056=CARTESIAN_POINT('Ctrl Pts',(203.753163840339,-66.7299860370699,-134.910106647595));
#3057=CARTESIAN_POINT('Ctrl Pts',(201.511662037037,-66.7887101518367,-135.303072516863));
#3058=CARTESIAN_POINT('Ctrl Pts',(199.269473106163,-66.8470914279366,-135.685711894083));
#3059=CARTESIAN_POINT('Ctrl Pts',(197.027297994529,-66.9050744429226,-136.05814627702));
#3060=CARTESIAN_POINT('Ctrl Pts',(194.989524625399,-66.9577715954275,-136.396628701233));
#3061=CARTESIAN_POINT('Ctrl Pts',(192.951762904513,-67.0101405410011,-136.726682015501));
#3062=CARTESIAN_POINT('Ctrl Pts',(190.914550964156,-67.0621747198601,-137.04840170293));
#3063=CARTESIAN_POINT('Ctrl Pts',(189.758269982444,-67.0917082849359,-137.231003399222));
#3064=CARTESIAN_POINT('Ctrl Pts',(188.602159202316,-67.1211394544922,-137.410916789455));
#3065=CARTESIAN_POINT('Ctrl Pts',(187.446413079292,-67.1504058597958,-137.588209054073));
#3066=CARTESIAN_POINT('Ctrl Pts',(185.369158975392,-67.2030071701633,-137.906861288271));
#3067=CARTESIAN_POINT('Ctrl Pts',(183.29308481565,-67.2550716124448,-138.217047072373));
#3068=CARTESIAN_POINT('Ctrl Pts',(181.219336550323,-67.3062707571062,-138.519168251275));
#3069=CARTESIAN_POINT('Ctrl Pts',(179.101697307071,-67.3585535340317,-138.827683838898));
#3070=CARTESIAN_POINT('Ctrl Pts',(176.986483510645,-67.4099340996573,-139.127789857758));
#3071=CARTESIAN_POINT('Ctrl Pts',(174.874920604644,-67.4601178454675,-139.419920939613));
#3072=CARTESIAN_POINT('Ctrl Pts',(173.077822099523,-67.5028279794259,-139.668546414615));
#3073=CARTESIAN_POINT('Ctrl Pts',(171.28336816116,-67.5446722595081,-139.911395547765));
#3074=CARTESIAN_POINT('Ctrl Pts',(169.492316514573,-67.5854983202478,-140.148739710682));
#3075=CARTESIAN_POINT('Ctrl Pts',(168.624775873257,-67.6052734434186,-140.263703289594));
#3076=CARTESIAN_POINT('Ctrl Pts',(167.758033501715,-67.6248100601909,-140.377375341673));
#3077=CARTESIAN_POINT('Ctrl Pts',(166.892175636095,-67.6440929583226,-140.489786941542));
#3078=CARTESIAN_POINT('Ctrl Pts',(166.734562680419,-67.6476030431636,-140.51024933521));
#3079=CARTESIAN_POINT('Ctrl Pts',(166.576979033264,-67.6511047244878,-140.530669963825));
#3080=CARTESIAN_POINT('Ctrl Pts',(166.419425214987,-67.6545979152048,-140.551049015317));
#3081=CARTESIAN_POINT('Ctrl Pts',(166.356824784077,-67.6559858551896,-140.559146168524));
#3082=CARTESIAN_POINT('Ctrl Pts',(166.294226661077,-67.6573727322639,-140.567236842473));
#3083=CARTESIAN_POINT('Ctrl Pts',(166.231622179025,-67.6587595480478,-140.575321344876));
#3084=CARTESIAN_POINT('Ctrl Pts',(163.890022875212,-67.7106307043528,-140.877706486951));
#3085=CARTESIAN_POINT('Ctrl Pts',(161.54301900193,-67.7620085633202,-141.171334895618));
#3086=CARTESIAN_POINT('Ctrl Pts',(159.191170279354,-67.8128323735162,-141.45647961697));
#3087=CARTESIAN_POINT('Ctrl Pts',(156.829081721602,-67.8638774681147,-141.742865844597));
#3088=CARTESIAN_POINT('Ctrl Pts',(154.462105974222,-67.9143637614498,-142.020694297902));
#3089=CARTESIAN_POINT('Ctrl Pts',(152.09083795923,-67.9642727867255,-142.290253515706));
#3090=CARTESIAN_POINT('Ctrl Pts',(149.708722212949,-68.0144101285355,-142.561045873729));
#3091=CARTESIAN_POINT('Ctrl Pts',(147.322274778309,-68.0639649957325,-142.823493119515));
#3092=CARTESIAN_POINT('Ctrl Pts',(144.932127737105,-68.1129607701491,-143.077900496658));
#3093=CARTESIAN_POINT('Ctrl Pts',(144.308243060794,-68.1257498213395,-143.144306814514));
#3094=CARTESIAN_POINT('Ctrl Pts',(143.684106473321,-68.1385009976089,-143.210165418675));
#3095=CARTESIAN_POINT('Ctrl Pts',(143.05972954614,-68.1512151722406,-143.275481885175));
#3096=CARTESIAN_POINT('Ctrl Pts',(142.60163500975,-68.1605433419406,-143.323403445274));
#3097=CARTESIAN_POINT('Ctrl Pts',(142.143411111567,-68.1698504989846,-143.371033495533));
#3098=CARTESIAN_POINT('Ctrl Pts',(141.685065391929,-68.1791544165513,-143.41837143003));
#3099=CARTESIAN_POINT('Ctrl Pts',(139.544854854221,-68.2225983532243,-143.639412321006));
#3100=CARTESIAN_POINT('Ctrl Pts',(137.401960921318,-68.2658723386871,-143.85409252518));
#3101=CARTESIAN_POINT('Ctrl Pts',(135.256608427585,-68.3087949241956,-144.062528604239));
#3102=CARTESIAN_POINT('Ctrl Pts',(133.200291574712,-68.3499361521326,-144.262314244766));
#3103=CARTESIAN_POINT('Ctrl Pts',(131.141716241036,-68.3907544209621,-144.456363663458));
#3104=CARTESIAN_POINT('Ctrl Pts',(129.081072580533,-68.4311154363324,-144.644762126132));
#3105=CARTESIAN_POINT('Ctrl Pts',(126.406734642193,-68.4834966396931,-144.889268813976));
#3106=CARTESIAN_POINT('Ctrl Pts',(123.728915593989,-68.5351038814002,-145.124262577628));
#3107=CARTESIAN_POINT('Ctrl Pts',(121.04805504473,-68.5856812347384,-145.349951786086));
#3108=CARTESIAN_POINT('Ctrl Pts',(118.410666171227,-68.6354384475789,-145.571981315903));
#3109=CARTESIAN_POINT('Ctrl Pts',(115.770333544257,-68.6841990348673,-145.78500538481));
#3110=CARTESIAN_POINT('Ctrl Pts',(113.127486154601,-68.731770582295,-145.989220530384));
#3111=CARTESIAN_POINT('Ctrl Pts',(110.484086740801,-68.7793520662188,-146.19347833135));
#3112=CARTESIAN_POINT('Ctrl Pts',(107.838171417608,-68.825744031749,-146.388923360602));
#3113=CARTESIAN_POINT('Ctrl Pts',(105.190181397897,-68.8708047292422,-146.575753255798));
#3114=CARTESIAN_POINT('Ctrl Pts',(102.53768855618,-68.9159420510046,-146.762900849232));
#3115=CARTESIAN_POINT('Ctrl Pts',(99.8831138774296,-68.9597436045861,-146.941403851394));
#3116=CARTESIAN_POINT('Ctrl Pts',(97.2269141377546,-69.0021175143801,-147.11146414952));
#3117=CARTESIAN_POINT('Ctrl Pts',(94.5618227779003,-69.0446332707022,-147.282093723954));
#3118=CARTESIAN_POINT('Ctrl Pts',(91.8950953960046,-69.0857118510874,-147.444223875433));
#3119=CARTESIAN_POINT('Ctrl Pts',(89.2272078293592,-69.12531081766,-147.598063540512));
#3120=CARTESIAN_POINT('Ctrl Pts',(86.5496056750451,-69.1650539760782,-147.752463382463));
#3121=CARTESIAN_POINT('Ctrl Pts',(83.8708352441735,-69.2033089482892,-147.898509873609));
#3122=CARTESIAN_POINT('Ctrl Pts',(81.1913915318005,-69.2400753731908,-148.036428382824));
#3123=CARTESIAN_POINT('Ctrl Pts',(78.4975524970414,-69.2770393258616,-148.175087859798));
#3124=CARTESIAN_POINT('Ctrl Pts',(75.8030317778631,-69.3124930921334,-148.305537788125));
#3125=CARTESIAN_POINT('Ctrl Pts',(73.1083426306606,-69.346454471364,-148.428047916184));
#3126=CARTESIAN_POINT('Ctrl Pts',(70.3886034671445,-69.3807315579202,-148.551696906851));
#3127=CARTESIAN_POINT('Ctrl Pts',(67.6686927063263,-69.4134884519332,-148.667257773638));
#3128=CARTESIAN_POINT('Ctrl Pts',(64.9491552178431,-69.4447931455372,-148.775015296925));
#3129=CARTESIAN_POINT('Ctrl Pts',(62.1788995977889,-69.4766816573735,-148.884782448785));
#3130=CARTESIAN_POINT('Ctrl Pts',(59.409031269277,-69.5070633207077,-148.986452482309));
#3131=CARTESIAN_POINT('Ctrl Pts',(56.6401443630414,-69.5360607330363,-149.080334288571));
#3132=CARTESIAN_POINT('Ctrl Pts',(53.8324499288763,-69.5654645606237,-149.17553190185));
#3133=CARTESIAN_POINT('Ctrl Pts',(51.0257646196913,-69.5934451560476,-149.262721477698));
#3134=CARTESIAN_POINT('Ctrl Pts',(48.2207266868801,-69.6201810902467,-149.342232874331));
#3135=CARTESIAN_POINT('Ctrl Pts',(45.3696756673514,-69.6473555935091,-149.423048554499));
#3136=CARTESIAN_POINT('Ctrl Pts',(42.5203265270169,-69.6732443742391,-149.495932148783));
#3137=CARTESIAN_POINT('Ctrl Pts',(39.6733686350966,-69.6980854964829,-149.561237306495));
#3138=CARTESIAN_POINT('Ctrl Pts',(38.0120587031087,-69.7125812511347,-149.59934538931));
#3139=CARTESIAN_POINT('Ctrl Pts',(36.3515633904818,-69.7267211956205,-149.63487301532));
#3140=CARTESIAN_POINT('Ctrl Pts',(34.6920225706959,-69.7405601279638,-149.667891424063));
#3141=CARTESIAN_POINT('Ctrl Pts',(33.2251873890254,-69.7527920855004,-149.697075739994));
#3142=CARTESIAN_POINT('Ctrl Pts',(31.7590979322364,-69.7647889651757,-149.724299758088));
#3143=CARTESIAN_POINT('Ctrl Pts',(30.2938521056669,-69.7765919908878,-149.749613051069));
#3144=CARTESIAN_POINT('Ctrl Pts',(30.0149309360509,-69.7788387904875,-149.754431637246));
#3145=CARTESIAN_POINT('Ctrl Pts',(29.736036913729,-69.7810738227499,-149.75917568124));
#3146=CARTESIAN_POINT('Ctrl Pts',(29.457167121523,-69.7832923677498,-149.763840562698));
#3147=CARTESIAN_POINT('Ctrl Pts',(27.1594438126124,-69.8015718756082,-149.802276446252));
#3148=CARTESIAN_POINT('Ctrl Pts',(24.8634370988574,-69.8188304819625,-149.835446008577));
#3149=CARTESIAN_POINT('Ctrl Pts',(22.5694283968171,-69.8350892026301,-149.863726748134));
#3150=CARTESIAN_POINT('Ctrl Pts',(20.3563441903829,-69.8507743732637,-149.891009843445));
#3151=CARTESIAN_POINT('Ctrl Pts',(18.145119547004,-69.8655289909472,-149.913742846077));
#3152=CARTESIAN_POINT('Ctrl Pts',(15.9360151865618,-69.8793948857993,-149.932306609677));
#3153=CARTESIAN_POINT('Ctrl Pts',(13.766827363191,-69.8930102363512,-149.950534942697));
#3154=CARTESIAN_POINT('Ctrl Pts',(11.5996839054616,-69.9057686608166,-149.964743155038));
#3155=CARTESIAN_POINT('Ctrl Pts',(9.43483926566228,-69.9177323925851,-149.975335311759));
#3156=CARTESIAN_POINT('Ctrl Pts',(7.32107332330097,-69.9294138445889,-149.985677550514));
#3157=CARTESIAN_POINT('Ctrl Pts',(5.20949902437958,-69.9403376618333,-149.992572254029));
#3158=CARTESIAN_POINT('Ctrl Pts',(3.10036025714788,-69.9505837384459,-149.996439475917));
#3159=CARTESIAN_POINT('Ctrl Pts',(2.06631153115329,-69.9556070885604,-149.998335461108));
#3160=CARTESIAN_POINT('Ctrl Pts',(1.03284832830082,-69.9604678718068,-149.999504431346));
#3161=CARTESIAN_POINT('Ctrl Pts',(-3.90706658732288E-12,-69.9651775045823,
-149.999999999804));
#3162=CARTESIAN_POINT('Ctrl Pts',(399.999999299035,-60.0000099754145,-6.01723094225755E-15));
#3163=CARTESIAN_POINT('Ctrl Pts',(399.946514006999,-60.7611569136241,-5.8937383996593E-15));
#3164=CARTESIAN_POINT('Ctrl Pts',(399.860968273458,-61.37690003417,1.01088580999844E-15));
#3165=CARTESIAN_POINT('Ctrl Pts',(399.666710410261,-62.0106375719459,9.74975406357111E-16));
#3166=CARTESIAN_POINT('Ctrl Pts',(399.597609129434,-62.2360702769521,9.89744398919305E-16));
#3167=CARTESIAN_POINT('Ctrl Pts',(399.512097040929,-62.4686180944334,-4.95587231404327E-15));
#3168=CARTESIAN_POINT('Ctrl Pts',(399.4156973352,-62.6961575763994,4.83176213293296E-16));
#3169=CARTESIAN_POINT('Ctrl Pts',(399.227588691448,-63.1401645682169,5.41109278380964E-16));
#3170=CARTESIAN_POINT('Ctrl Pts',(399.002642841484,-63.5589661416654,-2.14081579070754E-15));
#3171=CARTESIAN_POINT('Ctrl Pts',(398.787693736529,-63.9244305216622,-1.19341511443695E-15));
#3172=CARTESIAN_POINT('Ctrl Pts',(398.753805043105,-63.9820493255816,-1.18439628849222E-15));
#3173=CARTESIAN_POINT('Ctrl Pts',(398.720193756434,-64.0383622792936,-1.17653847893985E-15));
#3174=CARTESIAN_POINT('Ctrl Pts',(398.687005266777,-64.0932392222886,-1.17061656018948E-15));
#3175=CARTESIAN_POINT('Ctrl Pts',(398.438989152476,-64.5033321884707,-1.12636232346839E-15));
#3176=CARTESIAN_POINT('Ctrl Pts',(398.24127450165,-64.7969543224326,3.47383322815836E-15));
#3177=CARTESIAN_POINT('Ctrl Pts',(398.033901511524,-65.0915020551196,3.49761729089176E-15));
#3178=CARTESIAN_POINT('Ctrl Pts',(397.530844572075,-65.8060323362188,3.55531399381845E-15));
#3179=CARTESIAN_POINT('Ctrl Pts',(396.989420941453,-66.4657547360495,3.69325737128591E-15));
#3180=CARTESIAN_POINT('Ctrl Pts',(396.437163943666,-67.0744521252627,3.81503091351515E-15));
#3181=CARTESIAN_POINT('Ctrl Pts',(-403.448146387781,-60.0601027628955,-149.999995510484));
#3182=CARTESIAN_POINT('Ctrl Pts',(-402.29870001401,-60.1192388386359,-150.000012116009));
#3183=CARTESIAN_POINT('Ctrl Pts',(-401.149293231853,-60.1794480478721,-150.000022595989));
#3184=CARTESIAN_POINT('Ctrl Pts',(-383.046530161842,-61.1415544294707,-150.000136094163));
#3185=CARTESIAN_POINT('Ctrl Pts',(-366.091972362476,-62.0540079205714,-150.00010299884));
#3186=CARTESIAN_POINT('Ctrl Pts',(-331.02416702733,-63.7189073954286,-150.000179843205));
#3187=CARTESIAN_POINT('Ctrl Pts',(-312.911870571991,-64.5042973679209,-150.000201555388));
#3188=CARTESIAN_POINT('Ctrl Pts',(-258.56604987975,-66.6299003763726,-150.000259198693));
#3189=CARTESIAN_POINT('Ctrl Pts',(-222.323784120904,-67.7432501181312,-150.000280135232));
#3190=CARTESIAN_POINT('Ctrl Pts',(-149.82600610041,-69.3796380778967,-150.00029835128));
#3191=CARTESIAN_POINT('Ctrl Pts',(-113.570541965748,-69.9028116621562,-150.000443033978));
#3192=CARTESIAN_POINT('Ctrl Pts',(-59.1846182706897,-70.266569557089,-150.000099065367));
#3193=CARTESIAN_POINT('Ctrl Pts',(-41.0555244714639,-70.3177437415911,-150.001712378713));
#3194=CARTESIAN_POINT('Ctrl Pts',(-15.2968109628508,-70.2939908325089,-149.998546976303));
#3195=CARTESIAN_POINT('Ctrl Pts',(-7.667151292762,-70.2749646718395,-150.006448467213));
#3196=CARTESIAN_POINT('Ctrl Pts',(-0.0245736091395417,-70.2440019868829,
-149.99934735044));
#3197=CARTESIAN_POINT('Ctrl Pts',(-0.0116020450332695,-70.2439494003338,
-149.99933523011));
#3198=CARTESIAN_POINT('Ctrl Pts',(10.487680234621,-70.2013576675486,-149.989469824748));
#3199=CARTESIAN_POINT('Ctrl Pts',(20.9739529556126,-70.1363099756465,-149.910257268059));
#3200=CARTESIAN_POINT('Ctrl Pts',(67.7093220789851,-69.7550744027678,-149.06977851757));
#3201=CARTESIAN_POINT('Ctrl Pts',(103.95088259738,-69.2185486392255,-147.246357493305));
#3202=CARTESIAN_POINT('Ctrl Pts',(176.080969956686,-67.7603032645278,-139.917535607905));
#3203=CARTESIAN_POINT('Ctrl Pts',(212.015910183748,-66.8291686008551,-134.492830685779));
#3204=CARTESIAN_POINT('Ctrl Pts',(264.805825443829,-65.238537083644,-121.508125560223));
#3205=CARTESIAN_POINT('Ctrl Pts',(282.216783799964,-64.6721785666879,-116.365173702967));
#3206=CARTESIAN_POINT('Ctrl Pts',(316.104788919031,-63.5052133790467,-103.527342583571));
#3207=CARTESIAN_POINT('Ctrl Pts',(332.639950972071,-62.9036073047535,-95.8482484578093));
#3208=CARTESIAN_POINT('Ctrl Pts',(355.414940910204,-62.0380576883759,-81.0184131908588));
#3209=CARTESIAN_POINT('Ctrl Pts',(362.653831008183,-61.7557647145132,-75.5097542001722));
#3210=CARTESIAN_POINT('Ctrl Pts',(375.815610996609,-61.2337156545966,-63.0554295682452));
#3211=CARTESIAN_POINT('Ctrl Pts',(381.726387157249,-60.9946976507665,-56.0936687686089));
#3212=CARTESIAN_POINT('Ctrl Pts',(391.314126589782,-60.60250376112,-40.7101992499663));
#3213=CARTESIAN_POINT('Ctrl Pts',(394.923051240645,-60.4527519316958,-32.2917083395668));
#3214=CARTESIAN_POINT('Ctrl Pts',(399.127780500955,-60.2768401460521,-15.8324941122154));
#3215=CARTESIAN_POINT('Ctrl Pts',(399.874632522622,-60.2474891616022,-7.92923701271341));
#3216=CARTESIAN_POINT('Ctrl Pts',(400.016534609185,-60.2392643686825,1.15380445172095));
#3217=CARTESIAN_POINT('Ctrl Pts',(400.024392173171,-60.2385244247202,2.30842420238014));
#3218=CARTESIAN_POINT('Ctrl Pts',(400.024760042487,-60.2379532786516,3.46407158871627));
#3219=CARTESIAN_POINT('Ctrl Pts',(-403.448179245052,-59.9800934272039,-149.999985469779));
#3220=CARTESIAN_POINT('Ctrl Pts',(-402.298731702048,-60.0391737310136,-150.000002134284));
#3221=CARTESIAN_POINT('Ctrl Pts',(-401.149324077967,-60.099325177918,-150.000012559319));
#3222=CARTESIAN_POINT('Ctrl Pts',(-383.046553244168,-61.0604908442907,-150.000123297881));
#3223=CARTESIAN_POINT('Ctrl Pts',(-366.092045870023,-61.9717264716128,-150.000067620905));
#3224=CARTESIAN_POINT('Ctrl Pts',(-331.024285594725,-63.6345081585581,-150.000120462026));
#3225=CARTESIAN_POINT('Ctrl Pts',(-312.912003330891,-64.4188922357952,-150.000134086749));
#3226=CARTESIAN_POINT('Ctrl Pts',(-258.566222945478,-66.5417552102834,-150.000172522628));
#3227=CARTESIAN_POINT('Ctrl Pts',(-222.323982640608,-67.6536520977349,-150.000186422844));
#3228=CARTESIAN_POINT('Ctrl Pts',(-149.826274029361,-69.2878987765312,-150.000198572974));
#3229=CARTESIAN_POINT('Ctrl Pts',(-113.570852178189,-69.8103824199187,-150.00033703455));
#3230=CARTESIAN_POINT('Ctrl Pts',(-59.1849987109736,-70.1736538658107,-150.000044738025));
#3231=CARTESIAN_POINT('Ctrl Pts',(-41.0559294964358,-70.2247571690355,-150.001686892199));
#3232=CARTESIAN_POINT('Ctrl Pts',(-15.29724994465,-70.2010279284196,-149.998659324941));
#3233=CARTESIAN_POINT('Ctrl Pts',(-7.66760017467235,-70.1820242652809,-150.006615416776));
#3234=CARTESIAN_POINT('Ctrl Pts',(-0.0250320254789136,-70.1510991490399,
-149.999573741468));
#3235=CARTESIAN_POINT('Ctrl Pts',(-0.012060477554112,-70.1510466262987,
-149.999561722034));
#3236=CARTESIAN_POINT('Ctrl Pts',(10.487208705576,-70.1085065751121,-149.989777989642));
#3237=CARTESIAN_POINT('Ctrl Pts',(20.9734690827593,-70.0435388591312,-149.910645838749));
#3238=CARTESIAN_POINT('Ctrl Pts',(67.7087871257794,-69.6627791960977,-149.070446675983));
#3239=CARTESIAN_POINT('Ctrl Pts',(103.950314459213,-69.1269409312882,-147.247120015951));
#3240=CARTESIAN_POINT('Ctrl Pts',(176.080401344206,-67.6705725321769,-139.918667708624));
#3241=CARTESIAN_POINT('Ctrl Pts',(212.015349810592,-66.7406334920421,-134.494193232132));
#3242=CARTESIAN_POINT('Ctrl Pts',(264.805606450965,-65.1520318849828,-121.510183902853));
#3243=CARTESIAN_POINT('Ctrl Pts',(282.216736944575,-64.5863895882521,-116.367531434521));
#3244=CARTESIAN_POINT('Ctrl Pts',(316.105434481824,-63.4208782695439,-103.530457817261));
#3245=CARTESIAN_POINT('Ctrl Pts',(332.641153382123,-62.8200115287186,-95.8518618299263));
#3246=CARTESIAN_POINT('Ctrl Pts',(355.417371612158,-61.9554916403958,-81.0224806495273));
#3247=CARTESIAN_POINT('Ctrl Pts',(362.656734347992,-61.6735276752853,-75.5139104939213));
#3248=CARTESIAN_POINT('Ctrl Pts',(375.819345231898,-61.1520848304862,-63.0594421588615));
#3249=CARTESIAN_POINT('Ctrl Pts',(381.730473678218,-60.9133433999056,-56.0974375820725));
#3250=CARTESIAN_POINT('Ctrl Pts',(391.318270660394,-60.5216351640669,-40.7130923606069));
#3251=CARTESIAN_POINT('Ctrl Pts',(394.926850210823,-60.3720937123762,-32.293968251744));
#3252=CARTESIAN_POINT('Ctrl Pts',(399.1301203271,-60.1965183741712,-15.8335449486515));
#3253=CARTESIAN_POINT('Ctrl Pts',(399.875929084253,-60.1673046187786,-7.92973242064658));
#3254=CARTESIAN_POINT('Ctrl Pts',(400.016928833439,-60.1591701966131,1.1537183191238));
#3255=CARTESIAN_POINT('Ctrl Pts',(400.024677550426,-60.1584405331037,2.30838624425921));
#3256=CARTESIAN_POINT('Ctrl Pts',(400.024942883381,-60.1578785635991,3.46407807465276));
#3257=CARTESIAN_POINT('Ctrl Pts',(-403.448211300358,-59.9000892193862,-149.999975701485));
#3258=CARTESIAN_POINT('Ctrl Pts',(-402.298762573445,-59.9591136072285,-149.999992428117));
#3259=CARTESIAN_POINT('Ctrl Pts',(-401.14935409408,-60.0192071026386,-150.000002800595));
#3260=CARTESIAN_POINT('Ctrl Pts',(-383.046575319273,-60.9794283645651,-150.000110801543));
#3261=CARTESIAN_POINT('Ctrl Pts',(-366.092118555708,-61.8894442859741,-150.000032468584));
#3262=CARTESIAN_POINT('Ctrl Pts',(-331.024403236947,-63.5501071117357,-150.000061324719));
#3263=CARTESIAN_POINT('Ctrl Pts',(-312.912135070815,-64.3334848125652,-150.000066885427));
#3264=CARTESIAN_POINT('Ctrl Pts',(-258.566394777291,-66.4536068329679,-150.000086163542));
#3265=CARTESIAN_POINT('Ctrl Pts',(-222.324179820452,-67.5640505782149,-150.000093048814));
#3266=CARTESIAN_POINT('Ctrl Pts',(-149.826540418125,-69.1961556142797,-150.000099126351));
#3267=CARTESIAN_POINT('Ctrl Pts',(-113.571160756136,-69.7179492584385,-150.000231345518));
#3268=CARTESIAN_POINT('Ctrl Pts',(-59.1853773700447,-70.0807342855239,-149.999990478151));
#3269=CARTESIAN_POINT('Ctrl Pts',(-41.0563326905815,-70.131766737102,-150.00166104583));
#3270=CARTESIAN_POINT('Ctrl Pts',(-15.2976870260633,-70.1080612444681,-149.998771700046));
#3271=CARTESIAN_POINT('Ctrl Pts',(-7.66804713307282,-70.0890801027032,-150.006782140756));
#3272=CARTESIAN_POINT('Ctrl Pts',(-0.0254885001608555,-70.058192589783,
-149.999799194152));
#3273=CARTESIAN_POINT('Ctrl Pts',(-0.0125169683892984,-70.0581401309087,
-149.999787274405));
#3274=CARTESIAN_POINT('Ctrl Pts',(10.486739143118,-70.0156518089216,-149.990084235546));
#3275=CARTESIAN_POINT('Ctrl Pts',(20.9729871925878,-69.9507641376477,-149.911032600624));
#3276=CARTESIAN_POINT('Ctrl Pts',(67.7082542317883,-69.5704806878427,-149.071112369272));
#3277=CARTESIAN_POINT('Ctrl Pts',(103.949748422401,-69.0353301829279,-147.247879439744));
#3278=CARTESIAN_POINT('Ctrl Pts',(176.079834644067,-67.5808393920736,-139.919795239196));
#3279=CARTESIAN_POINT('Ctrl Pts',(212.014791182049,-66.6520964196502,-134.495550197908));
#3280=CARTESIAN_POINT('Ctrl Pts',(264.805387735352,-65.0655255706774,-121.512234153148));
#3281=CARTESIAN_POINT('Ctrl Pts',(282.216689649652,-64.5005998636708,-116.369879999874));
#3282=CARTESIAN_POINT('Ctrl Pts',(316.106077157802,-63.3365433436319,-103.533561261303));
#3283=CARTESIAN_POINT('Ctrl Pts',(332.642351314381,-62.7364164851507,-95.8554619562727));
#3284=CARTESIAN_POINT('Ctrl Pts',(355.41979384818,-61.8729273734188,-81.0265324699182));
#3285=CARTESIAN_POINT('Ctrl Pts',(362.659627597376,-61.5912928303191,-75.5180501883611));
#3286=CARTESIAN_POINT('Ctrl Pts',(375.823064896906,-61.0704570222964,-63.0634371131346));
#3287=CARTESIAN_POINT('Ctrl Pts',(381.734543192162,-60.8319925418171,-56.1011885906453));
#3288=CARTESIAN_POINT('Ctrl Pts',(391.322391477906,-60.4407705485112,-40.7159704553631));
#3289=CARTESIAN_POINT('Ctrl Pts',(394.930626270549,-60.2914394253621,-32.2962158081274));
#3290=CARTESIAN_POINT('Ctrl Pts',(399.132430500494,-60.1162006598995,-15.8345897070673));
#3291=CARTESIAN_POINT('Ctrl Pts',(399.877202085425,-60.0871236328696,-7.93022316474038));
#3292=CARTESIAN_POINT('Ctrl Pts',(400.017310456298,-60.0790786383531,1.15363610385718));
#3293=CARTESIAN_POINT('Ctrl Pts',(400.02495160932,-60.0783591388938,2.30835209627442));
#3294=CARTESIAN_POINT('Ctrl Pts',(400.025115549406,-60.0778062360125,3.46408824908675));
#3295=CARTESIAN_POINT('Ctrl Pts',(-403.448703767339,-58.6401028516917,-149.999826069667));
#3296=CARTESIAN_POINT('Ctrl Pts',(-402.299236164768,-58.6982442893252,-149.999843823762));
#3297=CARTESIAN_POINT('Ctrl Pts',(-401.149814005502,-58.7574220671324,-149.999853405851));
#3298=CARTESIAN_POINT('Ctrl Pts',(-383.046907368521,-59.702710864872,-149.99991863631));
#3299=CARTESIAN_POINT('Ctrl Pts',(-366.093250501069,-60.5934880195434,-149.999482348314));
#3300=CARTESIAN_POINT('Ctrl Pts',(-331.026241561864,-62.2207621836791,-149.999133750183));
#3301=CARTESIAN_POINT('Ctrl Pts',(-312.914193949546,-62.9882819167608,-149.999012675454));
#3302=CARTESIAN_POINT('Ctrl Pts',(-258.569081698369,-65.0652195496201,-149.998731010201));
#3303=CARTESIAN_POINT('Ctrl Pts',(-222.327264302347,-66.1527718030959,-149.998627749429));
#3304=CARTESIAN_POINT('Ctrl Pts',(-149.83071177668,-67.7511403164327,-149.998538089601));
#3305=CARTESIAN_POINT('Ctrl Pts',(-113.575995104522,-68.2620655628078,-149.998571666682));
#3306=CARTESIAN_POINT('Ctrl Pts',(-59.1913131760771,-68.6171899701032,-149.999136999659));
#3307=CARTESIAN_POINT('Ctrl Pts',(-41.0626541390289,-68.6671069724864,-150.001248335404));
#3308=CARTESIAN_POINT('Ctrl Pts',(-15.3045410978222,-68.6437767563002,-150.000542058404));
#3309=CARTESIAN_POINT('Ctrl Pts',(-7.67505640155032,-68.6251506992628,-150.00940452543));
#3310=CARTESIAN_POINT('Ctrl Pts',(-0.0326473623557973,-68.594855980914,
-150.003335328477));
#3311=CARTESIAN_POINT('Ctrl Pts',(-0.0196760844695191,-68.5948045288594,
-150.003324959737));
#3312=CARTESIAN_POINT('Ctrl Pts',(10.4793745437713,-68.5531316876809,-149.994877415899));
#3313=CARTESIAN_POINT('Ctrl Pts',(20.9654286881559,-68.4895057995105,-149.917095647397));
#3314=CARTESIAN_POINT('Ctrl Pts',(67.6998936364326,-68.1167274634801,-149.081558209376));
#3315=CARTESIAN_POINT('Ctrl Pts',(103.940866504745,-67.5924132652863,-147.25979158188));
#3316=CARTESIAN_POINT('Ctrl Pts',(176.070939351759,-66.1675047032756,-139.937481910513));
#3317=CARTESIAN_POINT('Ctrl Pts',(212.006020417446,-65.257606752439,-134.516834574701));
#3318=CARTESIAN_POINT('Ctrl Pts',(264.801947563573,-63.7030336121753,-121.544398158528));
#3319=CARTESIAN_POINT('Ctrl Pts',(282.215938092617,-63.1493999799264,-116.406725524692));
#3320=CARTESIAN_POINT('Ctrl Pts',(316.116154087974,-62.0082711072442,-103.58225469238));
#3321=CARTESIAN_POINT('Ctrl Pts',(332.661148406877,-61.4198059980431,-95.9119551011186));
#3322=CARTESIAN_POINT('Ctrl Pts',(355.457810801407,-60.5725680713677,-81.0901020989235));
#3323=CARTESIAN_POINT('Ctrl Pts',(362.705037392832,-60.2961284149138,-75.5829887191167));
#3324=CARTESIAN_POINT('Ctrl Pts',(375.881420273341,-59.7848663383931,-63.126079785449));
#3325=CARTESIAN_POINT('Ctrl Pts',(381.798370447963,-59.5507697383894,-56.1599865678087));
#3326=CARTESIAN_POINT('Ctrl Pts',(391.386929024767,-59.16721527033,-40.7610642530915));
#3327=CARTESIAN_POINT('Ctrl Pts',(394.989739883309,-59.0211959882479,-32.3314206930898));
#3328=CARTESIAN_POINT('Ctrl Pts',(399.168351709104,-58.8512600143498,-15.8509499052336));
#3329=CARTESIAN_POINT('Ctrl Pts',(399.896884863848,-58.8243284275883,-7.93788022012064));
#3330=CARTESIAN_POINT('Ctrl Pts',(400.023126678989,-58.8176770642718,1.15240156263225));
#3331=CARTESIAN_POINT('Ctrl Pts',(400.029093891555,-58.8171158179166,2.30787292364963));
#3332=CARTESIAN_POINT('Ctrl Pts',(400.027678868354,-58.8167039882845,3.46430524044319));
#3333=CARTESIAN_POINT('Ctrl Pts',(-403.448992584354,-57.4612296417266,-149.999744619012));
#3334=CARTESIAN_POINT('Ctrl Pts',(-402.299504080325,-57.51851281737,-149.999764029877));
#3335=CARTESIAN_POINT('Ctrl Pts',(-401.150066173045,-57.5767915963731,-149.999773399592));
#3336=CARTESIAN_POINT('Ctrl Pts',(-383.047000822421,-58.5072844922878,-149.999803421977));
#3337=CARTESIAN_POINT('Ctrl Pts',(-366.094132936148,-59.3796490583913,-149.999015918805));
#3338=CARTESIAN_POINT('Ctrl Pts',(-331.02776237681,-60.9754273716486,-149.998318077894));
#3339=CARTESIAN_POINT('Ctrl Pts',(-312.915900737133,-61.7279908414712,-149.998083571054));
#3340=CARTESIAN_POINT('Ctrl Pts',(-258.571329595114,-63.7642877245251,-149.997531015316));
#3341=CARTESIAN_POINT('Ctrl Pts',(-222.329861445042,-64.8303396930417,-149.997329294762));
#3342=CARTESIAN_POINT('Ctrl Pts',(-149.834283070147,-66.3970356628904,-149.997148695959));
#3343=CARTESIAN_POINT('Ctrl Pts',(-113.580166716259,-66.8977700135738,-149.997085318215));
#3344=CARTESIAN_POINT('Ctrl Pts',(-59.1964842568542,-67.2457267949094,-149.998353204956));
#3345=CARTESIAN_POINT('Ctrl Pts',(-41.068175525407,-67.2946055773524,-150.00078104397));
#3346=CARTESIAN_POINT('Ctrl Pts',(-15.3105460728131,-67.2716440507266,-150.002208593495));
#3347=CARTESIAN_POINT('Ctrl Pts',(-7.68120164101708,-67.2533556636282,-150.011814361092));
#3348=CARTESIAN_POINT('Ctrl Pts',(-0.0389287176180749,-67.2236235966076,
-150.006443530328));
#3349=CARTESIAN_POINT('Ctrl Pts',(-0.0259576707380807,-67.2235731001763,
-150.006434346986));
#3350=CARTESIAN_POINT('Ctrl Pts',(10.4729059817398,-67.1826742725532,-149.998946337664));
#3351=CARTESIAN_POINT('Ctrl Pts',(20.9587820543499,-67.1202450129226,-149.922381114077));
#3352=CARTESIAN_POINT('Ctrl Pts',(67.6925126966654,-66.7545610471658,-149.090803547013));
#3353=CARTESIAN_POINT('Ctrl Pts',(103.933006722796,-66.240451643689,-147.270273580356));
#3354=CARTESIAN_POINT('Ctrl Pts',(176.063026713236,-64.8433838589279,-139.953052108473));
#3355=CARTESIAN_POINT('Ctrl Pts',(211.998188586482,-63.9512305895373,-134.535554464002));
#3356=CARTESIAN_POINT('Ctrl Pts',(264.798789926709,-62.4268069180795,-121.572759976877));
#3357=CARTESIAN_POINT('Ctrl Pts',(282.215142992401,-61.8838283917958,-116.439237744319));
#3358=CARTESIAN_POINT('Ctrl Pts',(316.124968096977,-60.7643728656415,-103.625290400347));
#3359=CARTESIAN_POINT('Ctrl Pts',(332.677782881085,-60.1869479949965,-95.9619776852999));
#3360=CARTESIAN_POINT('Ctrl Pts',(355.491577511691,-59.3551568928795,-81.146229536264));
#3361=CARTESIAN_POINT('Ctrl Pts',(362.745374489738,-59.0836721372999,-75.6401875569146));
#3362=CARTESIAN_POINT('Ctrl Pts',(375.932905006639,-58.5815546434059,-63.1809010693328));
#3363=CARTESIAN_POINT('Ctrl Pts',(381.854452309583,-58.351630342019,-56.2111687190532));
#3364=CARTESIAN_POINT('Ctrl Pts',(391.442309521824,-57.9753846946492,-40.8000240527724));
#3365=CARTESIAN_POINT('Ctrl Pts',(395.040146142724,-57.8324540373374,-32.3617007960016));
#3366=CARTESIAN_POINT('Ctrl Pts',(399.195531166813,-57.6675125195769,-15.8649666260213));
#3367=CARTESIAN_POINT('Ctrl Pts',(399.910208767511,-57.6424795367317,-7.94405497169286));
#3368=CARTESIAN_POINT('Ctrl Pts',(400.025883112421,-57.6369259186656,1.15208202152357));
#3369=CARTESIAN_POINT('Ctrl Pts',(400.030564919658,-57.6364873312335,2.3082376868475));
#3370=CARTESIAN_POINT('Ctrl Pts',(400.027921952315,-57.6361835402024,3.46529560383491));
#3371=CARTESIAN_POINT('Ctrl Pts',(-403.449343623041,-55.0253598123864,-149.999661770975));
#3372=CARTESIAN_POINT('Ctrl Pts',(-402.299806894482,-55.080800619071,-149.999685528968));
#3373=CARTESIAN_POINT('Ctrl Pts',(-401.150331411421,-55.1371369767264,-149.999695257173));
#3374=CARTESIAN_POINT('Ctrl Pts',(-383.046862931045,-56.0354849296178,-149.999661953097));
#3375=CARTESIAN_POINT('Ctrl Pts',(-366.095629628437,-56.8692606576141,-149.998141705621));
#3376=CARTESIAN_POINT('Ctrl Pts',(-331.030504502798,-58.3995417559603,-149.996739980717));
#3377=CARTESIAN_POINT('Ctrl Pts',(-312.918982389832,-59.1209916600594,-149.996282848429));
#3378=CARTESIAN_POINT('Ctrl Pts',(-258.575424846994,-61.0728952339187,-149.995196511291));
#3379=CARTESIAN_POINT('Ctrl Pts',(-222.334630271589,-62.0943743791115,-149.994801896336));
#3380=CARTESIAN_POINT('Ctrl Pts',(-149.840972377974,-63.5954366243509,-149.994435038897));
#3381=CARTESIAN_POINT('Ctrl Pts',(-113.588052970341,-64.0750759990999,-149.994167786148));
#3382=CARTESIAN_POINT('Ctrl Pts',(-59.2063670911818,-64.408225011875,-149.996785062987));
#3383=CARTESIAN_POINT('Ctrl Pts',(-41.0787588788291,-64.4549692764471,-149.999705582923));
#3384=CARTESIAN_POINT('Ctrl Pts',(-15.322095651764,-64.4328025285558,-150.005654457351));
#3385=CARTESIAN_POINT('Ctrl Pts',(-7.69303034067833,-64.4152222789885,-150.016682134616));
#3386=CARTESIAN_POINT('Ctrl Pts',(-0.0510299273894565,-64.386667942546,
-150.012460473408));
#3387=CARTESIAN_POINT('Ctrl Pts',(-0.0380593430176999,-64.3866194464043,
-150.012453240624));
#3388=CARTESIAN_POINT('Ctrl Pts',(10.4604299652709,-64.3473407655989,-150.006544111996));
#3389=CARTESIAN_POINT('Ctrl Pts',(20.9459465608564,-64.2874142303894,-149.932507544609));
#3390=CARTESIAN_POINT('Ctrl Pts',(67.6781992902589,-63.9365252428866,-149.108822288237));
#3391=CARTESIAN_POINT('Ctrl Pts',(103.917727881429,-63.4436231619093,-147.290564621609));
#3392=CARTESIAN_POINT('Ctrl Pts',(176.047574741104,-62.1043789319144,-139.983210323179));
#3393=CARTESIAN_POINT('Ctrl Pts',(211.98284589543,-61.2490985742958,-134.571777464563));
#3394=CARTESIAN_POINT('Ctrl Pts',(264.79248337002,-59.7873597393946,-121.627770197324));
#3395=CARTESIAN_POINT('Ctrl Pts',(282.213409799324,-59.2665645553429,-116.502331972748));
#3396=CARTESIAN_POINT('Ctrl Pts',(316.141991016702,-58.1923075257104,-103.708911673154));
#3397=CARTESIAN_POINT('Ctrl Pts',(332.710219853782,-57.637938471745,-96.059340779296));
#3398=CARTESIAN_POINT('Ctrl Pts',(355.557574916688,-56.8385307278047,-81.2551512781667));
#3399=CARTESIAN_POINT('Ctrl Pts',(362.824203353338,-56.5774667710988,-75.7509229549788));
#3400=CARTESIAN_POINT('Ctrl Pts',(376.03284146655,-56.0946050779861,-63.2863553881275));
#3401=CARTESIAN_POINT('Ctrl Pts',(381.962848165822,-55.87346922905,-56.3091076634387));
#3402=CARTESIAN_POINT('Ctrl Pts',(391.546922416945,-55.5125600916086,-40.8740619930915));
#3403=CARTESIAN_POINT('Ctrl Pts',(395.134630608345,-55.3759844101348,-32.4190629199471));
#3404=CARTESIAN_POINT('Ctrl Pts',(399.24034595662,-55.2212892675332,-15.8916129165708));
#3405=CARTESIAN_POINT('Ctrl Pts',(399.929464373603,-55.1998877868417,-7.95530077478455));
#3406=CARTESIAN_POINT('Ctrl Pts',(400.027848545066,-55.1962051929549,1.15253920444126));
#3407=CARTESIAN_POINT('Ctrl Pts',(400.030404419289,-55.195972091304,2.31005747571584));
#3408=CARTESIAN_POINT('Ctrl Pts',(400.025692727844,-55.1958473867147,3.46835420354735));
#3409=CARTESIAN_POINT('Ctrl Pts',(-403.449390015314,-53.7684796375937,-149.999665872473));
#3410=CARTESIAN_POINT('Ctrl Pts',(-402.299825652231,-53.8229315718307,-149.999692373449));
#3411=CARTESIAN_POINT('Ctrl Pts',(-401.150328021912,-53.878218834352,-149.999702720348));
#3412=CARTESIAN_POINT('Ctrl Pts',(-383.046610209026,-54.7591163415471,-149.999641919609));
#3413=CARTESIAN_POINT('Ctrl Pts',(-366.096221736872,-55.5726832323222,-149.997740018203));
#3414=CARTESIAN_POINT('Ctrl Pts',(-331.031698489801,-57.0689367660738,-149.995984918414));
#3415=CARTESIAN_POINT('Ctrl Pts',(-312.920326911851,-57.7742175246921,-149.995419397411));
#3416=CARTESIAN_POINT('Ctrl Pts',(-258.577234714648,-59.682344369318,-149.99407196092));
#3417=CARTESIAN_POINT('Ctrl Pts',(-222.336761166861,-60.6807432146321,-149.993583637416));
#3418=CARTESIAN_POINT('Ctrl Pts',(-149.844043246876,-62.1478347060438,-149.993121585778));
#3419=CARTESIAN_POINT('Ctrl Pts',(-113.591717453106,-62.6165684875949,-149.992747274008));
#3420=CARTESIAN_POINT('Ctrl Pts',(-59.2110239277458,-62.9420782666885,-149.9960042788));
#3421=CARTESIAN_POINT('Ctrl Pts',(-41.0837643181456,-62.9877270828771,-149.999092409037));
#3422=CARTESIAN_POINT('Ctrl Pts',(-15.3275814301459,-62.9659886002797,-150.007432942117));
#3423=CARTESIAN_POINT('Ctrl Pts',(-7.69865424641015,-62.9487795082166,-150.019131185246));
#3424=CARTESIAN_POINT('Ctrl Pts',(-0.0567896212724282,-62.9208412217583,
-150.015341332735));
#3425=CARTESIAN_POINT('Ctrl Pts',(-0.0438192673639147,-62.920793771931,
-150.015334832868));
#3426=CARTESIAN_POINT('Ctrl Pts',(10.4544835045932,-62.8823625593668,-150.010018950223));
#3427=CARTESIAN_POINT('Ctrl Pts',(20.9398192994469,-62.8237440221716,-149.937293139609));
#3428=CARTESIAN_POINT('Ctrl Pts',(67.6713311706221,-62.4805641347344,-149.117523171549));
#3429=CARTESIAN_POINT('Ctrl Pts',(103.910374847876,-61.9986717626605,-147.300279871663));
#3430=CARTESIAN_POINT('Ctrl Pts',(176.040097126186,-60.6894275674339,-139.997660196395));
#3431=CARTESIAN_POINT('Ctrl Pts',(211.975392796589,-59.8532876958848,-134.589111959572));
#3432=CARTESIAN_POINT('Ctrl Pts',(264.789349644437,-58.4241073752539,-121.654172101129));
#3433=CARTESIAN_POINT('Ctrl Pts',(282.21246571709,-57.9148506703952,-116.532633600628));
#3434=CARTESIAN_POINT('Ctrl Pts',(316.150118345582,-56.8641447140242,-103.749133129968));
#3435=CARTESIAN_POINT('Ctrl Pts',(332.725889346966,-56.3218066116828,-96.1062692212115));
#3436=CARTESIAN_POINT('Ctrl Pts',(355.589545391247,-55.5393654991049,-81.3074612675197));
#3437=CARTESIAN_POINT('Ctrl Pts',(362.862383296193,-55.2837792834559,-75.8039484766618));
#3438=CARTESIAN_POINT('Ctrl Pts',(376.080850073165,-54.811052250982,-63.3364534427335));
#3439=CARTESIAN_POINT('Ctrl Pts',(382.01464545054,-54.5945436386968,-56.3553315755625));
#3440=CARTESIAN_POINT('Ctrl Pts',(391.595487202792,-54.24167683535,-40.9087000669283));
#3441=CARTESIAN_POINT('Ctrl Pts',(395.178029936286,-54.1083665317359,-32.4457932339022));
#3442=CARTESIAN_POINT('Ctrl Pts',(399.25723288262,-53.9589148477634,-15.9040837831433));
#3443=CARTESIAN_POINT('Ctrl Pts',(399.934852186887,-53.9392260505671,-7.96027111730396));
#3444=CARTESIAN_POINT('Ctrl Pts',(400.026809117411,-53.9362905307384,1.15338740722255));
#3445=CARTESIAN_POINT('Ctrl Pts',(400.028559682488,-53.9361370628607,2.31158035999974));
#3446=CARTESIAN_POINT('Ctrl Pts',(400.023038828267,-53.9360804513194,3.47048662994699));
#3447=CARTESIAN_POINT('Ctrl Pts',(-403.449359108709,-51.2558967584307,-149.999718971826));
#3448=CARTESIAN_POINT('Ctrl Pts',(-402.299737249387,-51.3082945470928,-149.999750975682));
#3449=CARTESIAN_POINT('Ctrl Pts',(-401.150192082078,-51.3614011389317,-149.999762834238));
#3450=CARTESIAN_POINT('Ctrl Pts',(-383.04590913212,-52.2060470578824,-149.999655579427));
#3451=CARTESIAN_POINT('Ctrl Pts',(-366.097091536073,-52.979037448975,-149.997023646179));
#3452=CARTESIAN_POINT('Ctrl Pts',(-331.033656073279,-54.4068973331931,-149.994593459364));
#3453=CARTESIAN_POINT('Ctrl Pts',(-312.922534298769,-55.0796865018499,-149.993825453685));
#3454=CARTESIAN_POINT('Ctrl Pts',(-258.580247974915,-56.899925513271,-149.991988865158));
#3455=CARTESIAN_POINT('Ctrl Pts',(-222.340361814104,-57.8520547389156,-149.991325924952));
#3456=CARTESIAN_POINT('Ctrl Pts',(-149.849416553202,-59.2510716619216,-149.990680089391));
#3457=CARTESIAN_POINT('Ctrl Pts',(-113.598226889144,-59.6979736710355,-149.990096626587));
#3458=CARTESIAN_POINT('Ctrl Pts',(-59.2194364492857,-60.0082188459655,-149.994522141923));
#3459=CARTESIAN_POINT('Ctrl Pts',(-41.0928462440427,-60.0516891865996,-149.997866619999));
#3460=CARTESIAN_POINT('Ctrl Pts',(-15.3375844821746,-60.0308385339839,-150.010912918154));
#3461=CARTESIAN_POINT('Ctrl Pts',(-7.70892155200641,-60.0143822625449,-150.023820502119));
#3462=CARTESIAN_POINT('Ctrl Pts',(-0.0673179348354964,-59.987690255455,
-150.020656352289));
#3463=CARTESIAN_POINT('Ctrl Pts',(-0.0543480239241182,-59.9876449223343,
-150.020650914409));
#3464=CARTESIAN_POINT('Ctrl Pts',(10.4435961871901,-59.9509281426845,-150.016194619673));
#3465=CARTESIAN_POINT('Ctrl Pts',(20.9285821217701,-59.894952528468,-149.94599101063));
#3466=CARTESIAN_POINT('Ctrl Pts',(67.6586630219924,-59.5673140301652,-149.133725443764));
#3467=CARTESIAN_POINT('Ctrl Pts',(103.896769600623,-59.1075439786967,-147.318194697169));
#3468=CARTESIAN_POINT('Ctrl Pts',(176.026192148463,-57.8585457042048,-140.024327356593));
#3469=CARTESIAN_POINT('Ctrl Pts',(211.96148993251,-57.060861400162,-134.621061505507));
#3470=CARTESIAN_POINT('Ctrl Pts',(264.783416617715,-55.6971296753847,-121.70296014466));
#3471=CARTESIAN_POINT('Ctrl Pts',(282.210574453177,-55.2110970630562,-116.588651498364));
#3472=CARTESIAN_POINT('Ctrl Pts',(316.165106700496,-54.2078697864792,-103.823568029416));
#3473=CARTESIAN_POINT('Ctrl Pts',(332.755050678643,-53.6898189465187,-96.193268523412));
#3474=CARTESIAN_POINT('Ctrl Pts',(355.649123181324,-52.9417599522256,-81.4041128315311));
#3475=CARTESIAN_POINT('Ctrl Pts',(362.933501140137,-52.6973044021543,-75.9016715725328));
#3476=CARTESIAN_POINT('Ctrl Pts',(376.169637997629,-52.2451893134629,-63.4281369131293));
#3477=CARTESIAN_POINT('Ctrl Pts',(382.109917475464,-52.0381005516022,-56.4394568365423));
#3478=CARTESIAN_POINT('Ctrl Pts',(391.682669089172,-51.7014952994528,-40.9712688390688));
#3479=CARTESIAN_POINT('Ctrl Pts',(395.254644361542,-51.5746997285117,-32.4939947642098));
#3480=CARTESIAN_POINT('Ctrl Pts',(399.281904494696,-51.4354108022533,-15.9267583682639));
#3481=CARTESIAN_POINT('Ctrl Pts',(399.940036773083,-51.4187383304491,-7.96911195906099));
#3482=CARTESIAN_POINT('Ctrl Pts',(400.022876580169,-51.4169439733854,1.15556934522397));
#3483=CARTESIAN_POINT('Ctrl Pts',(400.023458345071,-51.4169086394849,2.31504201938019));
#3484=CARTESIAN_POINT('Ctrl Pts',(400.016713425388,-51.4169518602589,3.47510372500332));
#3485=CARTESIAN_POINT('Ctrl Pts',(-403.449283130543,-50.0001862824707,-149.999767509481));
#3486=CARTESIAN_POINT('Ctrl Pts',(-402.299631460463,-50.051518744376,-149.99980225738));
#3487=CARTESIAN_POINT('Ctrl Pts',(-401.15006093838,-50.1034938891879,-149.999814999332));
#3488=CARTESIAN_POINT('Ctrl Pts',(-383.045462418991,-50.9293438385912,-149.999688756556));
#3489=CARTESIAN_POINT('Ctrl Pts',(-366.097369324708,-51.6819696581912,-149.996708936462));
#3490=CARTESIAN_POINT('Ctrl Pts',(-331.034419646721,-53.0754624534433,-149.993957066875));
#3491=CARTESIAN_POINT('Ctrl Pts',(-312.923397172424,-53.73192978399,-149.993094959819));
#3492=CARTESIAN_POINT('Ctrl Pts',(-258.581451371555,-55.5080576510255,-149.99103032028));
#3493=CARTESIAN_POINT('Ctrl Pts',(-222.34183156739,-56.4369975763364,-149.990286471657));
#3494=CARTESIAN_POINT('Ctrl Pts',(-149.851718995174,-57.8019106784199,-149.989552047577));
#3495=CARTESIAN_POINT('Ctrl Pts',(-113.601071844462,-58.2378865062872,-149.988866566473));
#3496=CARTESIAN_POINT('Ctrl Pts',(-59.2231921336291,-58.5405063057159,-149.993820777888));
#3497=CARTESIAN_POINT('Ctrl Pts',(-41.0969227320192,-58.5828936233943,-149.997255874157));
#3498=CARTESIAN_POINT('Ctrl Pts',(-15.3421017545064,-58.5625025248764,-150.012613199087));
#3499=CARTESIAN_POINT('Ctrl Pts',(-7.71356496242753,-58.5464279312691,-150.026059313664));
#3500=CARTESIAN_POINT('Ctrl Pts',(-0.0720865665650524,-58.5203661547017,
-150.023090410678));
#3501=CARTESIAN_POINT('Ctrl Pts',(-0.0591168681909383,-58.5203218919749,
-150.023085304167));
#3502=CARTESIAN_POINT('Ctrl Pts',(10.438655316442,-58.4844720784532,-150.018897210632));
#3503=CARTESIAN_POINT('Ctrl Pts',(20.923472204787,-58.4298313638942,-149.949902993867));
#3504=CARTESIAN_POINT('Ctrl Pts',(67.6528629933995,-58.1100251384951,-149.141227199624));
#3505=CARTESIAN_POINT('Ctrl Pts',(103.890517387749,-57.6613676950996,-147.326394279471));
#3506=CARTESIAN_POINT('Ctrl Pts',(176.019764782741,-56.4426152953301,-140.036544610988));
#3507=CARTESIAN_POINT('Ctrl Pts',(211.955040149062,-55.6642460479457,-134.635676516469));
#3508=CARTESIAN_POINT('Ctrl Pts',(264.78061726998,-54.3334044026401,-121.725346185567));
#3509=CARTESIAN_POINT('Ctrl Pts',(282.209627161505,-53.8590573950519,-116.614367564202));
#3510=CARTESIAN_POINT('Ctrl Pts',(316.171967337863,-52.8797576936663,-103.857781101817));
#3511=CARTESIAN_POINT('Ctrl Pts',(332.768541649248,-52.3739631571539,-96.2333386660774));
#3512=CARTESIAN_POINT('Ctrl Pts',(355.676728657664,-51.6433196769653,-81.4484542326422));
#3513=CARTESIAN_POINT('Ctrl Pts',(362.966436630387,-51.4045169967683,-75.9463697960578));
#3514=CARTESIAN_POINT('Ctrl Pts',(376.210416107482,-50.9628790246321,-63.4697247092549));
#3515=CARTESIAN_POINT('Ctrl Pts',(382.15338990865,-50.7605829395988,-56.4773623400298));
#3516=CARTESIAN_POINT('Ctrl Pts',(391.721292969539,-50.4321963013326,-40.9992035245057));
#3517=CARTESIAN_POINT('Ctrl Pts',(395.287851873421,-50.3086508714917,-32.5154703155153));
#3518=CARTESIAN_POINT('Ctrl Pts',(399.289722574443,-50.1742781280225,-15.9369612211306));
#3519=CARTESIAN_POINT('Ctrl Pts',(399.93986984901,-50.1589081129374,-7.97298543723778));
#3520=CARTESIAN_POINT('Ctrl Pts',(400.020000338174,-50.157509064433,1.15689775542936));
#3521=CARTESIAN_POINT('Ctrl Pts',(400.020216451984,-50.1575123939873,2.31697532715754));
#3522=CARTESIAN_POINT('Ctrl Pts',(400.013054836631,-50.1575875176064,3.47758292886062));
#3523=CARTESIAN_POINT('Ctrl Pts',(-403.449137111236,-47.4891532976403,-149.999865375625));
#3524=CARTESIAN_POINT('Ctrl Pts',(-402.299426897181,-47.5382828315937,-149.999904671552));
#3525=CARTESIAN_POINT('Ctrl Pts',(-401.149804801951,-47.5879272929607,-149.99991886017));
#3526=CARTESIAN_POINT('Ctrl Pts',(-383.044527128765,-48.3752402392652,-149.999760929992));
#3527=CARTESIAN_POINT('Ctrl Pts',(-366.09765564607,-49.0873497932638,-149.996154673172));
#3528=CARTESIAN_POINT('Ctrl Pts',(-331.03552981718,-50.4118334201085,-149.99280197229));
#3529=CARTESIAN_POINT('Ctrl Pts',(-312.92465314127,-51.0355463566932,-149.991766934372));
#3530=CARTESIAN_POINT('Ctrl Pts',(-258.583255726255,-52.7231730498306,-149.989282706509));
#3531=CARTESIAN_POINT('Ctrl Pts',(-222.344113036503,-53.6056430433917,-149.988390667852));
#3532=CARTESIAN_POINT('Ctrl Pts',(-149.855554872104,-54.9022374581459,-149.987489650247));
#3533=CARTESIAN_POINT('Ctrl Pts',(-113.605939661166,-55.3163440615359,-149.986612297037));
#3534=CARTESIAN_POINT('Ctrl Pts',(-59.2297958118211,-55.6037254960225,-149.992516556149));
#3535=CARTESIAN_POINT('Ctrl Pts',(-41.1041386899561,-55.6439576078266,-149.996128352347));
#3536=CARTESIAN_POINT('Ctrl Pts',(-15.3501579612497,-55.6245124927639,-150.015841549243));
#3537=CARTESIAN_POINT('Ctrl Pts',(-7.72186157774436,-55.6092111362489,-150.030234501421));
#3538=CARTESIAN_POINT('Ctrl Pts',(-0.0806224649899695,-55.5844222279696,
-150.027514166461));
#3539=CARTESIAN_POINT('Ctrl Pts',(-0.0676531727454089,-55.5843801270944,
-150.027509481786));
#3540=CARTESIAN_POINT('Ctrl Pts',(10.4297902874963,-55.5502813003893,-150.023662794238));
#3541=CARTESIAN_POINT('Ctrl Pts',(20.9142828568029,-55.4983325372289,-149.956891749278));
#3542=CARTESIAN_POINT('Ctrl Pts',(67.642349680477,-55.1942971333575,-149.154993032589));
#3543=CARTESIAN_POINT('Ctrl Pts',(103.879137094747,-54.7679530299623,-147.341286421558));
#3544=CARTESIAN_POINT('Ctrl Pts',(176.008000041021,-53.6099021806187,-140.058756858858));
#3545=CARTESIAN_POINT('Ctrl Pts',(211.943199398523,-52.8703103686933,-134.662207235633));
#3546=CARTESIAN_POINT('Ctrl Pts',(264.775423938233,-51.6055342660289,-121.766088638161));
#3547=CARTESIAN_POINT('Ctrl Pts',(282.207804166667,-51.1546843390196,-116.661181129335));
#3548=CARTESIAN_POINT('Ctrl Pts',(316.184449659571,-50.2235668281115,-103.920104873596));
#3549=CARTESIAN_POINT('Ctrl Pts',(332.793279177177,-49.7424834385154,-96.3064496534287));
#3550=CARTESIAN_POINT('Ctrl Pts',(355.727369404913,-49.047072292959,-81.5290978774193));
#3551=CARTESIAN_POINT('Ctrl Pts',(363.026812761983,-48.8197289712421,-76.02747060669));
#3552=CARTESIAN_POINT('Ctrl Pts',(376.284684810938,-48.3993396340467,-63.5446860805116));
#3553=CARTESIAN_POINT('Ctrl Pts',(382.232097329898,-48.2067749854755,-56.5453439123354));
#3554=CARTESIAN_POINT('Ctrl Pts',(391.789693998372,-47.8949323859408,-41.0489446149215));
#3555=CARTESIAN_POINT('Ctrl Pts',(395.345129259398,-47.7778768275594,-32.5537005815417));
#3556=CARTESIAN_POINT('Ctrl Pts',(399.299834951135,-47.6528163386607,-15.9553222741668));
#3557=CARTESIAN_POINT('Ctrl Pts',(399.937476495311,-47.6395711357286,-7.98007189757182));
#3558=CARTESIAN_POINT('Ctrl Pts',(400.014460967728,-47.6387108158378,1.15942727469405));
#3559=CARTESIAN_POINT('Ctrl Pts',(400.014210169661,-47.6387647223288,2.32063056048847));
#3560=CARTESIAN_POINT('Ctrl Pts',(400.006449888776,-47.6388823768487,3.48225947415363));
#3561=CARTESIAN_POINT('Ctrl Pts',(-403.44906803675,-46.2338261122042,-149.999914375847));
#3562=CARTESIAN_POINT('Ctrl Pts',(-402.299329132913,-46.2818180708993,-149.999955462809));
#3563=CARTESIAN_POINT('Ctrl Pts',(-401.149680847123,-46.3302633840994,-149.999970206967));
#3564=CARTESIAN_POINT('Ctrl Pts',(-383.044039688383,-47.0978373765531,-149.999799563753));
#3565=CARTESIAN_POINT('Ctrl Pts',(-366.097664249529,-47.7897978344867,-149.995915098871));
#3566=CARTESIAN_POINT('Ctrl Pts',(-331.035876422148,-49.079639560067,-149.992283270664));
#3567=CARTESIAN_POINT('Ctrl Pts',(-312.925046246593,-49.6869198046321,-149.991169401708));
#3568=CARTESIAN_POINT('Ctrl Pts',(-258.583856686727,-51.3301564395208,-149.988493638098));
#3569=CARTESIAN_POINT('Ctrl Pts',(-222.344924757074,-52.1893458087791,-149.987534317612));
#3570=CARTESIAN_POINT('Ctrl Pts',(-149.857088308029,-53.4517253487252,-149.986555295894));
#3571=CARTESIAN_POINT('Ctrl Pts',(-113.60796252385,-53.8548889077003,-149.985588085782));
#3572=CARTESIAN_POINT('Ctrl Pts',(-59.2326438053319,-54.134657348889,-149.991913710923));
#3573=CARTESIAN_POINT('Ctrl Pts',(-41.1072781560571,-54.1738172719523,-149.995611519093));
#3574=CARTESIAN_POINT('Ctrl Pts',(-15.3536968973449,-54.1548585906727,-150.017369027712));
#3575=CARTESIAN_POINT('Ctrl Pts',(-7.72551478704395,-54.139948795084,-150.032170322256));
#3576=CARTESIAN_POINT('Ctrl Pts',(-0.084389736675746,-54.1158025238945,
-150.02950382191));
#3577=CARTESIAN_POINT('Ctrl Pts',(-0.0714206380295337,-54.1157615144761,
-150.029499228573));
#3578=CARTESIAN_POINT('Ctrl Pts',(10.4258661234914,-54.0825467075513,-150.025726451088));
#3579=CARTESIAN_POINT('Ctrl Pts',(20.9102034246425,-54.031954986034,-149.959969034462));
#3580=CARTESIAN_POINT('Ctrl Pts',(67.6376363971643,-53.7358581138115,-149.161255966382));
#3581=CARTESIAN_POINT('Ctrl Pts',(103.874009015999,-53.320714736524,-147.347978985516));
#3582=CARTESIAN_POINT('Ctrl Pts',(176.002662659185,-52.1931195589189,-140.068751818775));
#3583=CARTESIAN_POINT('Ctrl Pts',(211.937808453646,-51.4729900834477,-134.674122983072));
#3584=CARTESIAN_POINT('Ctrl Pts',(264.773029888605,-50.2413894715701,-121.78444491059));
#3585=CARTESIAN_POINT('Ctrl Pts',(282.206928372115,-49.8023509934003,-116.682278457679));
#3586=CARTESIAN_POINT('Ctrl Pts',(316.190070989727,-48.8954880767692,-103.948215258943));
#3587=CARTESIAN_POINT('Ctrl Pts',(332.804524921049,-48.4268595349556,-96.3394898852626));
#3588=CARTESIAN_POINT('Ctrl Pts',(355.750403313648,-47.7492651753853,-81.5654002089086));
#3589=CARTESIAN_POINT('Ctrl Pts',(363.054251874309,-47.5277283090675,-76.0638738013038));
#3590=CARTESIAN_POINT('Ctrl Pts',(376.318174834919,-47.1181103716351,-63.5780616315321));
#3591=CARTESIAN_POINT('Ctrl Pts',(382.267333232715,-46.93048439264,-56.5754227165058));
#3592=CARTESIAN_POINT('Ctrl Pts',(391.819475765782,-46.6269669610702,-41.0707538640097));
#3593=CARTESIAN_POINT('Ctrl Pts',(395.369208091535,-46.5131508601859,-32.5704566455589));
#3594=CARTESIAN_POINT('Ctrl Pts',(399.302147005551,-46.3924853280192,-15.9634804997254));
#3595=CARTESIAN_POINT('Ctrl Pts',(399.935277914244,-46.3800610534185,-7.98328744852598));
#3596=CARTESIAN_POINT('Ctrl Pts',(400.011817587783,-46.3793446745558,1.16062500228225));
#3597=CARTESIAN_POINT('Ctrl Pts',(400.011463977692,-46.3794106141225,2.32234906850604));
#3598=CARTESIAN_POINT('Ctrl Pts',(400.003519950813,-46.3795390471724,3.48445343165718));
#3599=CARTESIAN_POINT('Ctrl Pts',(-403.44898088327,-42.4675705873894,-150.000023751838));
#3600=CARTESIAN_POINT('Ctrl Pts',(-402.299160210599,-42.5120565718649,-150.00006812445));
#3601=CARTESIAN_POINT('Ctrl Pts',(-401.14943424711,-42.5568266805735,-150.000083594862));
#3602=CARTESIAN_POINT('Ctrl Pts',(-383.042653506578,-43.2642665621715,-149.999881445402));
#3603=CARTESIAN_POINT('Ctrl Pts',(-366.097346776162,-43.896465645073,-149.995293445168));
#3604=CARTESIAN_POINT('Ctrl Pts',(-331.036310985361,-45.0820756076569,-149.990902216253));
#3605=CARTESIAN_POINT('Ctrl Pts',(-312.925538090572,-45.639928996135,-149.989576166539));
#3606=CARTESIAN_POINT('Ctrl Pts',(-258.584762894812,-47.1496571918897,-149.986384944798));
#3607=CARTESIAN_POINT('Ctrl Pts',(-222.346378668186,-47.9388940065207,-149.985245211778));
#3608=CARTESIAN_POINT('Ctrl Pts',(-149.860535547969,-49.098494588487,-149.984052997736));
#3609=CARTESIAN_POINT('Ctrl Pts',(-113.612795706743,-49.468808984407,-149.982841311687));
#3610=CARTESIAN_POINT('Ctrl Pts',(-59.239818602609,-49.7257542182028,-149.990278069772));
#3611=CARTESIAN_POINT('Ctrl Pts',(-41.1152811068478,-49.7617108975005,-149.99425855032));
#3612=CARTESIAN_POINT('Ctrl Pts',(-15.3628344113354,-49.7442453173899,-150.021566372112));
#3613=CARTESIAN_POINT('Ctrl Pts',(-7.73497731211727,-49.7305234039381,-150.037415055008));
#3614=CARTESIAN_POINT('Ctrl Pts',(-0.0941769314698271,-49.7083206837754,
-150.03480823762));
#3615=CARTESIAN_POINT('Ctrl Pts',(-0.0812083838796758,-49.7082829752776,
-150.034803745483));
#3616=CARTESIAN_POINT('Ctrl Pts',(10.4156323471377,-49.6777417213314,-150.03111281694));
#3617=CARTESIAN_POINT('Ctrl Pts',(20.8995270145638,-49.6312473742594,-149.968037633973));
#3618=CARTESIAN_POINT('Ctrl Pts',(67.6251501500653,-49.3590979904717,-149.178079126826));
#3619=CARTESIAN_POINT('Ctrl Pts',(103.860340213818,-48.9776656628334,-147.36580658805));
#3620=CARTESIAN_POINT('Ctrl Pts',(175.988334593746,-47.941696691038,-140.095413901747));
#3621=CARTESIAN_POINT('Ctrl Pts',(211.923294568425,-47.2801317786727,-134.705848516224));
#3622=CARTESIAN_POINT('Ctrl Pts',(264.766538491751,-46.1484146238261,-121.833442026522));
#3623=CARTESIAN_POINT('Ctrl Pts',(282.204494864242,-45.7449650896965,-116.738590803249));
#3624=CARTESIAN_POINT('Ctrl Pts',(316.205086668828,-44.9112771175803,-104.023258611267));
#3625=CARTESIAN_POINT('Ctrl Pts',(332.834760924328,-44.4802677531775,-96.4278232271334));
#3626=CARTESIAN_POINT('Ctrl Pts',(355.812322439028,-43.8566420175014,-81.6621824540883));
#3627=CARTESIAN_POINT('Ctrl Pts',(363.127950575768,-43.6527191885743,-76.1607257093933));
#3628=CARTESIAN_POINT('Ctrl Pts',(376.407634447275,-43.2757788894323,-63.6663499809072));
#3629=CARTESIAN_POINT('Ctrl Pts',(382.360934022695,-43.1031491577454,-56.6546523767363));
#3630=CARTESIAN_POINT('Ctrl Pts',(391.897118458243,-42.824682099388,-41.1278329236514));
#3631=CARTESIAN_POINT('Ctrl Pts',(395.429984768671,-42.7205455039752,-32.6143273155547));
#3632=CARTESIAN_POINT('Ctrl Pts',(399.305103883654,-42.6121502676286,-15.985111902826));
#3633=CARTESIAN_POINT('Ctrl Pts',(399.929267021826,-42.6014469533279,-7.99225908787923));
#3634=CARTESIAN_POINT('Ctrl Pts',(400.006102564835,-42.6009146806144,1.1635214190439));
#3635=CARTESIAN_POINT('Ctrl Pts',(400.005614786856,-42.6009947927223,2.32666085529879));
#3636=CARTESIAN_POINT('Ctrl Pts',(399.997269245423,-42.6011423249215,3.49006962082005));
#3637=CARTESIAN_POINT('Ctrl Pts',(-403.449108767431,-39.9562317306511,-150.000037801802));
#3638=CARTESIAN_POINT('Ctrl Pts',(-402.299240154687,-39.9982553727334,-150.000081323175));
#3639=CARTESIAN_POINT('Ctrl Pts',(-401.149464120413,-40.0404725440801,-150.000095873256));
#3640=CARTESIAN_POINT('Ctrl Pts',(-383.041859972624,-40.7066368102006,-149.999881311107));
#3641=CARTESIAN_POINT('Ctrl Pts',(-366.096681303036,-41.2999949388091,-149.995007251399));
#3642=CARTESIAN_POINT('Ctrl Pts',(-331.035794342994,-42.4157204575974,-149.990214841302));
#3643=CARTESIAN_POINT('Ctrl Pts',(-312.924949860829,-42.9404496558787,-149.988779823306));
#3644=CARTESIAN_POINT('Ctrl Pts',(-258.584171234024,-44.3607217878563,-149.985324148843));
#3645=CARTESIAN_POINT('Ctrl Pts',(-222.34603938113,-45.1031759662094,-149.984092792936));
#3646=CARTESIAN_POINT('Ctrl Pts',(-149.861295859779,-46.1940782235279,-149.982786575969));
#3647=CARTESIAN_POINT('Ctrl Pts',(-113.614370123242,-46.5424665247163,-149.981445810962));
#3648=CARTESIAN_POINT('Ctrl Pts',(-59.2427754986762,-46.7842174084883,-149.989420029491));
#3649=CARTESIAN_POINT('Ctrl Pts',(-41.118728296061,-46.8180563521154,-149.993625529274));
#3650=CARTESIAN_POINT('Ctrl Pts',(-15.3669527898292,-46.8016313810545,-150.02384017028));
#3651=CARTESIAN_POINT('Ctrl Pts',(-7.73928865078936,-46.7887191162075,-150.040151136392));
#3652=CARTESIAN_POINT('Ctrl Pts',(-0.098681324279611,-46.7678330032825,
-150.037458553522));
#3653=CARTESIAN_POINT('Ctrl Pts',(-0.0857131043575727,-46.7677975308892,
-150.037453915754));
#3654=CARTESIAN_POINT('Ctrl Pts',(10.4108624099366,-46.7390673770268,-150.033645069229));
#3655=CARTESIAN_POINT('Ctrl Pts',(20.8944930592548,-46.6953394983022,-149.971873256708));
#3656=CARTESIAN_POINT('Ctrl Pts',(67.6190323505527,-46.4393311640539,-149.186660747667));
#3657=CARTESIAN_POINT('Ctrl Pts',(103.853516869046,-46.0805182014628,-147.374692364171));
#3658=CARTESIAN_POINT('Ctrl Pts',(175.981031348036,-45.105979464331,-140.108759072861));
#3659=CARTESIAN_POINT('Ctrl Pts',(211.915835567667,-44.4836940549721,-134.72163881143));
#3660=CARTESIAN_POINT('Ctrl Pts',(264.763137925419,-43.4190430295013,-121.858009359232));
#3661=CARTESIAN_POINT('Ctrl Pts',(282.203137365932,-43.039525588738,-116.766822580233));
#3662=CARTESIAN_POINT('Ctrl Pts',(316.212633696317,-42.255170194259,-104.060893688208));
#3663=CARTESIAN_POINT('Ctrl Pts',(332.85024075639,-41.8495808720997,-96.4723105130603));
#3664=CARTESIAN_POINT('Ctrl Pts',(355.844000684106,-41.2626275707172,-81.7105312810393));
#3665=CARTESIAN_POINT('Ctrl Pts',(363.165563025419,-41.0707074264653,-76.2088218712651));
#3666=CARTESIAN_POINT('Ctrl Pts',(376.452585613655,-40.7160364369688,-63.7094597888874));
#3667=CARTESIAN_POINT('Ctrl Pts',(382.40720940865,-40.5536441471331,-56.6928516499913));
#3668=CARTESIAN_POINT('Ctrl Pts',(391.933393328284,-40.2919691676398,-41.1548191182076));
#3669=CARTESIAN_POINT('Ctrl Pts',(395.455383658734,-40.194227677291,-32.6350931755534));
#3670=CARTESIAN_POINT('Ctrl Pts',(399.302220170268,-40.0927469948654,-15.9957739682689));
#3671=CARTESIAN_POINT('Ctrl Pts',(399.926682841659,-40.0821679658238,-7.99743017286843));
#3672=CARTESIAN_POINT('Ctrl Pts',(400.005730273821,-40.0814368652333,1.16441515701812));
#3673=CARTESIAN_POINT('Ctrl Pts',(400.005358618916,-40.0814990906372,2.32830142150038));
#3674=CARTESIAN_POINT('Ctrl Pts',(399.996914914859,-40.0816441670856,3.49241786856428));
#3675=CARTESIAN_POINT('Ctrl Pts',(-403.449545919747,-34.9314851799387,-150.000001502382));
#3676=CARTESIAN_POINT('Ctrl Pts',(-402.299583438003,-34.9684585415235,-150.000041662368));
#3677=CARTESIAN_POINT('Ctrl Pts',(-401.149706666525,-35.0054814101229,-150.000053770644));
#3678=CARTESIAN_POINT('Ctrl Pts',(-383.040400303966,-35.5883235426908,-149.999823244685));
#3679=CARTESIAN_POINT('Ctrl Pts',(-366.09468382128,-36.1058193705331,-149.994632508331));
#3680=CARTESIAN_POINT('Ctrl Pts',(-331.033247745868,-37.0814154400118,-149.989299519755));
#3681=CARTESIAN_POINT('Ctrl Pts',(-312.922023325595,-37.5396849175439,-149.987718131332));
#3682=CARTESIAN_POINT('Ctrl Pts',(-258.580639922432,-38.7805541507846,-149.983907994931));
#3683=CARTESIAN_POINT('Ctrl Pts',(-222.342781436553,-39.4292869780603,-149.982554124457));
#3684=CARTESIAN_POINT('Ctrl Pts',(-149.859753449377,-40.3826030897348,-149.981093964762));
#3685=CARTESIAN_POINT('Ctrl Pts',(-113.614223669498,-40.6871121182404,-149.97957979752));
#3686=CARTESIAN_POINT('Ctrl Pts',(-59.2450132689117,-40.8984984608501,-149.988265000923));
#3687=CARTESIAN_POINT('Ctrl Pts',(-41.1218129381927,-40.9281203424015,-149.992828301029));
#3688=CARTESIAN_POINT('Ctrl Pts',(-15.3712025940996,-40.9138303154567,-150.026914455017));
#3689=CARTESIAN_POINT('Ctrl Pts',(-7.74387553813064,-40.9025598387149,-150.043817552388));
#3690=CARTESIAN_POINT('Ctrl Pts',(-0.103604195440976,-40.8843310860469,
-150.040994079101));
#3691=CARTESIAN_POINT('Ctrl Pts',(-0.0906365457730223,-40.8843001268461,
-150.040989219077));
#3692=CARTESIAN_POINT('Ctrl Pts',(10.4054774031361,-40.8592253472526,-150.037000411118));
#3693=CARTESIAN_POINT('Ctrl Pts',(20.8886508783124,-40.8210659425694,-149.976907053036));
#3694=CARTESIAN_POINT('Ctrl Pts',(67.6112979565565,-40.5975357062844,-149.198077228095));
#3695=CARTESIAN_POINT('Ctrl Pts',(103.84455805094,-40.2841217419139,-147.386500451301));
#3696=CARTESIAN_POINT('Ctrl Pts',(175.971102629815,-39.4328279698264,-140.126620631659));
#3697=CARTESIAN_POINT('Ctrl Pts',(211.905615711849,-38.8893409031029,-134.742600175607));
#3698=CARTESIAN_POINT('Ctrl Pts',(264.758471679853,-37.9593720208185,-121.890814390738));
#3699=CARTESIAN_POINT('Ctrl Pts',(282.201243977653,-37.6279424588766,-116.804442093452));
#3700=CARTESIAN_POINT('Ctrl Pts',(316.222753832146,-36.9428954945408,-104.110841180218));
#3701=CARTESIAN_POINT('Ctrl Pts',(332.87118009896,-36.5885716029887,-96.5315237165973));
#3702=CARTESIAN_POINT('Ctrl Pts',(355.886766736772,-36.075829833322,-81.7747588064945));
#3703=CARTESIAN_POINT('Ctrl Pts',(363.216239721924,-35.9082285234506,-76.2725586487843));
#3704=CARTESIAN_POINT('Ctrl Pts',(376.512871449496,-35.5986404099371,-63.7662814207872));
#3705=CARTESIAN_POINT('Ctrl Pts',(382.468979574776,-35.4569720249242,-56.7430114184548));
#3706=CARTESIAN_POINT('Ctrl Pts',(391.981153836085,-35.2288084131095,-41.189998102898));
#3707=CARTESIAN_POINT('Ctrl Pts',(395.487556496192,-35.143608870654,-32.6621397659534));
#3708=CARTESIAN_POINT('Ctrl Pts',(399.298136951185,-35.0540150184319,-16.0098960623305));
#3709=CARTESIAN_POINT('Ctrl Pts',(399.926043541919,-35.0424817898157,-8.00494426883657));
#3710=CARTESIAN_POINT('Ctrl Pts',(400.008386747603,-35.041164331607,1.1648944234743));
#3711=CARTESIAN_POINT('Ctrl Pts',(400.008152092871,-35.0411821896564,2.32978156097614));
#3712=CARTESIAN_POINT('Ctrl Pts',(399.99950870034,-35.0413265488947,3.49486061504131));
#3713=CARTESIAN_POINT('Ctrl Pts',(-403.4498095549,-32.4181725866644,-149.999965808618));
#3714=CARTESIAN_POINT('Ctrl Pts',(-402.299799510199,-32.4525594266833,-150.000003971515));
#3715=CARTESIAN_POINT('Ctrl Pts',(-401.149871137809,-32.4869408083403,-150.00001484431));
#3716=CARTESIAN_POINT('Ctrl Pts',(-383.039684900084,-33.0277088409625,-149.999780875416));
#3717=CARTESIAN_POINT('Ctrl Pts',(-366.093352319894,-33.5081230980726,-149.994543833983));
#3718=CARTESIAN_POINT('Ctrl Pts',(-331.031218366288,-34.4134699984905,-149.989071446096));
#3719=CARTESIAN_POINT('Ctrl Pts',(-312.919685201169,-34.8384026765935,-149.987452763605));
#3720=CARTESIAN_POINT('Ctrl Pts',(-258.577700348683,-35.9893246565181,-149.983552645425));
#3721=CARTESIAN_POINT('Ctrl Pts',(-222.339862865195,-36.5911187299657,-149.982167877352));
#3722=CARTESIAN_POINT('Ctrl Pts',(-149.857450764076,-37.4755469391136,-149.980667790891));
#3723=CARTESIAN_POINT('Ctrl Pts',(-113.612502824243,-37.7581027437731,-149.979109053076));
#3724=CARTESIAN_POINT('Ctrl Pts',(-59.2442941458251,-37.9543188139062,-149.987968325859));
#3725=CARTESIAN_POINT('Ctrl Pts',(-41.1214503759187,-37.9818413263925,-149.992650820904));
#3726=CARTESIAN_POINT('Ctrl Pts',(-15.3713340614348,-37.9686456210606,-150.027717419969));
#3727=CARTESIAN_POINT('Ctrl Pts',(-7.74415108238586,-37.9582071839886,-150.044754109677));
#3728=CARTESIAN_POINT('Ctrl Pts',(-0.104022663124476,-37.9413191387445,
-150.041879333087));
#3729=CARTESIAN_POINT('Ctrl Pts',(-0.091055256032648,-37.9412904565545,
-150.041874385951));
#3730=CARTESIAN_POINT('Ctrl Pts',(10.4048623525169,-37.9180598888873,-150.037815044095));
#3731=CARTESIAN_POINT('Ctrl Pts',(20.8878426200498,-37.8827025514882,-149.978110319044));
#3732=CARTESIAN_POINT('Ctrl Pts',(67.609681422841,-37.6755090701423,-149.200912293158));
#3733=CARTESIAN_POINT('Ctrl Pts',(103.842422589083,-37.3848745917678,-147.389422613582));
#3734=CARTESIAN_POINT('Ctrl Pts',(175.968477140903,-36.5953953804062,-140.131136835976));
#3735=CARTESIAN_POINT('Ctrl Pts',(211.902855040059,-36.091426940832,-134.747771019771));
#3736=CARTESIAN_POINT('Ctrl Pts',(264.757205239403,-35.2290735892743,-121.899050556943));
#3737=CARTESIAN_POINT('Ctrl Pts',(282.200707166447,-34.9217996023041,-116.813827895885));
#3738=CARTESIAN_POINT('Ctrl Pts',(316.225322606567,-34.2867277552523,-104.123150444967));
#3739=CARTESIAN_POINT('Ctrl Pts',(332.8766303536,-33.9582489229927,-96.5462455261029));
#3740=CARTESIAN_POINT('Ctrl Pts',(355.897844343075,-33.4830446828615,-81.7906434881073));
#3741=CARTESIAN_POINT('Ctrl Pts',(363.229297168568,-33.3277591618275,-76.2882091221276));
#3742=CARTESIAN_POINT('Ctrl Pts',(376.528210644777,-33.0409840458142,-63.7800112747032));
#3743=CARTESIAN_POINT('Ctrl Pts',(382.484501990056,-32.9098010948389,-56.7549890733209));
#3744=CARTESIAN_POINT('Ctrl Pts',(391.992669962609,-32.6983603651015,-41.1982042679843));
#3745=CARTESIAN_POINT('Ctrl Pts',(395.494501227131,-32.6193052841641,-32.6684248323001));
#3746=CARTESIAN_POINT('Ctrl Pts',(399.296632359239,-32.5347213297071,-16.0133165537436));
#3747=CARTESIAN_POINT('Ctrl Pts',(399.927098675764,-32.5221492864786,-8.00711316608323));
#3748=CARTESIAN_POINT('Ctrl Pts',(400.010599004474,-32.5204388411069,1.16466773908006));
#3749=CARTESIAN_POINT('Ctrl Pts',(400.010407343459,-32.5204285912448,2.32980700867937));
#3750=CARTESIAN_POINT('Ctrl Pts',(400.001693746173,-32.5205723841152,3.49513592254325));
#3751=CARTESIAN_POINT('Ctrl Pts',(-403.450107127346,-27.3914199640485,-149.999965829164));
#3752=CARTESIAN_POINT('Ctrl Pts',(-402.299988413083,-27.4206320658517,-150.000003993113));
#3753=CARTESIAN_POINT('Ctrl Pts',(-401.149948429981,-27.4497308973782,-150.000014866322));
#3754=CARTESIAN_POINT('Ctrl Pts',(-383.03797647563,-27.9063834997264,-149.99978089283));
#3755=CARTESIAN_POINT('Ctrl Pts',(-366.090136480749,-28.3124530353131,-149.994543764362));
#3756=CARTESIAN_POINT('Ctrl Pts',(-331.025718627175,-29.0770705054951,-149.989071361408));
#3757=CARTESIAN_POINT('Ctrl Pts',(-312.913323290196,-29.4352936543435,-149.987452686223));
#3758=CARTESIAN_POINT('Ctrl Pts',(-258.569523552867,-30.4062252005932,-149.983552597396));
#3759=CARTESIAN_POINT('Ctrl Pts',(-222.331490628816,-30.9141263455444,-149.982167860371));
#3760=CARTESIAN_POINT('Ctrl Pts',(-149.849808178997,-31.6607554481366,-149.980667985784));
#3761=CARTESIAN_POINT('Ctrl Pts',(-113.60578169013,-31.8994026880484,-149.97910922822));
#3762=CARTESIAN_POINT('Ctrl Pts',(-59.2391796050661,-32.0652821254749,-149.987969906202));
#3763=CARTESIAN_POINT('Ctrl Pts',(-41.1169090660404,-32.0886074336217,-149.992651184461));
#3764=CARTESIAN_POINT('Ctrl Pts',(-15.3675982586314,-32.0776133237715,-150.027726543203));
#3765=CARTESIAN_POINT('Ctrl Pts',(-7.74065277008722,-32.0688455062094,-150.044769849873));
#3766=CARTESIAN_POINT('Ctrl Pts',(-0.100757968063056,-32.0546441206969,
-150.041886425641));
#3767=CARTESIAN_POINT('Ctrl Pts',(-0.0877909574721651,-32.0546200014264,
-150.041881463784));
#3768=CARTESIAN_POINT('Ctrl Pts',(10.4078057299473,-32.0350850557554,-150.037810172193));
#3769=CARTESIAN_POINT('Ctrl Pts',(20.8904742514709,-32.0053357794263,-149.978059889459));
#3770=CARTESIAN_POINT('Ctrl Pts',(67.6109874024495,-31.830851971475,-149.20069349357));
#3771=CARTESIAN_POINT('Ctrl Pts',(103.84288674542,-31.5858022833573,-147.389314054252));
#3772=CARTESIAN_POINT('Ctrl Pts',(175.967976588299,-30.9200144293676,-140.131344485309));
#3773=CARTESIAN_POINT('Ctrl Pts',(211.902135737088,-30.4950982481485,-134.74752876901));
#3774=CARTESIAN_POINT('Ctrl Pts',(264.756901189608,-29.7680907669632,-121.899128100769));
#3775=CARTESIAN_POINT('Ctrl Pts',(282.200551596904,-29.5091640055288,-116.81366244969));
#3776=CARTESIAN_POINT('Ctrl Pts',(316.225444460075,-28.9742039128717,-104.122258516348));
#3777=CARTESIAN_POINT('Ctrl Pts',(332.877216408669,-28.6975540174012,-96.5455838780328));
#3778=CARTESIAN_POINT('Ctrl Pts',(355.898867862244,-28.2977127762425,-81.7899547063138));
#3779=CARTESIAN_POINT('Ctrl Pts',(363.230291301413,-28.1671548235242,-76.2872852250663));
#3780=CARTESIAN_POINT('Ctrl Pts',(376.529212579444,-27.9261397548248,-63.7789099347771));
#3781=CARTESIAN_POINT('Ctrl Pts',(382.485430361402,-27.8159641052091,-56.7538424467486));
#3782=CARTESIAN_POINT('Ctrl Pts',(391.993177373252,-27.6378492455806,-41.197036792653));
#3783=CARTESIAN_POINT('Ctrl Pts',(395.494790126679,-27.5709073455478,-32.6673951439201));
#3784=CARTESIAN_POINT('Ctrl Pts',(399.296672162559,-27.495999869625,-16.0127466589773));
#3785=CARTESIAN_POINT('Ctrl Pts',(399.927109845691,-27.4814657353527,-8.00684831448988));
#3786=CARTESIAN_POINT('Ctrl Pts',(400.010607028779,-27.4790353375359,1.16463574899969));
#3787=CARTESIAN_POINT('Ctrl Pts',(400.010415206444,-27.4789728134896,2.32973842964955));
#3788=CARTESIAN_POINT('Ctrl Pts',(400.001701443285,-27.4791146241502,3.49503220402522));
#3789=CARTESIAN_POINT('Ctrl Pts',(-403.450142309176,-24.8780661781963,-150.000001542776));
#3790=CARTESIAN_POINT('Ctrl Pts',(-402.299962460427,-24.9046889320983,-150.000041704869));
#3791=CARTESIAN_POINT('Ctrl Pts',(-401.149862434017,-24.9311453107633,-150.000053813975));
#3792=CARTESIAN_POINT('Ctrl Pts',(-383.036984123881,-25.3457360931752,-149.999823278822));
#3793=CARTESIAN_POINT('Ctrl Pts',(-366.088252395564,-25.7144938684641,-149.994632368967));
#3794=CARTESIAN_POINT('Ctrl Pts',(-331.022248329961,-26.4086164360127,-149.989299350395));
#3795=CARTESIAN_POINT('Ctrl Pts',(-312.909299605823,-26.7334698463229,-149.987717976561));
#3796=CARTESIAN_POINT('Ctrl Pts',(-258.564286414428,-27.614357571963,-149.983907898869));
#3797=CARTESIAN_POINT('Ctrl Pts',(-222.326037027558,-28.0753046709985,-149.98255409049));
#3798=CARTESIAN_POINT('Ctrl Pts',(-149.844468324412,-28.7530224948126,-149.981094354517));
#3799=CARTESIAN_POINT('Ctrl Pts',(-113.600781429863,-28.9697143563677,-149.979580146823));
#3800=CARTESIAN_POINT('Ctrl Pts',(-59.2347841976752,-29.1204273578874,-149.988268161673));
#3801=CARTESIAN_POINT('Ctrl Pts',(-41.1127303243429,-29.1416548268631,-149.992829004534));
#3802=CARTESIAN_POINT('Ctrl Pts',(-15.363730985452,-29.1317678911721,-150.026932687339));
#3803=CARTESIAN_POINT('Ctrl Pts',(-7.73687890981623,-29.1238386004008,-150.043849045852));
#3804=CARTESIAN_POINT('Ctrl Pts',(-0.0970748000789218,-29.1109831362146,
-150.041008284832));
#3805=CARTESIAN_POINT('Ctrl Pts',(-0.0841079434068854,-29.1109613028002,
-150.041003395379));
#3806=CARTESIAN_POINT('Ctrl Pts',(10.4113641653482,-29.0932777247062,-150.036990698197));
#3807=CARTESIAN_POINT('Ctrl Pts',(20.8939141513571,-29.0663344584728,-149.976806183844));
#3808=CARTESIAN_POINT('Ctrl Pts',(67.6139099423853,-28.9082234095334,-149.197639633466));
#3809=CARTESIAN_POINT('Ctrl Pts',(103.845486377693,-28.6859789035059,-147.386283240024));
#3810=CARTESIAN_POINT('Ctrl Pts',(175.970101568217,-28.0820674678557,-140.127036032458));
#3811=CARTESIAN_POINT('Ctrl Pts',(211.904177023203,-27.6966849705057,-134.742115236027));
#3812=CARTESIAN_POINT('Ctrl Pts',(264.757863610556,-27.0374070929487,-121.890969550856));
#3813=CARTESIAN_POINT('Ctrl Pts',(282.200932875058,-26.802671901971,-116.80411119276));
#3814=CARTESIAN_POINT('Ctrl Pts',(316.222997511778,-26.317847710205,-104.109057225494));
#3815=CARTESIAN_POINT('Ctrl Pts',(332.872352253009,-26.0671810363036,-96.5302006381712));
#3816=CARTESIAN_POINT('Ctrl Pts',(355.888813954924,-25.7051639902661,-81.7733815837886));
#3817=CARTESIAN_POINT('Ctrl Pts',(363.218227707462,-25.5870174982619,-76.2707106349792));
#3818=CARTESIAN_POINT('Ctrl Pts',(376.514875349704,-25.3689494979614,-63.7640787609635));
#3819=CARTESIAN_POINT('Ctrl Pts',(382.470836555387,-25.2692959684406,-56.7407183818561));
#3820=CARTESIAN_POINT('Ctrl Pts',(391.982168515102,-25.1077891390281,-41.1876630596017));
#3821=CARTESIAN_POINT('Ctrl Pts',(395.488134169734,-25.046823523245,-32.6600803570056));
#3822=CARTESIAN_POINT('Ctrl Pts',(399.298216219346,-24.9766125454692,-16.0087563133003));
#3823=CARTESIAN_POINT('Ctrl Pts',(399.926065514269,-24.9611611610117,-8.00441469996354));
#3824=CARTESIAN_POINT('Ctrl Pts',(400.008402504479,-24.9584004904216,1.16483024508821));
#3825=CARTESIAN_POINT('Ctrl Pts',(400.008167536174,-24.9583134661759,2.32964419762674));
#3826=CARTESIAN_POINT('Ctrl Pts',(399.999523820271,-24.9584535505387,3.49465296776226));
#3827=CARTESIAN_POINT('Ctrl Pts',(-403.450352007255,-19.8532822072366,-150.000037846886));
#3828=CARTESIAN_POINT('Ctrl Pts',(-402.30005366486,-19.8748463221787,-150.000081371381));
#3829=CARTESIAN_POINT('Ctrl Pts',(-401.149835079975,-19.8961051084235,-150.000095922514));
#3830=CARTESIAN_POINT('Ctrl Pts',(-383.035131991961,-20.2273876961003,-149.999881340825));
#3831=CARTESIAN_POINT('Ctrl Pts',(-366.083905503495,-20.5192373320385,-149.995006995573));
#3832=CARTESIAN_POINT('Ctrl Pts',(-331.013899971315,-21.0722754439513,-149.990214535119));
#3833=CARTESIAN_POINT('Ctrl Pts',(-312.899608502585,-21.330538048922,-149.988779542991));
#3834=CARTESIAN_POINT('Ctrl Pts',(-258.551569046328,-22.031638741646,-149.985323974875));
#3835=CARTESIAN_POINT('Ctrl Pts',(-222.312643147212,-22.3988030347503,-149.98409273132));
#3836=CARTESIAN_POINT('Ctrl Pts',(-149.830789055837,-22.938841337171,-149.982787280025));
#3837=CARTESIAN_POINT('Ctrl Pts',(-113.587532182102,-23.1116453629174,-149.981446469791));
#3838=CARTESIAN_POINT('Ctrl Pts',(-59.2223397814971,-23.2320095041816,-149.989425708111));
#3839=CARTESIAN_POINT('Ctrl Pts',(-41.1005773523439,-23.2490268745515,-149.993626504443));
#3840=CARTESIAN_POINT('Ctrl Pts',(-15.3520137664939,-23.2413241739381,-150.023872016944));
#3841=CARTESIAN_POINT('Ctrl Pts',(-7.72529648069622,-23.2350620730885,-150.040210455423));
#3842=CARTESIAN_POINT('Ctrl Pts',(-0.0856207962929859,-23.2248848097858,
-150.037483920276));
#3843=CARTESIAN_POINT('Ctrl Pts',(-0.0726541575747603,-23.224867524919,
-150.037479224706));
#3844=CARTESIAN_POINT('Ctrl Pts',(10.4226415534499,-23.2108679238694,-150.033623452964));
#3845=CARTESIAN_POINT('Ctrl Pts',(20.9050290226031,-23.1895102051661,-149.971669890376));
#3846=CARTESIAN_POINT('Ctrl Pts',(67.6242797675756,-23.0640246511369,-149.185798746234));
#3847=CARTESIAN_POINT('Ctrl Pts',(103.855405272038,-22.8872820836525,-147.374258965696));
#3848=CARTESIAN_POINT('Ctrl Pts',(175.979066745139,-22.4068574661871,-140.109573879484));
#3849=CARTESIAN_POINT('Ctrl Pts',(211.913003441281,-22.1003445775138,-134.720685857414));
#3850=CARTESIAN_POINT('Ctrl Pts',(264.7619379084,-21.5761948919411,-121.85828897279));
#3851=CARTESIAN_POINT('Ctrl Pts',(282.20253141717,-21.3896966368481,-116.766146735554));
#3852=CARTESIAN_POINT('Ctrl Pts',(316.213133790481,-21.0048211661453,-104.057363746215));
#3853=CARTESIAN_POINT('Ctrl Pts',(332.852561009913,-20.8059577055967,-96.4696692038024));
#3854=CARTESIAN_POINT('Ctrl Pts',(355.84806394574,-20.5192854091213,-81.7078047833105));
#3855=CARTESIAN_POINT('Ctrl Pts',(363.169466558414,-20.4258400373906,-76.2051218329618));
#3856=CARTESIAN_POINT('Ctrl Pts',(376.456542133792,-20.2534132528671,-63.7050962620204));
#3857=CARTESIAN_POINT('Ctrl Pts',(382.410888157858,-20.1746586686637,-56.688323817288));
#3858=CARTESIAN_POINT('Ctrl Pts',(391.935390216373,-20.0462720642658,-41.1501974974392));
#3859=CARTESIAN_POINT('Ctrl Pts',(395.456539799653,-19.9972801617091,-32.6310364673054));
#3860=CARTESIAN_POINT('Ctrl Pts',(399.30237255845,-19.9375931138504,-15.9935263730575));
#3861=CARTESIAN_POINT('Ctrl Pts',(399.926712145864,-19.9213957031531,-7.99639312688454));
#3862=CARTESIAN_POINT('Ctrl Pts',(400.005747084496,-19.9182421331647,1.16427872058082));
#3863=CARTESIAN_POINT('Ctrl Pts',(400.005374880796,-19.9181232876537,2.3280205273908));
#3864=CARTESIAN_POINT('Ctrl Pts',(399.996930680707,-19.918260814407,3.49199842448983));
#3865=CARTESIAN_POINT('Ctrl Pts',(-403.450575165419,-17.3419634423156,-150.000023780087));
#3866=CARTESIAN_POINT('Ctrl Pts',(-402.300221126872,-17.3610603417774,-150.000068155741));
#3867=CARTESIAN_POINT('Ctrl Pts',(-401.149944934433,-17.3797643187885,-150.00008362699));
#3868=CARTESIAN_POINT('Ctrl Pts',(-383.034323180749,-17.6697756513917,-149.999881452224));
#3869=CARTESIAN_POINT('Ctrl Pts',(-366.081442502065,-17.9219483562282,-149.99529314247));
#3870=CARTESIAN_POINT('Ctrl Pts',(-331.009021652314,-18.4043926288836,-149.990901857926));
#3871=CARTESIAN_POINT('Ctrl Pts',(-312.893941132563,-18.6294332250794,-149.989575838056));
#3872=CARTESIAN_POINT('Ctrl Pts',(-258.544088925513,-19.2407902582641,-149.986384740949));
#3873=CARTESIAN_POINT('Ctrl Pts',(-222.304702937007,-19.5611257722937,-149.985245139491));
#3874=CARTESIAN_POINT('Ctrl Pts',(-149.82244969109,-20.0323957503986,-149.984053821175));
#3875=CARTESIAN_POINT('Ctrl Pts',(-113.579283228773,-20.1832672749598,-149.982842106831));
#3876=CARTESIAN_POINT('Ctrl Pts',(-59.2142907935434,-20.288448910136,-149.990284684086));
#3877=CARTESIAN_POINT('Ctrl Pts',(-41.0926031359365,-20.3033540095004,-149.99425946358));
#3878=CARTESIAN_POINT('Ctrl Pts',(-15.3441637747123,-20.2967282579131,-150.021602662134));
#3879=CARTESIAN_POINT('Ctrl Pts',(-7.71748790245544,-20.2912947863336,-150.037486472786));
#3880=CARTESIAN_POINT('Ctrl Pts',(-0.077849954408805,-20.2824497736225,
-150.034837699356));
#3881=CARTESIAN_POINT('Ctrl Pts',(-0.0648833797270037,-20.2824347513976,
-150.034833135789));
#3882=CARTESIAN_POINT('Ctrl Pts',(10.4303605079119,-20.2702677199949,-150.031084213531));
#3883=CARTESIAN_POINT('Ctrl Pts',(20.9127040611442,-20.2516895166919,-149.967782174207));
#3884=CARTESIAN_POINT('Ctrl Pts',(67.6317270202166,-20.1424565354682,-149.177011609726));
#3885=CARTESIAN_POINT('Ctrl Pts',(103.862724564797,-19.9884105842062,-147.36526552445));
#3886=CARTESIAN_POINT('Ctrl Pts',(175.985907036064,-19.569595953056,-140.096420449275));
#3887=CARTESIAN_POINT('Ctrl Pts',(211.919788478287,-19.3024189818754,-134.7046699355));
#3888=CARTESIAN_POINT('Ctrl Pts',(264.765050480677,-18.8456671986147,-121.83376828222));
#3889=CARTESIAN_POINT('Ctrl Pts',(282.203749705712,-18.6832141767969,-116.737735425933));
#3890=CARTESIAN_POINT('Ctrl Pts',(316.205721311386,-18.3481507549013,-104.018874670476));
#3891=CARTESIAN_POINT('Ctrl Pts',(332.837642810704,-18.1751064909231,-96.4245250669439));
#3892=CARTESIAN_POINT('Ctrl Pts',(355.817378718002,-17.9259534162237,-81.6587962275001));
#3893=CARTESIAN_POINT('Ctrl Pts',(363.132774582745,-17.8447972454145,-76.1560966584802));
#3894=CARTESIAN_POINT('Ctrl Pts',(376.412541470929,-17.6950645130456,-63.6609269792037));
#3895=CARTESIAN_POINT('Ctrl Pts',(382.365506279692,-17.6266868807757,-56.6490365693076));
#3896=CARTESIAN_POINT('Ctrl Pts',(391.899589479117,-17.5148162154087,-41.1220917064886));
#3897=CARTESIAN_POINT('Ctrl Pts',(395.431430656497,-17.4718251303489,-32.6093032361179));
#3898=CARTESIAN_POINT('Ctrl Pts',(399.305289332109,-17.4179836676406,-15.9823262311262));
#3899=CARTESIAN_POINT('Ctrl Pts',(399.929292026383,-17.4019736808554,-7.99097961154246));
#3900=CARTESIAN_POINT('Ctrl Pts',(400.006112042187,-17.3987550860683,1.16334445306342));
#3901=CARTESIAN_POINT('Ctrl Pts',(400.005623661221,-17.3986281920227,2.32630474866779));
#3902=CARTESIAN_POINT('Ctrl Pts',(399.997277640661,-17.3987638470741,3.48954184674857));
#3903=CARTESIAN_POINT('Ctrl Pts',(-403.451413246595,-12.3204890949031,-149.999877885634));
#3904=CARTESIAN_POINT('Ctrl Pts',(-402.300971836369,-12.334896807166,-149.999917878486));
#3905=CARTESIAN_POINT('Ctrl Pts',(-401.150593421503,-12.3486898493009,-149.999932379942));
#3906=CARTESIAN_POINT('Ctrl Pts',(-383.033130710775,-12.5583782720693,-149.999772199727));
#3907=CARTESIAN_POINT('Ctrl Pts',(-366.075769591114,-12.7285622773116,-149.996121972577));
#3908=CARTESIAN_POINT('Ctrl Pts',(-330.997855771124,-13.070232055783,-149.99274322372));
#3909=CARTESIAN_POINT('Ctrl Pts',(-312.880979950553,-13.2291081077406,-149.991700114149));
#3910=CARTESIAN_POINT('Ctrl Pts',(-258.526941547228,-13.6616944500059,-149.989196308756));
#3911=CARTESIAN_POINT('Ctrl Pts',(-222.286386493892,-13.8886356434346,-149.988297272191));
#3912=CARTESIAN_POINT('Ctrl Pts',(-149.802819479558,-14.2226807760943,-149.987390308382));
#3913=CARTESIAN_POINT('Ctrl Pts',(-113.559581254801,-14.3297364916901,-149.986504700757));
#3914=CARTESIAN_POINT('Ctrl Pts',(-59.1945844193997,-14.4045198826186,-149.992466136824));
#3915=CARTESIAN_POINT('Ctrl Pts',(-41.0729068093799,-14.4151711045821,-149.996063379801));
#3916=CARTESIAN_POINT('Ctrl Pts',(-15.3245257518677,-14.4106271610622,-150.016007011838));
#3917=CARTESIAN_POINT('Ctrl Pts',(-7.69787917573061,-14.4068254328582,-150.030509561284));
#3918=CARTESIAN_POINT('Ctrl Pts',(-0.0582643580297177,-14.4006132573458,
-150.027765940901));
#3919=CARTESIAN_POINT('Ctrl Pts',(-0.0452978225856722,-14.4006027066463,
-150.027761216396));
#3920=CARTESIAN_POINT('Ctrl Pts',(10.4499143226047,-14.3920572878077,-150.023882042397));
#3921=CARTESIAN_POINT('Ctrl Pts',(20.9322395388057,-14.3789825788252,-149.956917358545));
#3922=CARTESIAN_POINT('Ctrl Pts',(67.6510797654805,-14.301986502506,-149.154194992964));
#3923=CARTESIAN_POINT('Ctrl Pts',(103.882004065253,-14.1930951246657,-147.341287205583));
#3924=CARTESIAN_POINT('Ctrl Pts',(176.004157721384,-13.8969126298625,-140.061217403346));
#3925=CARTESIAN_POINT('Ctrl Pts',(211.937885640682,-13.7080068991194,-134.661973108837));
#3926=CARTESIAN_POINT('Ctrl Pts',(264.773161251588,-13.3852854295998,-121.768469378239));
#3927=CARTESIAN_POINT('Ctrl Pts',(282.206746035039,-13.2706024218894,-116.662265940079));
#3928=CARTESIAN_POINT('Ctrl Pts',(316.185996454154,-13.0343749431249,-103.917189193327));
#3929=CARTESIAN_POINT('Ctrl Pts',(332.798404867415,-12.9125107267542,-96.3054345606408));
#3930=CARTESIAN_POINT('Ctrl Pts',(355.736729730079,-12.7375256173517,-81.5284651919373));
#3931=CARTESIAN_POINT('Ctrl Pts',(363.036228788701,-12.6806188418138,-76.0251142681093));
#3932=CARTESIAN_POINT('Ctrl Pts',(376.295060318949,-12.5756558049738,-63.5411721785041));
#3933=CARTESIAN_POINT('Ctrl Pts',(382.24240839016,-12.5277253397903,-56.5413245169442));
#3934=CARTESIAN_POINT('Ctrl Pts',(391.796962631291,-12.448743145145,-41.0438533766743));
#3935=CARTESIAN_POINT('Ctrl Pts',(395.350980796693,-12.417881628957,-32.5489979018099));
#3936=CARTESIAN_POINT('Ctrl Pts',(399.301420321557,-12.3774821366255,-15.9524711333246));
#3937=CARTESIAN_POINT('Ctrl Pts',(399.937292108788,-12.3634088875231,-7.97856799699585));
#3938=CARTESIAN_POINT('Ctrl Pts',(400.013706640123,-12.3605572736764,1.15939800471085));
#3939=CARTESIAN_POINT('Ctrl Pts',(400.013396541653,-12.3604541154518,2.32040595534133));
#3940=CARTESIAN_POINT('Ctrl Pts',(400.005585543182,-12.3606041561506,3.48184182077125));
#3941=CARTESIAN_POINT('Ctrl Pts',(-403.452030033769,-9.81030774354986,-149.999745447219));
#3942=CARTESIAN_POINT('Ctrl Pts',(-402.301557006441,-9.8224954454946,-149.999780201753));
#3943=CARTESIAN_POINT('Ctrl Pts',(-401.151134003379,-9.83393367196622,-149.999792814269));
#3944=CARTESIAN_POINT('Ctrl Pts',(-383.032748856508,-10.004571998355,-149.99966228527));
#3945=CARTESIAN_POINT('Ctrl Pts',(-366.072558331418,-10.1324644154397,-149.99666512139));
#3946=CARTESIAN_POINT('Ctrl Pts',(-330.991568295934,-10.4039668554018,-149.993897343417));
#3947=CARTESIAN_POINT('Ctrl Pts',(-312.873686185506,-10.5298919659348,-149.993028126566));
#3948=CARTESIAN_POINT('Ctrl Pts',(-258.517274435176,-10.8734508031969,-149.99094709678));
#3949=CARTESIAN_POINT('Ctrl Pts',(-222.276010354674,-11.0538263809909,-149.99019699028));
#3950=CARTESIAN_POINT('Ctrl Pts',(-149.791528696254,-11.319414830129,-149.989460224551));
#3951=CARTESIAN_POINT('Ctrl Pts',(-113.548128279562,-11.4045871887742,-149.988772430946));
#3952=CARTESIAN_POINT('Ctrl Pts',(-59.1829270672984,-11.4641547402403,-149.993787940545));
#3953=CARTESIAN_POINT('Ctrl Pts',(-41.0611847824788,-11.4726643147421,-149.997254775846));
#3954=CARTESIAN_POINT('Ctrl Pts',(-15.3127376400882,-11.4691251490783,-150.012686271455));
#3955=CARTESIAN_POINT('Ctrl Pts',(-7.68607895054676,-11.4661264954343,-150.026256585835));
#3956=CARTESIAN_POINT('Ctrl Pts',(-0.0464495205584722,-11.4612148679514,
-150.023340804342));
#3957=CARTESIAN_POINT('Ctrl Pts',(-0.0334829603012614,-11.4612065260701,
-150.023335787661));
#3958=CARTESIAN_POINT('Ctrl Pts',(10.4617492748143,-11.45445009727,-150.019220133906));
#3959=CARTESIAN_POINT('Ctrl Pts',(20.9441000977175,-11.444099305264,-149.949923197513));
#3960=CARTESIAN_POINT('Ctrl Pts',(67.6629851602483,-11.3830872832622,-149.140193305228));
#3961=CARTESIAN_POINT('Ctrl Pts',(103.893964349424,-11.2966536852692,-147.326302510549));
#3962=CARTESIAN_POINT('Ctrl Pts',(176.015568301903,-11.0614929166098,-140.039168211663));
#3963=CARTESIAN_POINT('Ctrl Pts',(211.94919783294,-10.9115223089167,-134.63529275284));
#3964=CARTESIAN_POINT('Ctrl Pts',(264.778160946294,-10.6554326750136,-121.727694037037));
#3965=CARTESIAN_POINT('Ctrl Pts',(282.20852634293,-10.5644742143047,-116.615211859323));
#3966=CARTESIAN_POINT('Ctrl Pts',(316.173693074075,-10.3772697028671,-103.854000561922));
#3967=CARTESIAN_POINT('Ctrl Pts',(332.774104116079,-10.2807655631387,-96.2315002339532));
#3968=CARTESIAN_POINT('Ctrl Pts',(355.686795388696,-10.1424273051517,-81.4471369600896));
#3969=CARTESIAN_POINT('Ctrl Pts',(362.976400547597,-10.0974799134038,-75.9431390094083));
#3970=CARTESIAN_POINT('Ctrl Pts',(376.221583963516,-10.0145913036834,-63.4655408617219));
#3971=CARTESIAN_POINT('Ctrl Pts',(382.164637547111,-9.97673022875687,-56.4728462494183));
#3972=CARTESIAN_POINT('Ctrl Pts',(391.730049299107,-9.91412052330337,-40.9936652139269));
#3973=CARTESIAN_POINT('Ctrl Pts',(395.295279500609,-9.88938404066944,-32.5104172701345));
#3974=CARTESIAN_POINT('Ctrl Pts',(399.294539840412,-9.85657598107885,-15.9338214882846));
#3975=CARTESIAN_POINT('Ctrl Pts',(399.942629916461,-9.84424762636798,-7.97159654079364));
#3976=CARTESIAN_POINT('Ctrl Pts',(400.020876677533,-9.84182871554353,1.15635480361558));
#3977=CARTESIAN_POINT('Ctrl Pts',(400.020872264342,-9.84175755869011,2.31619253924417));
#3978=CARTESIAN_POINT('Ctrl Pts',(400.013514133481,-9.8419241809064,3.47656938963264));
#3979=CARTESIAN_POINT('Ctrl Pts',(-403.452672069199,-4.86516453977261,-149.999640910396));
#3980=CARTESIAN_POINT('Ctrl Pts',(-402.30214486135,-4.87326518774441,-149.999664829595));
#3981=CARTESIAN_POINT('Ctrl Pts',(-401.151638562027,-4.88036613931462,-149.999674463944));
#3982=CARTESIAN_POINT('Ctrl Pts',(-383.031442804449,-4.97889148898974,-149.999635350319));
#3983=CARTESIAN_POINT('Ctrl Pts',(-366.065217966532,-5.02387823807872,-149.998075222517));
#3984=CARTESIAN_POINT('Ctrl Pts',(-330.977775301132,-5.15839468702528,-149.996636206131));
#3985=CARTESIAN_POINT('Ctrl Pts',(-312.857721168114,-5.21995942302159,-149.996165521464));
#3986=CARTESIAN_POINT('Ctrl Pts',(-258.496147405682,-5.38943480265173,-149.995047225656));
#3987=CARTESIAN_POINT('Ctrl Pts',(-222.25323985943,-5.47855223568255,-149.994640765852));
#3988=CARTESIAN_POINT('Ctrl Pts',(-149.766456885175,-5.60987902324495,-149.994265434869));
#3989=CARTESIAN_POINT('Ctrl Pts',(-113.522489228886,-5.65205628304117,-149.993989594229));
#3990=CARTESIAN_POINT('Ctrl Pts',(-59.1564971545904,-5.68163079639372,-149.996702751467));
#3991=CARTESIAN_POINT('Ctrl Pts',(-41.0344965558343,-5.6858831711334,-149.99966703318));
#3992=CARTESIAN_POINT('Ctrl Pts',(-15.2857341318958,-5.68421357647197,-150.005821818991));
#3993=CARTESIAN_POINT('Ctrl Pts',(-7.65899626780964,-5.68275677139895,-150.017021057103));
#3994=CARTESIAN_POINT('Ctrl Pts',(-0.019288446901292,-5.68035785963819,
-150.012859215909));
#3995=CARTESIAN_POINT('Ctrl Pts',(-0.00632175358993175,-5.68035378531882,
-150.012852084259));
#3996=CARTESIAN_POINT('Ctrl Pts',(10.4890181791191,-5.67705381123685,-150.007024490875));
#3997=CARTESIAN_POINT('Ctrl Pts',(20.9714758936635,-5.67198364105422,-149.932694587654));
#3998=CARTESIAN_POINT('Ctrl Pts',(67.6906907883773,-5.64203641120072,-149.107979735097));
#3999=CARTESIAN_POINT('Ctrl Pts',(103.921931296373,-5.59945095460136,-147.290862615163));
#4000=CARTESIAN_POINT('Ctrl Pts',(176.042269864422,-5.48351984195089,-139.98692454381));
#4001=CARTESIAN_POINT('Ctrl Pts',(211.975549923705,-5.40960190781931,-134.572172223503));
#4002=CARTESIAN_POINT('Ctrl Pts',(264.789384606817,-5.2835098223942,-121.631555399251));
#4003=CARTESIAN_POINT('Ctrl Pts',(282.212071004156,-5.23877354231987,-116.504509324006));
#4004=CARTESIAN_POINT('Ctrl Pts',(316.14455285955,-5.14686911036048,-103.706092637578));
#4005=CARTESIAN_POINT('Ctrl Pts',(332.717674392034,-5.09956918969781,-96.0589768080338));
#4006=CARTESIAN_POINT('Ctrl Pts',(355.571182606589,-5.03201660884435,-81.2556410163499));
#4007=CARTESIAN_POINT('Ctrl Pts',(362.837891190805,-5.01010904555441,-75.7490732113431));
#4008=CARTESIAN_POINT('Ctrl Pts',(376.048358216679,-4.96973628574796,-63.2832794751084));
#4009=CARTESIAN_POINT('Ctrl Pts',(381.978570083974,-4.95126172679161,-56.3054571753076));
#4010=CARTESIAN_POINT('Ctrl Pts',(391.559259715235,-4.92055446275797,-40.8687114312386));
#4011=CARTESIAN_POINT('Ctrl Pts',(395.145074420925,-4.90802795186357,-32.4140533934847));
#4012=CARTESIAN_POINT('Ctrl Pts',(399.246109483142,-4.89139632532722,-15.8883533042611));
#4013=CARTESIAN_POINT('Ctrl Pts',(399.932444720778,-4.88360322658361,-7.95382000535806));
#4014=CARTESIAN_POINT('Ctrl Pts',(400.028602435328,-4.88282055824553,1.15199649851528));
#4015=CARTESIAN_POINT('Ctrl Pts',(400.030895137176,-4.88290190210506,2.30926192541832));
#4016=CARTESIAN_POINT('Ctrl Pts',(400.025943462589,-4.88317888905414,3.46731364929128));
#4017=CARTESIAN_POINT('Ctrl Pts',(-403.452672309684,-2.43012686574764,-149.999676359639));
#4018=CARTESIAN_POINT('Ctrl Pts',(-402.302120882575,-2.43634867378287,-149.999695133889));
#4019=CARTESIAN_POINT('Ctrl Pts',(-401.151574967953,-2.44145963007551,-149.999703919363));
#4020=CARTESIAN_POINT('Ctrl Pts',(-383.030491139076,-2.5068878061331,-149.999726304375));
#4021=CARTESIAN_POINT('Ctrl Pts',(-366.061119306784,-2.51136235464984,-149.998932079175));
#4022=CARTESIAN_POINT('Ctrl Pts',(-330.97031489142,-2.57900441022342,-149.998206010085));
#4023=CARTESIAN_POINT('Ctrl Pts',(-312.84910098677,-2.60915755598087,-149.99795831441));
#4024=CARTESIAN_POINT('Ctrl Pts',(-258.484754271812,-2.69353979961314,-149.99737576279));
#4025=CARTESIAN_POINT('Ctrl Pts',(-222.240920128869,-2.73795256664475,-149.997162416832));
#4026=CARTESIAN_POINT('Ctrl Pts',(-149.752766379387,-2.80345908563635,-149.996977423558));
#4027=CARTESIAN_POINT('Ctrl Pts',(-113.508401537178,-2.82452209302457,-149.99691302964));
#4028=CARTESIAN_POINT('Ctrl Pts',(-59.1418353294234,-2.83932072038905,-149.998285978576));
#4029=CARTESIAN_POINT('Ctrl Pts',(-41.0196452839841,-2.84145885616743,-150.000835487752));
#4030=CARTESIAN_POINT('Ctrl Pts',(-15.2706395016713,-2.84065741574485,-150.002320074308));
#4031=CARTESIAN_POINT('Ctrl Pts',(-7.64383606204554,-2.83994060635891,-150.012103112514));
#4032=CARTESIAN_POINT('Ctrl Pts',(-0.00406599240027232,-2.83875532358529,
-150.006861324374));
#4033=CARTESIAN_POINT('Ctrl Pts',(0.00890080655194841,-2.8387533104908,
-150.006852359657));
#4034=CARTESIAN_POINT('Ctrl Pts',(10.5043262444126,-2.83712280952574,-149.999540984287));
#4035=CARTESIAN_POINT('Ctrl Pts',(20.9868630443781,-2.83461182059669,-149.922578711149));
#4036=CARTESIAN_POINT('Ctrl Pts',(67.7063555184963,-2.81975753278103,-149.089902754515));
#4037=CARTESIAN_POINT('Ctrl Pts',(103.9377973987,-2.79857354237793,-147.270596353065));
#4038=CARTESIAN_POINT('Ctrl Pts',(176.057426039298,-2.74087798159024,-139.957011162074));
#4039=CARTESIAN_POINT('Ctrl Pts',(211.990459604107,-2.70409570408878,-134.536069817211));
#4040=CARTESIAN_POINT('Ctrl Pts',(264.795565994438,-2.64140557149491,-121.576699720541));
#4041=CARTESIAN_POINT('Ctrl Pts',(282.213835725039,-2.61918172253052,-116.441440027145));
#4042=CARTESIAN_POINT('Ctrl Pts',(316.127882325743,-2.57359140466219,-103.622131218031));
#4043=CARTESIAN_POINT('Ctrl Pts',(332.685841887625,-2.55015781195501,-95.9612651545524));
#4044=CARTESIAN_POINT('Ctrl Pts',(355.506097767393,-2.51678486482423,-81.146470527063));
#4045=CARTESIAN_POINT('Ctrl Pts',(362.759935590061,-2.50597285785252,-75.638010280134));
#4046=CARTESIAN_POINT('Ctrl Pts',(375.949549267166,-2.48606866141178,-63.1776496511769));
#4047=CARTESIAN_POINT('Ctrl Pts',(381.871380872577,-2.47692483259892,-56.2074739122788));
#4048=CARTESIAN_POINT('Ctrl Pts',(391.45645190447,-2.46175205280507,-40.794676837413));
#4049=CARTESIAN_POINT('Ctrl Pts',(395.052067563823,-2.45531077613482,-32.3568029883526));
#4050=CARTESIAN_POINT('Ctrl Pts',(399.204791484303,-2.44718634216398,-15.8618316913821));
#4051=CARTESIAN_POINT('Ctrl Pts',(399.916617432487,-2.44211859697923,-7.94305554446609));
#4052=CARTESIAN_POINT('Ctrl Pts',(400.028898247212,-2.44252471285259,1.15077892567162));
#4053=CARTESIAN_POINT('Ctrl Pts',(400.033183532175,-2.44272562539673,2.3066541826398));
#4054=CARTESIAN_POINT('Ctrl Pts',(400.030183098263,-2.44309629633898,3.46344690482844));
#4055=CARTESIAN_POINT('Ctrl Pts',(-403.451743465084,0.0900012460234369,
-149.999975726611));
#4056=CARTESIAN_POINT('Ctrl Pts',(-402.301159750695,0.0855998756874359,
-149.99999244418));
#4057=CARTESIAN_POINT('Ctrl Pts',(-401.150569077814,0.0823791309165466,
-150.000002809195));
#4058=CARTESIAN_POINT('Ctrl Pts',(-383.028574236319,0.0478067484734319,
-150.000110724564));
#4059=CARTESIAN_POINT('Ctrl Pts',(-366.056217094684,0.0832168211110914,
-150.000032477554));
#4060=CARTESIAN_POINT('Ctrl Pts',(-330.961880903541,0.0836902731826704,
-150.00006132745));
#4061=CARTESIAN_POINT('Ctrl Pts',(-312.839389817868,0.0855644144865754,
-150.000066890652));
#4062=CARTESIAN_POINT('Ctrl Pts',(-258.471976487771,0.0882671679520602,
-150.000086166164));
#4063=CARTESIAN_POINT('Ctrl Pts',(-222.227063723518,0.0897680674286361,
-150.000093050616));
#4064=CARTESIAN_POINT('Ctrl Pts',(-149.737255353925,0.0919172607287648,
-150.000099113553));
#4065=CARTESIAN_POINT('Ctrl Pts',(-113.492360724325,0.0926073724927529,
-150.000231995865));
#4066=CARTESIAN_POINT('Ctrl Pts',(-59.1250191138763,0.0930924369901619,
-149.999989883234));
#4067=CARTESIAN_POINT('Ctrl Pts',(-41.0025729842955,0.0931631227706131,
-150.001657780385));
#4068=CARTESIAN_POINT('Ctrl Pts',(-15.2532300783794,0.0931360020070077,
-149.998766054562));
#4069=CARTESIAN_POINT('Ctrl Pts',(-7.62633149419528,0.0931127856463956,
-150.006840228013));
#4070=CARTESIAN_POINT('Ctrl Pts',(0.0135253985853753,0.0930739450709631,
-149.999762734388));
#4071=CARTESIAN_POINT('Ctrl Pts',(0.0264923448766322,0.0930738790991771,
-149.999750653719));
#4072=CARTESIAN_POINT('Ctrl Pts',(10.5220370208018,0.0930204422314684,-149.989916999962));
#4073=CARTESIAN_POINT('Ctrl Pts',(21.0046764749288,0.0929380918545749,-149.910396623508));
#4074=CARTESIAN_POINT('Ctrl Pts',(67.7245575984529,0.0924505452089024,-149.068876641605));
#4075=CARTESIAN_POINT('Ctrl Pts',(103.956262293745,0.091755990001101,-147.246703196079));
#4076=CARTESIAN_POINT('Ctrl Pts',(176.074989006939,0.0898653533730302,-139.921697109348));
#4077=CARTESIAN_POINT('Ctrl Pts',(212.007619258159,0.0886593240850593,-134.493476366334));
#4078=CARTESIAN_POINT('Ctrl Pts',(264.802278117929,0.0866031442110705,-121.512244080102));
#4079=CARTESIAN_POINT('Ctrl Pts',(282.215285063675,0.0858747189948835,-116.367482625174));
#4080=CARTESIAN_POINT('Ctrl Pts',(316.107959844284,0.0843800837825559,-103.524163259564));
#4081=CARTESIAN_POINT('Ctrl Pts',(332.648707437518,0.0836142570732525,-95.84764755427));
#4082=CARTESIAN_POINT('Ctrl Pts',(355.430713368542,0.0825168444945633,-81.0186253213844));
#4083=CARTESIAN_POINT('Ctrl Pts',(362.669793916456,0.0821722078356999,-75.5073910400249));
#4084=CARTESIAN_POINT('Ctrl Pts',(375.833487109809,0.0815031164232793,-63.0515835879049));
#4085=CARTESIAN_POINT('Ctrl Pts',(381.744315237358,0.0812604673620832,-56.0890980183631));
#4086=CARTESIAN_POINT('Ctrl Pts',(391.327792171598,0.0806573902780281,-40.7038059044846));
#4087=CARTESIAN_POINT('Ctrl Pts',(394.934147035358,0.0807415639635671,-32.2858099694188));
#4088=CARTESIAN_POINT('Ctrl Pts',(399.133085224712,0.0799078195169873,-15.828793620064));
#4089=CARTESIAN_POINT('Ctrl Pts',(399.877321528965,0.0819298788125676,-7.92757635702986));
#4090=CARTESIAN_POINT('Ctrl Pts',(400.01729430931,0.0798121714189052,1.1532520027154));
#4091=CARTESIAN_POINT('Ctrl Pts',(400.024922838621,0.0794248682143902,2.30759631409325));
#4092=CARTESIAN_POINT('Ctrl Pts',(400.025076229893,0.0788949654431431,3.46297683173938));
#4093=CARTESIAN_POINT('Ctrl Pts',(-403.451713030493,0.170010624626369,-149.999985498271));
#4094=CARTESIAN_POINT('Ctrl Pts',(-402.301128284395,0.165666920858511,-150.000002153657));
#4095=CARTESIAN_POINT('Ctrl Pts',(-401.150536187106,0.162506014689894,-150.000012571189));
#4096=CARTESIAN_POINT('Ctrl Pts',(-383.028512430691,0.128909847580591,-150.000123223835));
#4097=CARTESIAN_POINT('Ctrl Pts',(-366.056060771179,0.165584122190213,-150.000067634955));
#4098=CARTESIAN_POINT('Ctrl Pts',(-330.961612397627,0.168218951368305,-150.000120470165));
#4099=CARTESIAN_POINT('Ctrl Pts',(-312.8390806843,0.171109411791108,-150.000134096993));
#4100=CARTESIAN_POINT('Ctrl Pts',(-258.471569791041,0.176575934827489,-150.000172528356));
#4101=CARTESIAN_POINT('Ctrl Pts',(-222.226622658388,0.179534144339412,-150.000186425771));
#4102=CARTESIAN_POINT('Ctrl Pts',(-149.736761512926,0.183830801792791,-150.000198547857));
#4103=CARTESIAN_POINT('Ctrl Pts',(-113.49184994042,0.185211432921185,-150.000337672189));
#4104=CARTESIAN_POINT('Ctrl Pts',(-59.1244835244797,0.186181717847634,-150.000044045173));
#4105=CARTESIAN_POINT('Ctrl Pts',(-41.002029202439,0.186322551132948,-150.001683525206));
#4106=CARTESIAN_POINT('Ctrl Pts',(-15.2526755052763,0.186269197322427,-149.998653254642));
#4107=CARTESIAN_POINT('Ctrl Pts',(-7.62577387246,0.186222513198164,-150.006672920516));
#4108=CARTESIAN_POINT('Ctrl Pts',(0.0140857999351606,0.18614484190427,-149.999536437103));
#4109=CARTESIAN_POINT('Ctrl Pts',(0.0270527509435399,0.18614470998174,-149.999524256305));
#4110=CARTESIAN_POINT('Ctrl Pts',(10.522601244221,0.186037856476323,-149.989609549896));
#4111=CARTESIAN_POINT('Ctrl Pts',(21.0052439793533,0.185873229366786,-149.910008084019));
#4112=CARTESIAN_POINT('Ctrl Pts',(67.7251375463833,0.18489889501446,-149.068206696224));
#4113=CARTESIAN_POINT('Ctrl Pts',(103.956850641647,0.183510015878362,-147.245941598383));
#4114=CARTESIAN_POINT('Ctrl Pts',(176.07554854454,0.179728334129514,-139.920571425386));
#4115=CARTESIAN_POINT('Ctrl Pts',(212.008165836068,0.17731670545051,-134.492118664965));
#4116=CARTESIAN_POINT('Ctrl Pts',(264.802491530442,0.173205849374551,-121.510189742718));
#4117=CARTESIAN_POINT('Ctrl Pts',(282.215330671623,0.171749089904453,-116.365125582692));
#4118=CARTESIAN_POINT('Ctrl Pts',(316.107324540312,0.168760468855361,-103.521041439826));
#4119=CARTESIAN_POINT('Ctrl Pts',(332.647524086443,0.167226872011606,-95.8440274037968));
#4120=CARTESIAN_POINT('Ctrl Pts',(355.428311641702,0.165036019062958,-81.0145510467834));
#4121=CARTESIAN_POINT('Ctrl Pts',(362.666922160064,0.164337515436832,-75.5032278681764));
#4122=CARTESIAN_POINT('Ctrl Pts',(375.829787968027,0.163015887148525,-63.0475639269738));
#4123=CARTESIAN_POINT('Ctrl Pts',(381.740264336801,0.162475513045673,-56.0853223275286));
#4124=CARTESIAN_POINT('Ctrl Pts',(391.323684550588,0.161371890626808,-40.7009062505362));
#4125=CARTESIAN_POINT('Ctrl Pts',(394.930380714827,0.161254184450713,-32.2835439913769));
#4126=CARTESIAN_POINT('Ctrl Pts',(399.130779417597,0.16013585725341,-15.8277388372557));
#4127=CARTESIAN_POINT('Ctrl Pts',(399.876050778331,0.162060974456754,-7.92708038425115));
#4128=CARTESIAN_POINT('Ctrl Pts',(400.016913616836,0.159888440323859,1.15333436774995));
#4129=CARTESIAN_POINT('Ctrl Pts',(400.024649561226,0.15949515650085,2.3076299741191));
#4130=CARTESIAN_POINT('Ctrl Pts',(400.024904213611,0.158960135951526,3.46296554154058));
#4131=CARTESIAN_POINT('Ctrl Pts',(-403.451681632666,0.25002537486385,-149.999995542427));
#4132=CARTESIAN_POINT('Ctrl Pts',(-402.301095848005,0.245739212932347,-150.000012138779));
#4133=CARTESIAN_POINT('Ctrl Pts',(-401.1505023227,0.242637977417696,-150.000022611216));
#4134=CARTESIAN_POINT('Ctrl Pts',(-383.028449657529,0.210014691161433,-150.000136023136));
#4135=CARTESIAN_POINT('Ctrl Pts',(-366.055903744067,0.247951148534692,-150.000103018035));
#4136=CARTESIAN_POINT('Ctrl Pts',(-330.961343130005,0.252746313797149,-150.000179856817));
#4137=CARTESIAN_POINT('Ctrl Pts',(-312.838770707433,0.256652670617879,-150.000201570715));
#4138=CARTESIAN_POINT('Ctrl Pts',(-258.471162042172,0.264882121093642,-150.000259207564));
#4139=CARTESIAN_POINT('Ctrl Pts',(-222.22618041474,0.269297371954551,-150.000280139297));
#4140=CARTESIAN_POINT('Ctrl Pts',(-149.736266245507,0.275741154257435,-150.000298313701));
#4141=CARTESIAN_POINT('Ctrl Pts',(-113.49133760595,0.277812248314526,-150.000443658627));
#4142=CARTESIAN_POINT('Ctrl Pts',(-59.1239461953583,0.279267777487286,-150.000098273537));
#4143=CARTESIAN_POINT('Ctrl Pts',(-41.001483618199,0.279478784602089,-150.00170890792));
#4144=CARTESIAN_POINT('Ctrl Pts',(-15.2521190411367,0.279399268654692,-149.998540478682));
#4145=CARTESIAN_POINT('Ctrl Pts',(-7.62521433159277,0.279329142038113,-150.006505379009));
#4146=CARTESIAN_POINT('Ctrl Pts',(0.0146481436482413,0.279212670542124,
-149.999309192481));
#4147=CARTESIAN_POINT('Ctrl Pts',(0.0276150994130357,0.279212472720812,
-149.999296910342));
#4148=CARTESIAN_POINT('Ctrl Pts',(10.5231674419312,0.279052244525955,-149.989300171091));
#4149=CARTESIAN_POINT('Ctrl Pts',(21.005813480062,0.278805392462851,-149.909617735705));
#4150=CARTESIAN_POINT('Ctrl Pts',(67.7257195952879,0.277344526511756,-149.067534301357));
#4151=CARTESIAN_POINT('Ctrl Pts',(103.957441146377,0.275261558084047,-147.245176914359));
#4152=CARTESIAN_POINT('Ctrl Pts',(176.076110058188,0.269589415478285,-139.919441135649));
#4153=CARTESIAN_POINT('Ctrl Pts',(212.008714231244,0.265972568429558,-134.490755431311));
#4154=CARTESIAN_POINT('Ctrl Pts',(264.802705257604,0.259807803731257,-121.508127277669));
#4155=CARTESIAN_POINT('Ctrl Pts',(282.215375860364,0.257623021367228,-116.362759352565));
#4156=CARTESIAN_POINT('Ctrl Pts',(316.106686376134,0.253141193823521,-103.517907902267));
#4157=CARTESIAN_POINT('Ctrl Pts',(332.646336243919,0.250840295152359,-95.8403940251986));
#4158=CARTESIAN_POINT('Ctrl Pts',(355.42590133877,0.247556862808801,-81.010461091038));
#4159=CARTESIAN_POINT('Ctrl Pts',(362.664040284898,0.246504805741435,-75.4990481810128));
#4160=CARTESIAN_POINT('Ctrl Pts',(375.826074188755,0.244531226242003,-63.0435267079508));
#4161=CARTESIAN_POINT('Ctrl Pts',(381.736196348062,0.243693386347705,-56.0815289097221));
#4162=CARTESIAN_POINT('Ctrl Pts',(391.319553686863,0.242089496791824,-40.6979917148599));
#4163=CARTESIAN_POINT('Ctrl Pts',(394.926591486637,0.241769845875179,-32.2812657518174));
#4164=CARTESIAN_POINT('Ctrl Pts',(399.128444001725,0.240366748868138,-15.826678036967));
#4165=CARTESIAN_POINT('Ctrl Pts',(399.87475650688,0.242194676826763,-7.92657975947098));
#4166=CARTESIAN_POINT('Ctrl Pts',(400.016520348707,0.239966825366256,1.15342067308739));
#4167=CARTESIAN_POINT('Ctrl Pts',(400.024364989518,0.239567497329743,2.30766747106455));
#4168=CARTESIAN_POINT('Ctrl Pts',(400.024722044951,0.239027295946397,3.46295796982109));
#4169=CARTESIAN_POINT('',(-400.,-4.22311920203276E-14,-150.));
#4170=CARTESIAN_POINT('Ctrl Pts',(-400.,-3.77475828372553E-14,-150.000000000001));
#4171=CARTESIAN_POINT('Ctrl Pts',(-400.,-4.98134102054572,-149.99939983664));
#4172=CARTESIAN_POINT('Ctrl Pts',(-400.,-9.36227667379212,-149.999838103494));
#4173=CARTESIAN_POINT('Ctrl Pts',(-400.,-20.3414824354077,-150.000153370823));
#4174=CARTESIAN_POINT('Ctrl Pts',(-400.000000000557,-25.010874095476,-150.000000021954));
#4175=CARTESIAN_POINT('Ctrl Pts',(-400.000000000557,-34.9893381952344,-149.99999997805));
#4176=CARTESIAN_POINT('Ctrl Pts',(-400.,-39.6584556257568,-150.000153298881));
#4177=CARTESIAN_POINT('Ctrl Pts',(-400.,-50.6382721260265,-149.999838165544));
#4178=CARTESIAN_POINT('Ctrl Pts',(-400.,-55.0192056546268,-149.999400006593));
#4179=CARTESIAN_POINT('Ctrl Pts',(-400.,-59.999999999899,-149.999999999999));
#4180=CARTESIAN_POINT('',(400.,0.,0.));
#4181=CARTESIAN_POINT('Ctrl Pts',(399.999999999995,-6.82787160144471E-13,
-1.75754490171556E-11));
#4182=CARTESIAN_POINT('Ctrl Pts',(399.967146431584,-6.84565360436804E-13,
-2.14515744815733));
#4183=CARTESIAN_POINT('Ctrl Pts',(399.882885994533,-6.83565377390925E-13,
-5.64589604693083));
#4184=CARTESIAN_POINT('Ctrl Pts',(399.16532014234,-6.89097526061005E-13,
-13.2201935631513));
#4185=CARTESIAN_POINT('Ctrl Pts',(398.700987068205,-6.90318393660313E-13,
-16.495166431602));
#4186=CARTESIAN_POINT('Ctrl Pts',(396.547534284482,-6.96608831741704E-13,
-27.0652115900578));
#4187=CARTESIAN_POINT('Ctrl Pts',(394.208631466747,-6.99988924653627E-13,
-33.4120658462408));
#4188=CARTESIAN_POINT('Ctrl Pts',(387.569029137183,-7.0398672632258E-13,
-47.8438402261837));
#4189=CARTESIAN_POINT('Ctrl Pts',(380.592083254498,-7.05960341499778E-13,
-58.79518606066));
#4190=CARTESIAN_POINT('Ctrl Pts',(362.221832269966,-6.97587956051978E-13,
-75.8063227123426));
#4191=CARTESIAN_POINT('Ctrl Pts',(355.662330398085,-6.94834383938143E-13,
-80.8072272861069));
#4192=CARTESIAN_POINT('Ctrl Pts',(341.124216705583,-6.84927783861093E-13,
-90.4006802706722));
#4193=CARTESIAN_POINT('Ctrl Pts',(332.994170889886,-6.75508175059689E-13,
-94.9506260171883));
#4194=CARTESIAN_POINT('Ctrl Pts',(309.53264919941,-6.56089405580812E-13,
-106.385562388763));
#4195=CARTESIAN_POINT('Ctrl Pts',(288.567473087236,-6.43067686949379E-13,
-114.726331552702));
#4196=CARTESIAN_POINT('Ctrl Pts',(242.56731486833,-5.96644938368229E-13,
-127.300132372119));
#4197=CARTESIAN_POINT('Ctrl Pts',(212.570431225331,-5.59560089029229E-13,
-134.473043235305));
#4198=CARTESIAN_POINT('Ctrl Pts',(95.9433982830398,-4.27892670730485E-13,
-149.878222598376));
#4199=CARTESIAN_POINT('Ctrl Pts',(25.5001659849752,-3.36207034999098E-13,
-149.995582799253));
#4200=CARTESIAN_POINT('Ctrl Pts',(-11.0938676774734,-2.90802322295817E-13,
-150.004099003421));
#4201=CARTESIAN_POINT('Ctrl Pts',(-27.7710254221807,-2.75199573488796E-13,
-150.000141152975));
#4202=CARTESIAN_POINT('Ctrl Pts',(-84.1265073953311,-2.05267374271459E-13,
-150.003691794872));
#4203=CARTESIAN_POINT('Ctrl Pts',(-138.836487518642,5.5508990631756E-11,
-149.999999984913));
#4204=CARTESIAN_POINT('Ctrl Pts',(-210.750929462631,5.55982339759556E-11,
-150.000000025823));
#4205=CARTESIAN_POINT('Ctrl Pts',(-227.955391391715,-3.18282844027087E-14,
-150.000000062039));
#4206=CARTESIAN_POINT('Ctrl Pts',(-258.063199708833,5.53446871470445E-15,
-150.000000085046));
#4207=CARTESIAN_POINT('Ctrl Pts',(-270.966546096869,2.27478734525603E-14,
-150.000000081812));
#4208=CARTESIAN_POINT('Ctrl Pts',(-303.224913364198,6.27793928056398E-14,
-149.999999995737));
#4209=CARTESIAN_POINT('Ctrl Pts',(-322.579934243493,1.34100704655865E-13,
-150.000002559121));
#4210=CARTESIAN_POINT('Ctrl Pts',(-346.773652318931,1.64124181390964E-13,
-150.000000357999));
#4211=CARTESIAN_POINT('Ctrl Pts',(-351.61234951508,2.59579140193731E-12,
-149.999998211891));
#4212=CARTESIAN_POINT('Ctrl Pts',(-363.708828800601,2.6108028460306E-12,
-150.000015661615));
#4213=CARTESIAN_POINT('Ctrl Pts',(-370.966610889966,-1.02951293449778E-12,
-150.000037453516));
#4214=CARTESIAN_POINT('Ctrl Pts',(-389.378390584396,-1.00666593975463E-12,
-150.000054711087));
#4215=CARTESIAN_POINT('Ctrl Pts',(-395.565269737654,1.81052671600353E-13,
-150.000026792336));
#4216=CARTESIAN_POINT('Ctrl Pts',(-399.999999999997,1.86556041663054E-13,
-150.000000000001));
#4217=CARTESIAN_POINT('Ctrl Pts',(399.999999999995,-3.05311331771918E-14,
-2.93514499458568E-14));
#4218=CARTESIAN_POINT('Ctrl Pts',(400.02984607968,-4.958548237389,-2.86539169407192E-14));
#4219=CARTESIAN_POINT('Ctrl Pts',(400.008119226738,-9.51710268173897,3.01639089907395E-12));
#4220=CARTESIAN_POINT('Ctrl Pts',(399.992024608859,-20.3864488243903,3.01792139258444E-12));
#4221=CARTESIAN_POINT('Ctrl Pts',(400.000008233673,-25.0418788226344,-2.44240066568705E-11));
#4222=CARTESIAN_POINT('Ctrl Pts',(399.999991769121,-34.9564439389258,-2.44226109768389E-11));
#4223=CARTESIAN_POINT('Ctrl Pts',(399.991998086184,-39.6129840157182,3.01518153120413E-12));
#4224=CARTESIAN_POINT('Ctrl Pts',(400.008143162449,-50.481412188325,3.0167112067159E-12));
#4225=CARTESIAN_POINT('Ctrl Pts',(400.029911007905,-55.0403810458877,4.19084551866559E-15));
#4226=CARTESIAN_POINT('Ctrl Pts',(400.000000000007,-59.9999999999999,4.8895003124696E-15));
#4227=CARTESIAN_POINT('Origin',(-23.2524191409443,-1.92506465130869E-13,
67.8083501572633));
#4228=CARTESIAN_POINT('',(-400.,0.,150.));
#4229=CARTESIAN_POINT('',(-400.,0.,0.));
#4230=CARTESIAN_POINT('Ctrl Pts',(399.999999999995,-6.82787160144471E-13,
1.75507584810816E-11));
#4231=CARTESIAN_POINT('Ctrl Pts',(399.967146431584,-6.83961410062763E-13,
2.1451574481573));
#4232=CARTESIAN_POINT('Ctrl Pts',(399.882885994533,-6.8197582459036E-13,
5.6458960469308));
#4233=CARTESIAN_POINT('Ctrl Pts',(399.16532014234,-6.85375495841596E-13,
13.2201935631513));
#4234=CARTESIAN_POINT('Ctrl Pts',(398.700987068205,-6.85674323387111E-13,
16.4951664316019));
#4235=CARTESIAN_POINT('Ctrl Pts',(396.547534284482,-6.889888574235E-13,
27.0652115900578));
#4236=CARTESIAN_POINT('Ctrl Pts',(394.208631466747,-6.90582048863304E-13,
33.4120658462407));
#4237=CARTESIAN_POINT('Ctrl Pts',(387.569029137183,-6.90516710298702E-13,
47.8438402261837));
#4238=CARTESIAN_POINT('Ctrl Pts',(380.592083254498,-6.89407069550453E-13,
58.79518606066));
#4239=CARTESIAN_POINT('Ctrl Pts',(362.221832269966,-6.76245346913179E-13,
75.8063227123426));
#4240=CARTESIAN_POINT('Ctrl Pts',(355.662330398085,-6.72083813723811E-13,
80.8072272861069));
#4241=CARTESIAN_POINT('Ctrl Pts',(341.124216705583,-6.59476260612566E-13,
90.4006802706722));
#4242=CARTESIAN_POINT('Ctrl Pts',(332.994170889886,-6.48775654261141E-13,
94.9506260171882));
#4243=CARTESIAN_POINT('Ctrl Pts',(309.53264919941,-6.26137478157943E-13,
106.385562388763));
#4244=CARTESIAN_POINT('Ctrl Pts',(288.567473087236,-6.10767488698779E-13,
114.726331552702));
#4245=CARTESIAN_POINT('Ctrl Pts',(242.56731486833,-5.60804696138762E-13,
127.300132372119));
#4246=CARTESIAN_POINT('Ctrl Pts',(212.570431225331,-5.21700376293042E-13,
134.473043235305));
#4247=CARTESIAN_POINT('Ctrl Pts',(95.9433982830398,-3.85695764075702E-13,
149.878222598376));
#4248=CARTESIAN_POINT('Ctrl Pts',(25.5001659849752,-2.93977086603123E-13,
149.995582799253));
#4249=CARTESIAN_POINT('Ctrl Pts',(-11.0938676774734,-2.48569976236819E-13,
150.004099003421));
#4250=CARTESIAN_POINT('Ctrl Pts',(-27.7710254221807,-2.32968341728079E-13,
150.000141152975));
#4251=CARTESIAN_POINT('Ctrl Pts',(-84.1265073953311,-1.63035142858478E-13,
150.003691794871));
#4252=CARTESIAN_POINT('Ctrl Pts',(-138.836487518642,5.55512218237721E-11,
149.999999984913));
#4253=CARTESIAN_POINT('Ctrl Pts',(-210.750929462631,5.56404651679832E-11,
150.000000025823));
#4254=CARTESIAN_POINT('Ctrl Pts',(-227.955391391715,1.04029076350853E-14,
150.000000062039));
#4255=CARTESIAN_POINT('Ctrl Pts',(-258.063199708833,4.7765660758976E-14,
150.000000085046));
#4256=CARTESIAN_POINT('Ctrl Pts',(-270.966546096869,6.49790654959214E-14,
150.000000081812));
#4257=CARTESIAN_POINT('Ctrl Pts',(-303.224913364198,1.05010584824767E-13,
149.999999995737));
#4258=CARTESIAN_POINT('Ctrl Pts',(-322.579934243493,1.7633189739669E-13,
150.000002559121));
#4259=CARTESIAN_POINT('Ctrl Pts',(-346.773652318931,2.06355373512083E-13,
150.000000357999));
#4260=CARTESIAN_POINT('Ctrl Pts',(-351.61234951508,2.63802259345421E-12,
149.999998211891));
#4261=CARTESIAN_POINT('Ctrl Pts',(-363.708828800601,2.65303404246032E-12,
150.000015661615));
#4262=CARTESIAN_POINT('Ctrl Pts',(-370.966610889966,-9.87281731932738E-13,
150.000037453516));
#4263=CARTESIAN_POINT('Ctrl Pts',(-389.378390584396,-9.6443473233087E-13,
150.000054711087));
#4264=CARTESIAN_POINT('Ctrl Pts',(-395.565269737654,2.23320992771043E-13,
150.000026792336));
#4265=CARTESIAN_POINT('Ctrl Pts',(-399.999999999997,2.28824355290595E-13,
150.000000000001));
#4266=CARTESIAN_POINT('Ctrl Pts',(-442.046257898037,-57.3604988004081,139.543200038679));
#4267=CARTESIAN_POINT('Ctrl Pts',(-441.968813191316,-57.5812585480329,139.280827248601));
#4268=CARTESIAN_POINT('Ctrl Pts',(-441.891297062056,-57.8001240399973,139.017020693841));
#4269=CARTESIAN_POINT('Ctrl Pts',(-441.58577252524,-58.6543212712405,137.972578370675));
#4270=CARTESIAN_POINT('Ctrl Pts',(-441.357172653817,-59.274933717718,137.180869398351));
#4271=CARTESIAN_POINT('Ctrl Pts',(-440.820242737872,-60.6870099215928,135.298194119837));
#4272=CARTESIAN_POINT('Ctrl Pts',(-440.511260570551,-61.4646706585717,134.197067677756));
#4273=CARTESIAN_POINT('Ctrl Pts',(-439.578960105021,-63.702611939949,130.826279501679));
#4274=CARTESIAN_POINT('Ctrl Pts',(-438.950224940303,-65.0669227719274,128.488532593837));
#4275=CARTESIAN_POINT('Ctrl Pts',(-437.036837574935,-68.7989953686753,121.243461323267));
#4276=CARTESIAN_POINT('Ctrl Pts',(-435.724333106659,-70.8047634493545,116.107481876667));
#4277=CARTESIAN_POINT('Ctrl Pts',(-431.662261580578,-75.8586383268004,100.253545777257));
#4278=CARTESIAN_POINT('Ctrl Pts',(-428.788284780683,-78.0316638921566,89.1633127118693));
#4279=CARTESIAN_POINT('Ctrl Pts',(-425.38489222794,-80.0801838013901,76.6292964834872));
#4280=CARTESIAN_POINT('Ctrl Pts',(-424.993936361079,-80.3069778104607,75.1966939555782));
#4281=CARTESIAN_POINT('Ctrl Pts',(-421.94393129468,-82.0178505356218,64.0763199102803));
#4282=CARTESIAN_POINT('Ctrl Pts',(-419.185289279278,-83.2356554217038,54.3518897258131));
#4283=CARTESIAN_POINT('Ctrl Pts',(-413.087255043733,-85.6369935317046,33.4503161600716));
#4284=CARTESIAN_POINT('Ctrl Pts',(-409.729562798341,-86.7882077906666,22.2696551390091));
#4285=CARTESIAN_POINT('Ctrl Pts',(-405.066837182531,-88.3264172936954,7.07281856786355));
#4286=CARTESIAN_POINT('Ctrl Pts',(-403.836672285146,-88.7286984138315,3.08686497557466));
#4287=CARTESIAN_POINT('Ctrl Pts',(-400.389487578117,-89.8765640368843,-8.14105236947313));
#4288=CARTESIAN_POINT('Ctrl Pts',(-398.190113893122,-90.6260933920477,-15.3851853863534));
#4289=CARTESIAN_POINT('Ctrl Pts',(-392.66638030464,-92.4216221257092,-33.8962210829217));
#4290=CARTESIAN_POINT('Ctrl Pts',(-389.386631089625,-93.4223592876683,-45.1801406148633));
#4291=CARTESIAN_POINT('Ctrl Pts',(-384.612554381799,-94.7874704589692,-62.1732393040852));
#4292=CARTESIAN_POINT('Ctrl Pts',(-383.045317636301,-95.2197844726557,-67.8488774597052));
#4293=CARTESIAN_POINT('Ctrl Pts',(-379.962974217175,-96.0389651738573,-79.2271818344536));
#4294=CARTESIAN_POINT('Ctrl Pts',(-378.447868805675,-96.4258269736101,-84.9298575249865));
#4295=CARTESIAN_POINT('Ctrl Pts',(-376.588875296583,-96.881371127756,-92.0781363781813));
#4296=CARTESIAN_POINT('Ctrl Pts',(-376.218820439898,-96.971079900225,-93.5087893561465));
#4297=CARTESIAN_POINT('Ctrl Pts',(-375.730121543123,-97.0882728599227,-95.4085892199608));
#4298=CARTESIAN_POINT('Ctrl Pts',(-375.609895409038,-97.117000407779,-95.8768110387369));
#4299=CARTESIAN_POINT('Ctrl Pts',(-375.426334363673,-97.160704002283,-96.5929961660994));
#4300=CARTESIAN_POINT('Ctrl Pts',(-375.362862423591,-97.1757869737125,-96.8408787821899));
#4301=CARTESIAN_POINT('Ctrl Pts',(-375.116191357871,-97.2342917341963,-97.8051601143857));
#4302=CARTESIAN_POINT('Ctrl Pts',(-374.933385046084,-97.2774081424637,-98.5217910214295));
#4303=CARTESIAN_POINT('Ctrl Pts',(-374.021601516922,-97.4912614105029,-102.106288619493));
#4304=CARTESIAN_POINT('Ctrl Pts',(-373.299369370663,-97.6568105342937,-104.978184694969));
#4305=CARTESIAN_POINT('Ctrl Pts',(-371.15488382025,-98.1371160559252,-113.607690966791));
#4306=CARTESIAN_POINT('Ctrl Pts',(-369.754853503888,-98.4355169169358,-119.379126762973));
#4307=CARTESIAN_POINT('Ctrl Pts',(-368.385986081557,-98.7129930887022,-125.171397957329));
#4308=CARTESIAN_POINT('Ctrl Pts',(-441.157418539598,-57.4956593754898,139.826750782501));
#4309=CARTESIAN_POINT('Ctrl Pts',(-441.080091785943,-57.7175889690933,139.564951470176));
#4310=CARTESIAN_POINT('Ctrl Pts',(-441.002693599919,-57.9376025012949,139.301694675783));
#4311=CARTESIAN_POINT('Ctrl Pts',(-440.697632833852,-58.7962282145295,138.259319734005));
#4312=CARTESIAN_POINT('Ctrl Pts',(-440.469377534045,-59.419941889677,137.468938645745));
#4313=CARTESIAN_POINT('Ctrl Pts',(-439.933242411878,-60.838732621348,135.588835052924));
#4314=CARTESIAN_POINT('Ctrl Pts',(-439.624706381143,-61.6198192414824,134.488767801412));
#4315=CARTESIAN_POINT('Ctrl Pts',(-438.693696642012,-63.8667039016952,131.119954879965));
#4316=CARTESIAN_POINT('Ctrl Pts',(-438.065755555461,-65.2351561797596,128.781892423465));
#4317=CARTESIAN_POINT('Ctrl Pts',(-436.154483803368,-68.9754184049822,121.532875384214));
#4318=CARTESIAN_POINT('Ctrl Pts',(-434.843026737343,-70.9813126906009,116.390745337863));
#4319=CARTESIAN_POINT('Ctrl Pts',(-430.783457326022,-76.0364138098027,100.523059348214));
#4320=CARTESIAN_POINT('Ctrl Pts',(-427.910463499235,-78.2136127377541,89.4304963033382));
#4321=CARTESIAN_POINT('Ctrl Pts',(-424.508267782188,-80.2736283388337,76.8985422289078));
#4322=CARTESIAN_POINT('Ctrl Pts',(-424.117448117268,-80.5018045390602,75.4662295391547));
#4323=CARTESIAN_POINT('Ctrl Pts',(-421.068500700784,-82.2238577970502,64.3484417101379));
#4324=CARTESIAN_POINT('Ctrl Pts',(-418.310871279804,-83.4539923928852,54.628072060306));
#4325=CARTESIAN_POINT('Ctrl Pts',(-412.214860244627,-85.8827975967777,33.7355250365437));
#4326=CARTESIAN_POINT('Ctrl Pts',(-408.859210186281,-87.0504282194784,22.5604168783195));
#4327=CARTESIAN_POINT('Ctrl Pts',(-404.196917052421,-88.6064732654273,7.36969753080197));
#4328=CARTESIAN_POINT('Ctrl Pts',(-402.96654510756,-89.0128714515653,3.38517250842322));
#4329=CARTESIAN_POINT('Ctrl Pts',(-399.518207753996,-90.1696357471951,-7.83926297980015));
#4330=CARTESIAN_POINT('Ctrl Pts',(-397.317301756206,-90.9209154878238,-15.0819113124849));
#4331=CARTESIAN_POINT('Ctrl Pts',(-391.789272265664,-92.7174292483878,-33.5899167189704));
#4332=CARTESIAN_POINT('Ctrl Pts',(-388.506869388607,-93.7172088140652,-44.8723951925398));
#4333=CARTESIAN_POINT('Ctrl Pts',(-383.729266170472,-95.0810065827124,-61.8633996608279));
#4334=CARTESIAN_POINT('Ctrl Pts',(-382.16090953259,-95.5128022541977,-67.5383725766481));
#4335=CARTESIAN_POINT('Ctrl Pts',(-379.076451197088,-96.3307977713847,-78.9154270197616));
#4336=CARTESIAN_POINT('Ctrl Pts',(-377.560350874552,-96.7169925527971,-84.6175183825884));
#4337=CARTESIAN_POINT('Ctrl Pts',(-375.700200846684,-97.1716199825995,-91.7651311359564));
#4338=CARTESIAN_POINT('Ctrl Pts',(-375.32991903946,-97.2611412749326,-93.1956541130701));
#4339=CARTESIAN_POINT('Ctrl Pts',(-374.840924901898,-97.3780801660052,-95.0952859682365));
#4340=CARTESIAN_POINT('Ctrl Pts',(-374.720626496881,-97.4067446852417,-95.5634667519872));
#4341=CARTESIAN_POINT('Ctrl Pts',(-374.536955667422,-97.4503512519217,-96.2795896908983));
#4342=CARTESIAN_POINT('Ctrl Pts',(-374.473445868613,-97.4654005269852,-96.5274508884695));
#4343=CARTESIAN_POINT('Ctrl Pts',(-374.226628073404,-97.5237737677689,-97.4916493161836));
#4344=CARTESIAN_POINT('Ctrl Pts',(-374.043713882676,-97.5667914927658,-98.2082195016082));
#4345=CARTESIAN_POINT('Ctrl Pts',(-373.13139665365,-97.7801465589851,-101.792417936755));
#4346=CARTESIAN_POINT('Ctrl Pts',(-372.408755778645,-97.9452818009351,-104.664088914323));
#4347=CARTESIAN_POINT('Ctrl Pts',(-370.263100911364,-98.424303708787,-113.292966390485));
#4348=CARTESIAN_POINT('Ctrl Pts',(-368.862366987376,-98.7217928477502,-119.064045127179));
#4349=CARTESIAN_POINT('Ctrl Pts',(-367.492876456745,-98.9983126323072,-124.856030073664));
#4350=CARTESIAN_POINT('Ctrl Pts',(-440.267743830013,-57.6267810696783,140.109066418531));
#4351=CARTESIAN_POINT('Ctrl Pts',(-440.190535362141,-57.8499106308662,139.847864438035));
#4352=CARTESIAN_POINT('Ctrl Pts',(-440.11325548944,-58.0711015530417,139.585180136513));
#4353=CARTESIAN_POINT('Ctrl Pts',(-439.808659851097,-58.9342677097418,138.54495722116));
#4354=CARTESIAN_POINT('Ctrl Pts',(-439.580750124289,-59.5611581259172,137.755956371042));
#4355=CARTESIAN_POINT('Ctrl Pts',(-439.045411654125,-60.9868148448877,135.878517696609));
#4356=CARTESIAN_POINT('Ctrl Pts',(-438.737322399921,-61.7713944373064,134.779540298929));
#4357=CARTESIAN_POINT('Ctrl Pts',(-437.807602991464,-64.0273595442506,131.412730328736));
#4358=CARTESIAN_POINT('Ctrl Pts',(-437.180452377941,-65.3999555724295,129.074283009734));
#4359=CARTESIAN_POINT('Ctrl Pts',(-435.271275931984,-69.1482864194185,121.821039984867));
#4360=CARTESIAN_POINT('Ctrl Pts',(-433.960841670232,-71.154116450472,116.672547314505));
#4361=CARTESIAN_POINT('Ctrl Pts',(-429.903719882819,-76.2105178228467,100.791137133235));
#4362=CARTESIAN_POINT('Ctrl Pts',(-427.031703593025,-78.3926262847675,89.6968320386488));
#4363=CARTESIAN_POINT('Ctrl Pts',(-423.630719929302,-80.4648116227648,77.1673205239526));
#4364=CARTESIAN_POINT('Ctrl Pts',(-423.240038423684,-80.6944458318645,75.7353390039368));
#4365=CARTESIAN_POINT('Ctrl Pts',(-420.192165291814,-82.4282544983747,64.6204400493298));
#4366=CARTESIAN_POINT('Ctrl Pts',(-417.435580810606,-83.6711300771314,54.9042842111574));
#4367=CARTESIAN_POINT('Ctrl Pts',(-411.341663429764,-86.1281470981236,34.0209743866646));
#4368=CARTESIAN_POINT('Ctrl Pts',(-407.988037481374,-87.3125090718531,22.8514420817966));
#4369=CARTESIAN_POINT('Ctrl Pts',(-403.32652860657,-88.887043225719,7.66699398944569));
#4370=CARTESIAN_POINT('Ctrl Pts',(-402.096063624788,-89.2977288660213,3.68394295289555));
#4371=CARTESIAN_POINT('Ctrl Pts',(-398.646738995022,-90.4634583946172,-7.53697003761351));
#4372=CARTESIAN_POINT('Ctrl Pts',(-396.444214774154,-91.2160399447349,-14.7782141319013));
#4373=CARTESIAN_POINT('Ctrl Pts',(-390.911807829144,-93.0130521041001,-33.2832869546093));
#4374=CARTESIAN_POINT('Ctrl Pts',(-387.626753548441,-94.0118822858788,-44.5643334787725));
#4375=CARTESIAN_POINT('Ctrl Pts',(-382.845618030346,-95.3743221249243,-61.5532597109905));
#4376=CARTESIAN_POINT('Ctrl Pts',(-381.276140373997,-95.805588939285,-67.2275713573735));
#4377=CARTESIAN_POINT('Ctrl Pts',(-378.189565831927,-96.6223801251531,-78.6033831939026));
#4378=CARTESIAN_POINT('Ctrl Pts',(-376.672470456181,-97.0078995108197,-84.3048935447908));
#4379=CARTESIAN_POINT('Ctrl Pts',(-374.811164386319,-97.4616002279674,-91.4518445112215));
#4380=CARTESIAN_POINT('Ctrl Pts',(-374.440655759171,-97.5509320733061,-92.8822383572396));
#4381=CARTESIAN_POINT('Ctrl Pts',(-373.951366592943,-97.6676143153463,-94.7817033729125));
#4382=CARTESIAN_POINT('Ctrl Pts',(-373.830995977523,-97.696215171329,-95.2498434107579));
#4383=CARTESIAN_POINT('Ctrl Pts',(-373.647215454498,-97.7397237455935,-95.9659046057678));
#4384=CARTESIAN_POINT('Ctrl Pts',(-373.583667834275,-97.7547389901569,-96.2137445391149));
#4385=CARTESIAN_POINT('Ctrl Pts',(-373.336703439003,-97.812979418109,-97.1778606638443));
#4386=CARTESIAN_POINT('Ctrl Pts',(-373.153681466556,-97.8558975067334,-97.894370577513));
#4387=CARTESIAN_POINT('Ctrl Pts',(-372.240831099852,-98.0687496217659,-101.478272120584));
#4388=CARTESIAN_POINT('Ctrl Pts',(-371.517782085271,-98.233467264589,-104.349719880289));
#4389=CARTESIAN_POINT('Ctrl Pts',(-369.370960038479,-98.7111946146809,-112.977974461356));
#4390=CARTESIAN_POINT('Ctrl Pts',(-367.969524457496,-99.0077650093171,-118.748700426118));
#4391=CARTESIAN_POINT('Ctrl Pts',(-366.59941329909,-99.2833216637794,-124.540403866941));
#4392=CARTESIAN_POINT('Ctrl Pts',(-433.254811719053,-58.6255389315598,142.321588907181));
#4393=CARTESIAN_POINT('Ctrl Pts',(-433.178537052254,-58.8583814374626,142.06530698088));
#4394=CARTESIAN_POINT('Ctrl Pts',(-433.102191095797,-59.0891008730665,141.807337022081));
#4395=CARTESIAN_POINT('Ctrl Pts',(-432.801267859034,-59.9890012754353,140.784827843017));
#4396=CARTESIAN_POINT('Ctrl Pts',(-432.576086807277,-60.64156713041,140.007169376));
#4397=CARTESIAN_POINT('Ctrl Pts',(-432.047033731728,-62.1226028869786,138.151550327525));
#4398=CARTESIAN_POINT('Ctrl Pts',(-431.742465677739,-62.9352586450539,137.061420208727));
#4399=CARTESIAN_POINT('Ctrl Pts',(-430.822893891922,-65.2638486692379,133.710582565823));
#4400=CARTESIAN_POINT('Ctrl Pts',(-430.201927075206,-66.6690014830597,131.368427203985));
#4401=CARTESIAN_POINT('Ctrl Pts',(-428.309049292518,-70.4796357055202,124.079390410296));
#4402=CARTESIAN_POINT('Ctrl Pts',(-427.006448477123,-72.4834390481125,118.879205214455));
#4403=CARTESIAN_POINT('Ctrl Pts',(-422.968147121826,-77.5515370827635,102.890878402229));
#4404=CARTESIAN_POINT('Ctrl Pts',(-420.103815286004,-79.7789757729449,91.7880770236414));
#4405=CARTESIAN_POINT('Ctrl Pts',(-416.712495359456,-81.9524601028905,79.2808334547662));
#4406=CARTESIAN_POINT('Ctrl Pts',(-416.322916779354,-82.194184294825,77.851785314248));
#4407=CARTESIAN_POINT('Ctrl Pts',(-413.283625399653,-84.0251351862412,66.7619930503905));
#4408=CARTESIAN_POINT('Ctrl Pts',(-410.535471473035,-85.3713731879433,57.080067985702));
#4409=CARTESIAN_POINT('Ctrl Pts',(-404.45853553617,-88.0558059719485,36.2708882777945));
#4410=CARTESIAN_POINT('Ctrl Pts',(-401.120148875442,-89.3735019077761,25.145104704282));
#4411=CARTESIAN_POINT('Ctrl Pts',(-396.467387621652,-91.0976745153749,10.010999417634));
#4412=CARTESIAN_POINT('Ctrl Pts',(-395.237139637805,-91.5432587746707,6.03988957832106));
#4413=CARTESIAN_POINT('Ctrl Pts',(-391.78145202984,-92.7797757847064,-5.15300839109289));
#4414=CARTESIAN_POINT('Ctrl Pts',(-389.565619520641,-93.5394381538301,-12.3837768042919));
#4415=CARTESIAN_POINT('Ctrl Pts',(-383.998510505733,-95.3380220211516,-30.8662864582667));
#4416=CARTESIAN_POINT('Ctrl Pts',(-380.692711778267,-96.3298969175945,-42.1360493846313));
#4417=CARTESIAN_POINT('Ctrl Pts',(-375.883808390548,-97.6816310183805,-59.1086764636626));
#4418=CARTESIAN_POINT('Ctrl Pts',(-374.305515891629,-98.1087268121469,-64.777798401394));
#4419=CARTESIAN_POINT('Ctrl Pts',(-371.202302215097,-98.9160071421371,-76.1438607946664));
#4420=CARTESIAN_POINT('Ctrl Pts',(-369.677383847134,-99.2961882468151,-81.8408138389245));
#4421=CARTESIAN_POINT('Ctrl Pts',(-367.806992552833,-99.7425608986767,-88.9825791702463));
#4422=CARTESIAN_POINT('Ctrl Pts',(-367.434701531487,-99.8303945121675,-90.4119614479409));
#4423=CARTESIAN_POINT('Ctrl Pts',(-366.943094288766,-99.9450469221306,-92.3101199285429));
#4424=CARTESIAN_POINT('Ctrl Pts',(-366.822156292957,-99.973144265562,-92.7779409181857));
#4425=CARTESIAN_POINT('Ctrl Pts',(-366.637513966208,-100.015877783787,-93.4935187000577));
#4426=CARTESIAN_POINT('Ctrl Pts',(-366.573669170689,-100.030623874077,-93.7411921586751));
#4427=CARTESIAN_POINT('Ctrl Pts',(-366.325553070298,-100.087813815574,-94.7046639872016));
#4428=CARTESIAN_POINT('Ctrl Pts',(-366.141684466741,-100.129943787451,-95.4207021640675));
#4429=CARTESIAN_POINT('Ctrl Pts',(-365.224646307385,-100.338817568783,-99.0022804318683));
#4430=CARTESIAN_POINT('Ctrl Pts',(-364.498392279415,-100.5002316817,-101.871982951405));
#4431=CARTESIAN_POINT('Ctrl Pts',(-362.342408344308,-100.967717777549,-110.495372815638));
#4432=CARTESIAN_POINT('Ctrl Pts',(-360.935469955767,-101.2570196095,-116.263351491368));
#4433=CARTESIAN_POINT('Ctrl Pts',(-359.56049743921,-101.524957642215,-122.052873030158));
#4434=CARTESIAN_POINT('Ctrl Pts',(-427.091914933556,-59.3042004327512,144.197578311274));
#4435=CARTESIAN_POINT('Ctrl Pts',(-427.016471187825,-59.5469165004856,143.946577726214));
#4436=CARTESIAN_POINT('Ctrl Pts',(-426.940956225156,-59.7873000190794,143.693652882998));
#4437=CARTESIAN_POINT('Ctrl Pts',(-426.64330036912,-60.7243855209957,142.690068356538));
#4438=CARTESIAN_POINT('Ctrl Pts',(-426.420546639778,-61.4027894066002,141.924469662721));
#4439=CARTESIAN_POINT('Ctrl Pts',(-425.897076810986,-62.9393301271943,140.092142174539));
#4440=CARTESIAN_POINT('Ctrl Pts',(-425.595631123399,-63.7799562036556,139.011557748879));
#4441=CARTESIAN_POINT('Ctrl Pts',(-424.684967628401,-66.1795765587448,135.677290313748));
#4442=CARTESIAN_POINT('Ctrl Pts',(-424.069269481117,-67.6138271827082,133.328864504568));
#4443=CARTESIAN_POINT('Ctrl Pts',(-422.189499677496,-71.4691774896848,125.989969099614));
#4444=CARTESIAN_POINT('Ctrl Pts',(-420.892110814932,-73.4541564285369,120.727015629253));
#4445=CARTESIAN_POINT('Ctrl Pts',(-416.866900833169,-78.531862943587,104.646560248429));
#4446=CARTESIAN_POINT('Ctrl Pts',(-414.009160696322,-80.8446426208634,93.574356017652));
#4447=CARTESIAN_POINT('Ctrl Pts',(-410.627013541529,-83.1417543576812,81.1066468770627));
#4448=CARTESIAN_POINT('Ctrl Pts',(-410.238488580169,-83.3979387990021,79.6823055054972));
#4449=CARTESIAN_POINT('Ctrl Pts',(-407.207396867857,-85.3428892670512,68.6298725875232));
#4450=CARTESIAN_POINT('Ctrl Pts',(-404.467431424164,-86.7976717181129,58.9839637102804));
#4451=CARTESIAN_POINT('Ctrl Pts',(-398.408833745091,-89.7126245548086,38.2480301507401));
#4452=CARTESIAN_POINT('Ctrl Pts',(-395.076124177921,-91.1542054900304,27.1580538915561));
#4453=CARTESIAN_POINT('Ctrl Pts',(-390.445110792925,-93.0254868883941,12.0722788244482));
#4454=CARTESIAN_POINT('Ctrl Pts',(-389.22094761648,-93.5057653388853,8.11336452142194));
#4455=CARTESIAN_POINT('Ctrl Pts',(-385.769007352955,-94.8010716490564,-3.05366570836152));
#4456=CARTESIAN_POINT('Ctrl Pts',(-383.539488419552,-95.5515367076341,-10.2781028627654));
#4457=CARTESIAN_POINT('Ctrl Pts',(-377.943197825106,-97.3469170123297,-28.7426058855026));
#4458=CARTESIAN_POINT('Ctrl Pts',(-374.620253842992,-98.3371205582622,-40.0023462579379));
#4459=CARTESIAN_POINT('Ctrl Pts',(-369.787536328042,-99.6802376333679,-56.9610605347096));
#4460=CARTESIAN_POINT('Ctrl Pts',(-368.201639931181,-100.103769943337,-62.6257505341786));
#4461=CARTESIAN_POINT('Ctrl Pts',(-365.084073050355,-100.902755508046,-73.9835078963144));
#4462=CARTESIAN_POINT('Ctrl Pts',(-363.55240447444,-101.278202621599,-79.6765906807016));
#4463=CARTESIAN_POINT('Ctrl Pts',(-361.67419398289,-101.718035788307,-86.8139847469823));
#4464=CARTESIAN_POINT('Ctrl Pts',(-361.300369966353,-101.804530406324,-88.2425160856914));
#4465=CARTESIAN_POINT('Ctrl Pts',(-360.806770588948,-101.917366637509,-90.1395781350468));
#4466=CARTESIAN_POINT('Ctrl Pts',(-360.685345109641,-101.945013303756,-90.6071316006742));
#4467=CARTESIAN_POINT('Ctrl Pts',(-360.499962565356,-101.987052859292,-91.3223043825493));
#4468=CARTESIAN_POINT('Ctrl Pts',(-360.435862566725,-102.00155791019,-91.5698384335189));
#4469=CARTESIAN_POINT('Ctrl Pts',(-360.186757551594,-102.057806954072,-92.5327709748507));
#4470=CARTESIAN_POINT('Ctrl Pts',(-360.002162311766,-102.099230693409,-93.2484148448801));
#4471=CARTESIAN_POINT('Ctrl Pts',(-359.081531694971,-102.304537999361,-96.8280540357845));
#4472=CARTESIAN_POINT('Ctrl Pts',(-358.352534010843,-102.462985961758,-99.6963092440915));
#4473=CARTESIAN_POINT('Ctrl Pts',(-356.188727525843,-102.921269761646,-108.315697925638));
#4474=CARTESIAN_POINT('Ctrl Pts',(-354.777119676048,-103.204031770435,-114.081464709149));
#4475=CARTESIAN_POINT('Ctrl Pts',(-353.398058013812,-103.465118844125,-119.869292976251));
#4476=CARTESIAN_POINT('Ctrl Pts',(-417.325050239863,-59.8490615367193,146.921413268104));
#4477=CARTESIAN_POINT('Ctrl Pts',(-417.250903369852,-60.112889903048,146.684754476177));
#4478=CARTESIAN_POINT('Ctrl Pts',(-417.176691747185,-60.3739943659959,146.445575848825));
#4479=CARTESIAN_POINT('Ctrl Pts',(-416.884165878478,-61.3906700901894,145.493345202421));
#4480=CARTESIAN_POINT('Ctrl Pts',(-416.665231470332,-62.1239629941761,144.759834126977));
#4481=CARTESIAN_POINT('Ctrl Pts',(-416.150320930065,-63.7733807432969,142.984290177052));
#4482=CARTESIAN_POINT('Ctrl Pts',(-415.853473121551,-64.6664325960149,141.921935066369));
#4483=CARTESIAN_POINT('Ctrl Pts',(-414.955169535349,-67.1858858729553,138.606024993215));
#4484=CARTESIAN_POINT('Ctrl Pts',(-414.345735044157,-68.6501768061914,136.223477104042));
#4485=CARTESIAN_POINT('Ctrl Pts',(-412.480835584956,-72.5519277612593,128.775453653996));
#4486=CARTESIAN_POINT('Ctrl Pts',(-411.189376229896,-74.5420094746388,123.458868382127));
#4487=CARTESIAN_POINT('Ctrl Pts',(-407.183419897135,-79.7870168063423,107.367058134877));
#4488=CARTESIAN_POINT('Ctrl Pts',(-404.338697158076,-82.3228500645295,96.3873616212574));
#4489=CARTESIAN_POINT('Ctrl Pts',(-400.972333735479,-84.8567970750834,83.9964376964857));
#4490=CARTESIAN_POINT('Ctrl Pts',(-400.585617629531,-85.1400861438036,82.5808512744528));
#4491=CARTESIAN_POINT('Ctrl Pts',(-397.56855221676,-87.2950771338723,71.5958520088758));
#4492=CARTESIAN_POINT('Ctrl Pts',(-394.840319051318,-88.9300852906398,62.0044620752277));
#4493=CARTESIAN_POINT('Ctrl Pts',(-388.808294774113,-92.2048521789121,41.3750974497262));
#4494=CARTESIAN_POINT('Ctrl Pts',(-385.483443707274,-93.8232497679218,30.334148987036));
#4495=CARTESIAN_POINT('Ctrl Pts',(-380.870369617618,-95.8548577630194,15.3063692453438));
#4496=CARTESIAN_POINT('Ctrl Pts',(-379.651262901897,-96.3681215655902,11.3616492716141));
#4497=CARTESIAN_POINT('Ctrl Pts',(-376.206747708001,-97.7371084765381,0.230159196157323));
#4498=CARTESIAN_POINT('Ctrl Pts',(-373.97590345917,-98.5277927678944,-6.97468743190486));
#4499=CARTESIAN_POINT('Ctrl Pts',(-368.362823399594,-100.39938479729,-25.3969230395924));
#4500=CARTESIAN_POINT('Ctrl Pts',(-365.017892251063,-101.400769064864,-36.6384181191488));
#4501=CARTESIAN_POINT('Ctrl Pts',(-360.154089334682,-102.747972122642,-53.5721804990174));
#4502=CARTESIAN_POINT('Ctrl Pts',(-358.557808902652,-103.170186178223,-59.2291658758387));
#4503=CARTESIAN_POINT('Ctrl Pts',(-355.420328949477,-103.96306275181,-70.5727392381543));
#4504=CARTESIAN_POINT('Ctrl Pts',(-353.87911923613,-104.333688406865,-76.2593519276642));
#4505=CARTESIAN_POINT('Ctrl Pts',(-351.989806644166,-104.76592309646,-83.3895501375598));
#4506=CARTESIAN_POINT('Ctrl Pts',(-351.613802819771,-104.850818321979,-84.8166870300623));
#4507=CARTESIAN_POINT('Ctrl Pts',(-351.117368457807,-104.961434538851,-86.7119601562892));
#4508=CARTESIAN_POINT('Ctrl Pts',(-350.995249071042,-104.98852631936,-87.1790777820883));
#4509=CARTESIAN_POINT('Ctrl Pts',(-350.808812611018,-105.029705599865,-87.8935917253325));
#4510=CARTESIAN_POINT('Ctrl Pts',(-350.74434920434,-105.043910785173,-88.1408991732262));
#4511=CARTESIAN_POINT('Ctrl Pts',(-350.49383588034,-105.098985233128,-89.102955810039));
#4512=CARTESIAN_POINT('Ctrl Pts',(-350.30820555382,-105.13951866373,-89.817960744132));
#4513=CARTESIAN_POINT('Ctrl Pts',(-349.382456729576,-105.340289358538,-93.3944651102913));
#4514=CARTESIAN_POINT('Ctrl Pts',(-348.649547916666,-105.494836269348,-96.2604040721266));
#4515=CARTESIAN_POINT('Ctrl Pts',(-346.474607180345,-105.940721425293,-104.873454702019));
#4516=CARTESIAN_POINT('Ctrl Pts',(-345.056378165032,-106.214294034883,-110.635811952153));
#4517=CARTESIAN_POINT('Ctrl Pts',(-343.671586402708,-106.465531292103,-116.421126332941));
#4518=CARTESIAN_POINT('Ctrl Pts',(-413.7528248221,-59.9387239928713,147.868317486886));
#4519=CARTESIAN_POINT('Ctrl Pts',(-413.679153390029,-60.211548786206,147.638199147961));
#4520=CARTESIAN_POINT('Ctrl Pts',(-413.605418365721,-60.4814360724924,147.405213645538));
#4521=CARTESIAN_POINT('Ctrl Pts',(-413.314762123964,-61.5316579048156,146.475855073943));
#4522=CARTESIAN_POINT('Ctrl Pts',(-413.097205379354,-62.2876541049571,145.756027119093));
#4523=CARTESIAN_POINT('Ctrl Pts',(-412.585372399771,-63.9836183723991,144.00487951461));
#4524=CARTESIAN_POINT('Ctrl Pts',(-412.290177179271,-64.898318053437,142.950764969536));
#4525=CARTESIAN_POINT('Ctrl Pts',(-411.396095855934,-67.4639688351734,139.640771255822));
#4526=CARTESIAN_POINT('Ctrl Pts',(-410.78836528997,-68.9323334718225,137.236010473821));
#4527=CARTESIAN_POINT('Ctrl Pts',(-408.927394445685,-72.8411202926184,129.737411308517));
#4528=CARTESIAN_POINT('Ctrl Pts',(-407.637801258149,-74.8459023395388,124.418200760105));
#4529=CARTESIAN_POINT('Ctrl Pts',(-403.638821872846,-80.1885716072424,108.353547797512));
#4530=CARTESIAN_POINT('Ctrl Pts',(-400.799439543215,-82.8216473735042,97.4137240822512));
#4531=CARTESIAN_POINT('Ctrl Pts',(-397.439082107793,-85.4496972596715,85.053025235628));
#4532=CARTESIAN_POINT('Ctrl Pts',(-397.053053394552,-85.7436611502157,83.640827274609));
#4533=CARTESIAN_POINT('Ctrl Pts',(-394.041320327483,-87.9808240993094,72.6816406206456));
#4534=CARTESIAN_POINT('Ctrl Pts',(-391.317346592749,-89.6834628275431,63.109745155945));
#4535=CARTESIAN_POINT('Ctrl Pts',(-385.294408034936,-93.0886414360916,42.5173444299136));
#4536=CARTESIAN_POINT('Ctrl Pts',(-381.972330649246,-94.7672490737705,31.4927693873249));
#4537=CARTESIAN_POINT('Ctrl Pts',(-377.364099743426,-96.8483342695024,16.483477114797));
#4538=CARTESIAN_POINT('Ctrl Pts',(-376.146442804344,-97.3715506380356,12.5432914572439));
#4539=CARTESIAN_POINT('Ctrl Pts',(-372.705536937851,-98.7673610111556,1.42422985886437));
#4540=CARTESIAN_POINT('Ctrl Pts',(-370.476938030704,-99.5791878469424,-5.77237018862778));
#4541=CARTESIAN_POINT('Ctrl Pts',(-364.862032859786,-101.488728822898,-24.1774222122157));
#4542=CARTESIAN_POINT('Ctrl Pts',(-361.510269071464,-102.497357840392,-35.4116794532455));
#4543=CARTESIAN_POINT('Ctrl Pts',(-356.636429212845,-103.849470543505,-52.3357449704004));
#4544=CARTESIAN_POINT('Ctrl Pts',(-355.036692805662,-104.272067990272,-57.9897735713703));
#4545=CARTESIAN_POINT('Ctrl Pts',(-351.892511989967,-105.064121035932,-69.3279504900906));
#4546=CARTESIAN_POINT('Ctrl Pts',(-350.348051916651,-105.433527587671,-75.0121271577302));
#4547=CARTESIAN_POINT('Ctrl Pts',(-348.454945872372,-105.86354611003,-82.1396378037057));
#4548=CARTESIAN_POINT('Ctrl Pts',(-348.078196520593,-105.947962904738,-83.566255131212));
#4549=CARTESIAN_POINT('Ctrl Pts',(-347.580792049747,-106.057901487097,-85.4608632562682));
#4550=CARTESIAN_POINT('Ctrl Pts',(-347.458435174982,-106.084822849263,-85.9278189949709));
#4551=CARTESIAN_POINT('Ctrl Pts',(-347.271637959407,-106.125736398504,-86.6420884143579));
#4552=CARTESIAN_POINT('Ctrl Pts',(-347.207050154144,-106.139848686393,-86.8893117958943));
#4553=CARTESIAN_POINT('Ctrl Pts',(-346.956054700473,-106.194558193174,-87.8510436226819));
#4554=CARTESIAN_POINT('Ctrl Pts',(-346.77006994954,-106.234812787082,-88.5658119194513));
#4555=CARTESIAN_POINT('Ctrl Pts',(-345.842568452979,-106.434152345227,-92.1411567217461));
#4556=CARTESIAN_POINT('Ctrl Pts',(-345.108319859199,-106.587436333005,-95.0062436425211));
#4557=CARTESIAN_POINT('Ctrl Pts',(-342.929568988239,-107.029235107703,-103.616976095505));
#4558=CARTESIAN_POINT('Ctrl Pts',(-341.509080095191,-107.299688663731,-109.378105663661));
#4559=CARTESIAN_POINT('Ctrl Pts',(-340.122348406138,-107.54753120303,-115.162535219906));
#4560=CARTESIAN_POINT('Ctrl Pts',(-406.862057735491,-59.7697050610767,149.470295047849));
#4561=CARTESIAN_POINT('Ctrl Pts',(-406.789236844524,-60.0633860853077,149.258891654687));
#4562=CARTESIAN_POINT('Ctrl Pts',(-406.716382864532,-60.3542242253435,149.044398511779));
#4563=CARTESIAN_POINT('Ctrl Pts',(-406.429237530524,-61.4857131969964,148.184977562239));
#4564=CARTESIAN_POINT('Ctrl Pts',(-406.214373081907,-62.299174062408,147.510245475742));
#4565=CARTESIAN_POINT('Ctrl Pts',(-405.707880195818,-64.1010639252597,145.82477536094));
#4566=CARTESIAN_POINT('Ctrl Pts',(-405.414919191109,-65.0528176051618,144.775862356512));
#4567=CARTESIAN_POINT('Ctrl Pts',(-404.525896434555,-67.6888421171403,141.445369396209));
#4568=CARTESIAN_POINT('Ctrl Pts',(-403.920458923895,-69.1752836878996,139.017400772661));
#4569=CARTESIAN_POINT('Ctrl Pts',(-402.066711034458,-73.173675810028,131.512403470756));
#4570=CARTESIAN_POINT('Ctrl Pts',(-400.781787618647,-75.262719601527,126.226610684374));
#4571=CARTESIAN_POINT('Ctrl Pts',(-396.798603665736,-80.8887001762088,110.272631166826));
#4572=CARTESIAN_POINT('Ctrl Pts',(-393.970220410185,-83.7113555307123,99.3969014078987));
#4573=CARTESIAN_POINT('Ctrl Pts',(-390.621634937149,-86.5281573844252,87.0933927198515));
#4574=CARTESIAN_POINT('Ctrl Pts',(-390.236945394931,-86.8434050707376,85.6875521550821));
#4575=CARTESIAN_POINT('Ctrl Pts',(-387.23555922636,-89.243662816386,74.7765560366323));
#4576=CARTESIAN_POINT('Ctrl Pts',(-384.519794398883,-91.0769852792528,65.2402740314076));
#4577=CARTESIAN_POINT('Ctrl Pts',(-378.513133496973,-94.7281075161791,44.7144395483269));
#4578=CARTESIAN_POINT('Ctrl Pts',(-375.19621777902,-96.5134652202631,33.7185174309118));
#4579=CARTESIAN_POINT('Ctrl Pts',(-370.598355338474,-98.6918287470085,18.7430722487284));
#4580=CARTESIAN_POINT('Ctrl Pts',(-369.384004950274,-99.2369932309994,14.8114707122444));
#4581=CARTESIAN_POINT('Ctrl Pts',(-365.95239583717,-100.693859809754,3.71653094172892));
#4582=CARTESIAN_POINT('Ctrl Pts',(-363.728797682674,-101.545237990816,-3.4646480879266));
#4583=CARTESIAN_POINT('Ctrl Pts',(-358.112794288253,-103.526638954157,-21.8367032804881));
#4584=CARTESIAN_POINT('Ctrl Pts',(-354.751089234288,-104.557015611211,-33.0553729013411));
#4585=CARTESIAN_POINT('Ctrl Pts',(-349.860867109259,-105.925517337877,-49.9593740328984));
#4586=CARTESIAN_POINT('Ctrl Pts',(-348.255299213578,-106.350834834842,-55.607324322691));
#4587=CARTESIAN_POINT('Ctrl Pts',(-345.099643587076,-107.144656617365,-66.9344964587148));
#4588=CARTESIAN_POINT('Ctrl Pts',(-343.549532083439,-107.513100699997,-72.6137513926682));
#4589=CARTESIAN_POINT('Ctrl Pts',(-341.64980214249,-107.940327990695,-79.7358743522422));
#4590=CARTESIAN_POINT('Ctrl Pts',(-341.271749361443,-108.024105966104,-81.1614525092334));
#4591=CARTESIAN_POINT('Ctrl Pts',(-340.77264755781,-108.133099136892,-83.0547335158116));
#4592=CARTESIAN_POINT('Ctrl Pts',(-340.649875056643,-108.159779671266,-83.5213664276251));
#4593=CARTESIAN_POINT('Ctrl Pts',(-340.462446374187,-108.20031324249,-84.2351485966819));
#4594=CARTESIAN_POINT('Ctrl Pts',(-340.397640790491,-108.214291888003,-84.482204531094));
#4595=CARTESIAN_POINT('Ctrl Pts',(-340.145801255177,-108.268473375413,-85.4432896490506));
#4596=CARTESIAN_POINT('Ctrl Pts',(-339.959195844117,-108.308318087474,-86.1575873564828));
#4597=CARTESIAN_POINT('Ctrl Pts',(-339.028624677554,-108.505524011744,-89.7306289173579));
#4598=CARTESIAN_POINT('Ctrl Pts',(-338.29202831943,-108.656832183676,-92.5940323214591));
#4599=CARTESIAN_POINT('Ctrl Pts',(-336.106609674384,-109.092029176482,-101.200208223569));
#4600=CARTESIAN_POINT('Ctrl Pts',(-334.68217928994,-109.357187508048,-106.958959572317));
#4601=CARTESIAN_POINT('Ctrl Pts',(-333.292102406957,-109.599117118104,-112.74170847819));
#4602=CARTESIAN_POINT('Ctrl Pts',(-403.544129659242,-59.50068911791,150.103930711992));
#4603=CARTESIAN_POINT('Ctrl Pts',(-403.471751670351,-59.807570039504,149.906966435143));
#4604=CARTESIAN_POINT('Ctrl Pts',(-403.399412423684,-60.1127741529316,149.708186283578));
#4605=CARTESIAN_POINT('Ctrl Pts',(-403.114493774034,-61.3036356833978,148.913161653226));
#4606=CARTESIAN_POINT('Ctrl Pts',(-402.901752002887,-62.1679090904009,148.292323874446));
#4607=CARTESIAN_POINT('Ctrl Pts',(-402.398370967044,-64.0447733700297,146.668371733348));
#4608=CARTESIAN_POINT('Ctrl Pts',(-402.105380446355,-64.9978760804552,145.594541550128));
#4609=CARTESIAN_POINT('Ctrl Pts',(-401.216031055314,-67.6321862241278,142.199847250513));
#4610=CARTESIAN_POINT('Ctrl Pts',(-400.611918338995,-69.1485795649986,139.795003842845));
#4611=CARTESIAN_POINT('Ctrl Pts',(-398.762389826591,-73.2423228527726,132.345306845531));
#4612=CARTESIAN_POINT('Ctrl Pts',(-397.480166361005,-75.3918708638639,127.082155500596));
#4613=CARTESIAN_POINT('Ctrl Pts',(-393.505790682074,-81.193079721177,111.20253080955));
#4614=CARTESIAN_POINT('Ctrl Pts',(-390.682957072087,-84.1075455522517,100.352639762013));
#4615=CARTESIAN_POINT('Ctrl Pts',(-387.340130925587,-87.0183797746769,88.0761661049704));
#4616=CARTESIAN_POINT('Ctrl Pts',(-386.95609280165,-87.344179557404,86.6733098692352));
#4617=CARTESIAN_POINT('Ctrl Pts',(-383.95971646446,-89.8249779116932,75.7848270148841));
#4618=CARTESIAN_POINT('Ctrl Pts',(-381.247866168268,-91.7212661858686,66.2647875613593));
#4619=CARTESIAN_POINT('Ctrl Pts',(-375.248551732505,-95.4884572879859,45.7689687497322));
#4620=CARTESIAN_POINT('Ctrl Pts',(-371.934056092333,-97.3214671271829,34.7856050491206));
#4621=CARTESIAN_POINT('Ctrl Pts',(-367.341625151123,-99.5473631808012,19.8256544675394));
#4622=CARTESIAN_POINT('Ctrl Pts',(-366.129061613063,-100.104081080852,15.8980884050569));
#4623=CARTESIAN_POINT('Ctrl Pts',(-362.702774005256,-101.593500727984,4.81469698066337));
#4624=CARTESIAN_POINT('Ctrl Pts',(-360.481931748704,-102.463652894378,-2.35923380995604));
#4625=CARTESIAN_POINT('Ctrl Pts',(-354.866598752087,-104.479721205517,-20.7153859701061));
#4626=CARTESIAN_POINT('Ctrl Pts',(-351.501488461903,-105.523807643342,-31.9258690437575));
#4627=CARTESIAN_POINT('Ctrl Pts',(-346.604681861202,-106.903197679651,-48.819624271405));
#4628=CARTESIAN_POINT('Ctrl Pts',(-344.996672727225,-107.330685568561,-54.4644862311146));
#4629=CARTESIAN_POINT('Ctrl Pts',(-341.836130340784,-108.126822165261,-65.786102813482));
#4630=CARTESIAN_POINT('Ctrl Pts',(-340.283570416836,-108.495410277276,-71.4628918454423));
#4631=CARTESIAN_POINT('Ctrl Pts',(-338.380957164049,-108.921943459814,-78.582333058428));
#4632=CARTESIAN_POINT('Ctrl Pts',(-338.002336228945,-109.005538335365,-80.0073949643571));
#4633=CARTESIAN_POINT('Ctrl Pts',(-337.502493974411,-109.11423489399,-81.9000179057326));
#4634=CARTESIAN_POINT('Ctrl Pts',(-337.379540111128,-109.140838018787,-82.3664908439761));
#4635=CARTESIAN_POINT('Ctrl Pts',(-337.191835823,-109.1812467942,-83.0800317159943));
#4636=CARTESIAN_POINT('Ctrl Pts',(-337.126935171716,-109.195181075475,-83.327004755626));
#4637=CARTESIAN_POINT('Ctrl Pts',(-336.874727157762,-109.249185503939,-84.2877698306008));
#4638=CARTESIAN_POINT('Ctrl Pts',(-336.687850725995,-109.28888901367,-85.0018348917965));
#4639=CARTESIAN_POINT('Ctrl Pts',(-335.75593894551,-109.485342775229,-88.5737389508471));
#4640=CARTESIAN_POINT('Ctrl Pts',(-335.018316665899,-109.635901836035,-91.4363146910762));
#4641=CARTESIAN_POINT('Ctrl Pts',(-332.829988696303,-110.068483230922,-100.040260659776));
#4642=CARTESIAN_POINT('Ctrl Pts',(-331.403845020074,-110.331409764461,-105.797863119568));
#4643=CARTESIAN_POINT('Ctrl Pts',(-330.012332624401,-110.570772695543,-111.579814703751));
#4644=CARTESIAN_POINT('Ctrl Pts',(-399.92869472783,-59.0429000150856,150.634509730835));
#4645=CARTESIAN_POINT('Ctrl Pts',(-399.856058531059,-59.3515525764257,150.439169313697));
#4646=CARTESIAN_POINT('Ctrl Pts',(-399.783484429288,-59.6588864430999,150.242360029917));
#4647=CARTESIAN_POINT('Ctrl Pts',(-399.497755181648,-60.8599666256421,149.456981742844));
#4648=CARTESIAN_POINT('Ctrl Pts',(-399.284662824219,-61.7359497507321,148.847561054436));
#4649=CARTESIAN_POINT('Ctrl Pts',(-398.781450766777,-63.6577093387463,147.270525640325));
#4650=CARTESIAN_POINT('Ctrl Pts',(-398.489385931831,-64.6514202184092,146.241129681071));
#4651=CARTESIAN_POINT('Ctrl Pts',(-397.602668324075,-67.3965511626515,142.951108431737));
#4652=CARTESIAN_POINT('Ctrl Pts',(-396.999887539444,-68.9679232371595,140.574376470598));
#4653=CARTESIAN_POINT('Ctrl Pts',(-395.15540334833,-73.2270534761534,133.224206540372));
#4654=CARTESIAN_POINT('Ctrl Pts',(-393.876682466355,-75.4630700212357,128.001863283097));
#4655=CARTESIAN_POINT('Ctrl Pts',(-389.911961477459,-81.4823508258257,112.211219589095));
#4656=CARTESIAN_POINT('Ctrl Pts',(-387.095185487683,-84.5017396416583,101.391846387574));
#4657=CARTESIAN_POINT('Ctrl Pts',(-383.758462392977,-87.5183682577918,89.1452659606346));
#4658=CARTESIAN_POINT('Ctrl Pts',(-383.37511217063,-87.8559966523824,87.7456964806162));
#4659=CARTESIAN_POINT('Ctrl Pts',(-380.384005521194,-90.4267610915007,76.8818950749091));
#4660=CARTESIAN_POINT('Ctrl Pts',(-377.676213585597,-92.3915881845575,67.3790393668994));
#4661=CARTESIAN_POINT('Ctrl Pts',(-371.684546036993,-96.2840358602217,46.9149278139737));
#4662=CARTESIAN_POINT('Ctrl Pts',(-368.372897623894,-98.1678780431836,35.9447310866541));
#4663=CARTESIAN_POINT('Ctrl Pts',(-363.786771984848,-100.447191441608,21.0014025063327));
#4664=CARTESIAN_POINT('Ctrl Pts',(-362.576188919809,-101.016986917131,17.0781611433078));
#4665=CARTESIAN_POINT('Ctrl Pts',(-359.155509690485,-102.541860879433,6.00697396803428));
#4666=CARTESIAN_POINT('Ctrl Pts',(-356.937572357432,-103.431737007535,-1.15933030979432));
#4667=CARTESIAN_POINT('Ctrl Pts',(-351.324477789312,-105.488696631292,-19.4976708606489));
#4668=CARTESIAN_POINT('Ctrl Pts',(-347.956870110341,-106.550124519452,-30.698629250269));
#4669=CARTESIAN_POINT('Ctrl Pts',(-343.054250660087,-107.944329178603,-47.580555287285));
#4670=CARTESIAN_POINT('Ctrl Pts',(-341.443990819556,-108.375092947051,-53.221854303863));
#4671=CARTESIAN_POINT('Ctrl Pts',(-338.27885966328,-109.175372849154,-64.5370877432709));
#4672=CARTESIAN_POINT('Ctrl Pts',(-336.723959585194,-109.544830731586,-70.211057172427));
#4673=CARTESIAN_POINT('Ctrl Pts',(-334.818578269945,-109.971392702026,-77.3274478299998));
#4674=CARTESIAN_POINT('Ctrl Pts',(-334.439411193158,-110.054939877715,-78.7519233702519));
#4675=CARTESIAN_POINT('Ctrl Pts',(-333.938856759043,-110.163508208857,-80.6437999804294));
#4676=CARTESIAN_POINT('Ctrl Pts',(-333.815728422305,-110.190074504242,-81.1100915809413));
#4677=CARTESIAN_POINT('Ctrl Pts',(-333.627758963989,-110.230419184281,-81.8233590705682));
#4678=CARTESIAN_POINT('Ctrl Pts',(-333.56276684479,-110.244329859944,-82.0702382187976));
#4679=CARTESIAN_POINT('Ctrl Pts',(-333.310204261852,-110.298237017909,-83.0306408943154));
#4680=CARTESIAN_POINT('Ctrl Pts',(-333.123067001796,-110.337856557641,-83.7444427351392));
#4681=CARTESIAN_POINT('Ctrl Pts',(-332.189865045952,-110.533834481521,-87.3150608508719));
#4682=CARTESIAN_POINT('Ctrl Pts',(-331.451255549948,-110.683834095364,-90.1767043482329));
#4683=CARTESIAN_POINT('Ctrl Pts',(-329.260135475774,-111.114289179444,-98.7781478188556));
#4684=CARTESIAN_POINT('Ctrl Pts',(-327.832358458289,-111.3752044265,-104.534474559239));
#4685=CARTESIAN_POINT('Ctrl Pts',(-326.439503837198,-111.612147248521,-110.315553310623));
#4686=CARTESIAN_POINT('Ctrl Pts',(-399.639626704249,-59.0055776462142,150.676293975586));
#4687=CARTESIAN_POINT('Ctrl Pts',(-399.566965554606,-59.3142990694552,150.481000440649));
#4688=CARTESIAN_POINT('Ctrl Pts',(-399.494367747482,-59.6217192223224,150.284251792169));
#4689=CARTESIAN_POINT('Ctrl Pts',(-399.208552215274,-60.8232499048569,149.499219613544));
#4690=CARTESIAN_POINT('Ctrl Pts',(-398.995410752301,-61.6998073840707,148.890286731427));
#4691=CARTESIAN_POINT('Ctrl Pts',(-398.492183740115,-63.6247594126993,147.31663218266));
#4692=CARTESIAN_POINT('Ctrl Pts',(-398.200196625077,-64.6219165160453,146.291166398812));
#4693=CARTESIAN_POINT('Ctrl Pts',(-397.313704653305,-67.3765516678838,143.01054455838));
#4694=CARTESIAN_POINT('Ctrl Pts',(-396.711030589985,-68.9524911083606,140.636186179088));
#4695=CARTESIAN_POINT('Ctrl Pts',(-394.866948868703,-73.225205250769,133.294264146164));
#4696=CARTESIAN_POINT('Ctrl Pts',(-393.58850997927,-75.4682671140208,128.075282376726));
#4697=CARTESIAN_POINT('Ctrl Pts',(-389.624560223031,-81.505188216885,112.291848686531));
#4698=CARTESIAN_POINT('Ctrl Pts',(-386.808268336191,-84.5329967677131,101.474921174324));
#4699=CARTESIAN_POINT('Ctrl Pts',(-383.472031900809,-87.5581088687172,89.2307356748034));
#4700=CARTESIAN_POINT('Ctrl Pts',(-383.088736522454,-87.8966854816343,87.831429408704));
#4701=CARTESIAN_POINT('Ctrl Pts',(-380.098049848216,-90.4746597215674,76.9696037408078));
#4702=CARTESIAN_POINT('Ctrl Pts',(-377.390580989793,-92.4449672976498,67.4681190319078));
#4703=CARTESIAN_POINT('Ctrl Pts',(-371.399522279311,-96.3474226916338,47.0065364946838));
#4704=CARTESIAN_POINT('Ctrl Pts',(-368.088102890756,-98.2353215864293,36.0373891195403));
#4705=CARTESIAN_POINT('Ctrl Pts',(-363.502483462579,-100.518915106632,21.0953875660287));
#4706=CARTESIAN_POINT('Ctrl Pts',(-362.292058863168,-101.089759182077,17.1724914574496));
#4707=CARTESIAN_POINT('Ctrl Pts',(-358.871827159855,-102.617469141739,6.10227780483913));
#4708=CARTESIAN_POINT('Ctrl Pts',(-356.65412194101,-103.508918905733,-1.06341818569978));
#4709=CARTESIAN_POINT('Ctrl Pts',(-351.041216890343,-105.569170095627,-19.4003310429935));
#4710=CARTESIAN_POINT('Ctrl Pts',(-347.673417807715,-106.632001187052,-30.6005237045143));
#4711=CARTESIAN_POINT('Ctrl Pts',(-342.770342901738,-108.027410700672,-47.4814993182594));
#4712=CARTESIAN_POINT('Ctrl Pts',(-341.159905898644,-108.458442657283,-53.122512086436));
#4713=CARTESIAN_POINT('Ctrl Pts',(-337.994412879648,-109.259064980382,-64.4372328704629));
#4714=CARTESIAN_POINT('Ctrl Pts',(-336.439327939245,-109.628597301139,-70.1109759347906));
#4715=CARTESIAN_POINT('Ctrl Pts',(-334.533727862444,-110.055166966284,-77.2271217896615));
#4716=CARTESIAN_POINT('Ctrl Pts',(-334.154517628435,-110.138711369224,-78.6515502806209));
#4717=CARTESIAN_POINT('Ctrl Pts',(-333.653906900371,-110.24727078709,-80.5433670134942));
#4718=CARTESIAN_POINT('Ctrl Pts',(-333.530764766756,-110.273834464281,-81.0096440662496));
#4719=CARTESIAN_POINT('Ctrl Pts',(-333.342774347529,-110.31417451331,-81.7228896245657));
#4720=CARTESIAN_POINT('Ctrl Pts',(-333.277774998232,-110.32808347285,-81.9697612408676));
#4721=CARTESIAN_POINT('Ctrl Pts',(-333.025184387374,-110.381983510553,-82.9301348452595));
#4722=CARTESIAN_POINT('Ctrl Pts',(-332.83802651377,-110.421596816903,-83.6439155723024));
#4723=CARTESIAN_POINT('Ctrl Pts',(-331.904722571319,-110.617539055964,-87.2144305455677));
#4724=CARTESIAN_POINT('Ctrl Pts',(-331.166035033446,-110.767495702094,-90.0759992927181));
#4725=CARTESIAN_POINT('Ctrl Pts',(-328.974694310246,-111.19778574632,-98.6772421664021));
#4726=CARTESIAN_POINT('Ctrl Pts',(-327.54678829773,-111.458543067528,-104.433466737793));
#4727=CARTESIAN_POINT('Ctrl Pts',(-326.153827885762,-111.695294973637,-110.214475671606));
#4728=CARTESIAN_POINT('Ctrl Pts',(-395.734200919458,-58.4942577892567,151.234689252397));
#4729=CARTESIAN_POINT('Ctrl Pts',(-395.661151138354,-58.8030556403803,151.039062209335));
#4730=CARTESIAN_POINT('Ctrl Pts',(-395.58817445266,-59.1106618064519,150.8420109183));
#4731=CARTESIAN_POINT('Ctrl Pts',(-395.300939534636,-60.3140366073078,150.056779537927));
#4732=CARTESIAN_POINT('Ctrl Pts',(-395.086892417871,-61.194299850515,149.449747048861));
#4733=CARTESIAN_POINT('Ctrl Pts',(-394.583087865767,-63.1570796993561,147.916576829735));
#4734=CARTESIAN_POINT('Ctrl Pts',(-394.292114114685,-64.2015973140948,146.946480951648));
#4735=CARTESIAN_POINT('Ctrl Pts',(-393.408734216903,-67.0903089231272,143.802730142539));
#4736=CARTESIAN_POINT('Ctrl Pts',(-392.807541146873,-68.7311360609347,141.464137709428));
#4737=CARTESIAN_POINT('Ctrl Pts',(-390.968856391569,-73.1918871951563,134.237885607139));
#4738=CARTESIAN_POINT('Ctrl Pts',(-389.69423633193,-75.5317577405642,129.065446439565));
#4739=CARTESIAN_POINT('Ctrl Pts',(-385.740679803224,-81.8097700554706,113.380914274327));
#4740=CARTESIAN_POINT('Ctrl Pts',(-382.930920453988,-84.9517510353058,102.597080900156));
#4741=CARTESIAN_POINT('Ctrl Pts',(-379.601238286128,-88.0918230250993,90.3853379728223));
#4742=CARTESIAN_POINT('Ctrl Pts',(-379.218681311443,-88.4432448920233,88.9895957799415));
#4743=CARTESIAN_POINT('Ctrl Pts',(-376.233648113471,-91.11885979662,78.1545112599011));
#4744=CARTESIAN_POINT('Ctrl Pts',(-373.530524205703,-93.1632237884981,68.6715182793618));
#4745=CARTESIAN_POINT('Ctrl Pts',(-367.547657131862,-97.200811279527,48.2440366159124));
#4746=CARTESIAN_POINT('Ctrl Pts',(-364.239351560938,-99.1434376193526,37.2890279880169));
#4747=CARTESIAN_POINT('Ctrl Pts',(-359.660595380848,-101.484977911854,22.3649329223101));
#4748=CARTESIAN_POINT('Ctrl Pts',(-358.452311900164,-102.070024143618,18.4466947358167));
#4749=CARTESIAN_POINT('Ctrl Pts',(-355.038110143871,-103.636055649222,7.38960443199235));
#4750=CARTESIAN_POINT('Ctrl Pts',(-352.823538939727,-104.548728897875,0.232108794601255));
#4751=CARTESIAN_POINT('Ctrl Pts',(-347.213336244182,-106.653765518152,-18.0854635047086));
#4752=CARTESIAN_POINT('Ctrl Pts',(-343.843059934875,-107.73577188373,-29.2752552141576));
#4753=CARTESIAN_POINT('Ctrl Pts',(-338.933956060331,-109.14773158064,-46.1433273070961));
#4754=CARTESIAN_POINT('Ctrl Pts',(-337.32116316608,-109.582471049183,-51.7804539436028));
#4755=CARTESIAN_POINT('Ctrl Pts',(-334.150849050957,-110.387869892076,-63.0882170467098));
#4756=CARTESIAN_POINT('Ctrl Pts',(-332.593296834907,-110.758474225177,-68.7588890584393));
#4757=CARTESIAN_POINT('Ctrl Pts',(-330.684775864158,-111.185221033595,-75.8717150843286));
#4758=CARTESIAN_POINT('Ctrl Pts',(-330.304989195298,-111.26874215834,-77.2955056060559));
#4759=CARTESIAN_POINT('Ctrl Pts',(-329.803626704444,-111.377199348875,-79.1865105218985));
#4760=CARTESIAN_POINT('Ctrl Pts',(-329.680300393318,-111.403732086775,-79.6525903421076));
#4761=CARTESIAN_POINT('Ctrl Pts',(-329.492030049253,-111.444016279642,-80.365538579881));
#4762=CARTESIAN_POINT('Ctrl Pts',(-329.426934141604,-111.457904344197,-80.6123080879637));
#4763=CARTESIAN_POINT('Ctrl Pts',(-329.173969225273,-111.511717115683,-81.5722875955041));
#4764=CARTESIAN_POINT('Ctrl Pts',(-328.986535998076,-111.551252726995,-82.2857821177093));
#4765=CARTESIAN_POINT('Ctrl Pts',(-328.051870044072,-111.746744959402,-85.8548990447032));
#4766=CARTESIAN_POINT('Ctrl Pts',(-327.312140367545,-111.896145115759,-88.7154548890886));
#4767=CARTESIAN_POINT('Ctrl Pts',(-325.117853834752,-112.324273115413,-97.3139803868564));
#4768=CARTESIAN_POINT('Ctrl Pts',(-323.688226954791,-112.582936196953,-103.068822139512));
#4769=CARTESIAN_POINT('Ctrl Pts',(-322.293858058454,-112.81714404176,-108.848887239159));
#4770=CARTESIAN_POINT('Ctrl Pts',(-392.115590819932,-57.9757111839301,151.713481283219));
#4771=CARTESIAN_POINT('Ctrl Pts',(-392.041736286236,-58.2778331573665,151.510191540839));
#4772=CARTESIAN_POINT('Ctrl Pts',(-391.967932936359,-58.5784268703625,151.305075912547));
#4773=CARTESIAN_POINT('Ctrl Pts',(-391.677431465071,-59.7543905505542,150.488496394771));
#4774=CARTESIAN_POINT('Ctrl Pts',(-391.46093215157,-60.6149359539195,149.859475970727));
#4775=CARTESIAN_POINT('Ctrl Pts',(-390.952937205061,-62.5637924949566,148.315950540709));
#4776=CARTESIAN_POINT('Ctrl Pts',(-390.660914413252,-63.628206445129,147.375280359084));
#4777=CARTESIAN_POINT('Ctrl Pts',(-389.777374156884,-66.6293414028385,144.371309171085));
#4778=CARTESIAN_POINT('Ctrl Pts',(-389.178123540062,-68.3736418160765,142.134049481328));
#4779=CARTESIAN_POINT('Ctrl Pts',(-387.34361840579,-73.0610238249178,135.080563788803));
#4780=CARTESIAN_POINT('Ctrl Pts',(-386.07255855096,-75.509753360384,129.960781665285));
#4781=CARTESIAN_POINT('Ctrl Pts',(-382.128406022216,-82.0469014481628,114.389590002356));
#4782=CARTESIAN_POINT('Ctrl Pts',(-379.32460583355,-85.2988083781421,103.635264268342));
#4783=CARTESIAN_POINT('Ctrl Pts',(-376.000772463144,-88.5495281563154,91.454545559484));
#4784=CARTESIAN_POINT('Ctrl Pts',(-375.618872454242,-88.9132650251243,90.0621940499729));
#4785=CARTESIAN_POINT('Ctrl Pts',(-372.638851845872,-91.6821486183388,79.2524171752619));
#4786=CARTESIAN_POINT('Ctrl Pts',(-369.939524358296,-93.7952863035978,69.7861692078217));
#4787=CARTESIAN_POINT('Ctrl Pts',(-363.963884641886,-97.9572856638569,49.3894768106198));
#4788=CARTESIAN_POINT('Ctrl Pts',(-360.658733215241,-99.9498970271409,38.4471440053098));
#4789=CARTESIAN_POINT('Ctrl Pts',(-356.086583163206,-102.346414629867,23.5393566128266));
#4790=CARTESIAN_POINT('Ctrl Pts',(-354.880260366665,-102.944926875637,19.6253406040804));
#4791=CARTESIAN_POINT('Ctrl Pts',(-351.471372904839,-104.546214563177,8.58001291280121));
#4792=CARTESIAN_POINT('Ctrl Pts',(-349.259665076296,-105.478104159758,1.4298968772157));
#4793=CARTESIAN_POINT('Ctrl Pts',(-343.653716282603,-107.628779140571,-16.8690874843764));
#4794=CARTESIAN_POINT('Ctrl Pts',(-340.282409452079,-108.731073867428,-28.0485924843073));
#4795=CARTESIAN_POINT('Ctrl Pts',(-335.369166640728,-110.161535822736,-44.9039707614603));
#4796=CARTESIAN_POINT('Ctrl Pts',(-333.754628185402,-110.600691938937,-50.5372755733673));
#4797=CARTESIAN_POINT('Ctrl Pts',(-330.580635782434,-111.412269768619,-61.8382208606571));
#4798=CARTESIAN_POINT('Ctrl Pts',(-329.021149959652,-111.784641484498,-67.5058965273318));
#4799=CARTESIAN_POINT('Ctrl Pts',(-327.11032520432,-112.212406202382,-74.6154992805252));
#4800=CARTESIAN_POINT('Ctrl Pts',(-326.730083051006,-112.29607092264,-76.0386712703435));
#4801=CARTESIAN_POINT('Ctrl Pts',(-326.228126072443,-112.404645575022,-77.9288902175756));
#4802=CARTESIAN_POINT('Ctrl Pts',(-326.104654074013,-112.431201364784,-78.3947791786376));
#4803=CARTESIAN_POINT('Ctrl Pts',(-325.916162270722,-112.4715120507,-79.1074398442718));
#4804=CARTESIAN_POINT('Ctrl Pts',(-325.850989979912,-112.485407678859,-79.3541106180772));
#4805=CARTESIAN_POINT('Ctrl Pts',(-325.597728891919,-112.53924372586,-80.3137091517614));
#4806=CARTESIAN_POINT('Ctrl Pts',(-325.410077736705,-112.578783437672,-81.0269272173315));
#4807=CARTESIAN_POINT('Ctrl Pts',(-324.474333961436,-112.774232994033,-84.5946947760728));
#4808=CARTESIAN_POINT('Ctrl Pts',(-323.733779875829,-112.923397270739,-87.4542764608637));
#4809=CARTESIAN_POINT('Ctrl Pts',(-321.537172673369,-113.35031035729,-96.0501979034409));
#4810=CARTESIAN_POINT('Ctrl Pts',(-320.106204358339,-113.60749106168,-101.803728439975));
#4811=CARTESIAN_POINT('Ctrl Pts',(-318.710771417734,-113.839751375747,-107.582911512303));
#4812=CARTESIAN_POINT('Ctrl Pts',(-384.892821564379,-57.1309780612189,152.811391691179));
#4813=CARTESIAN_POINT('Ctrl Pts',(-384.817642226681,-57.4276664579982,152.602324778193));
#4814=CARTESIAN_POINT('Ctrl Pts',(-384.742500389293,-57.7227787057216,152.391514629101));
#4815=CARTESIAN_POINT('Ctrl Pts',(-384.44670957142,-58.8776608234344,151.553740950307));
#4816=CARTESIAN_POINT('Ctrl Pts',(-384.226216637963,-59.7235545231678,150.911715712876));
#4817=CARTESIAN_POINT('Ctrl Pts',(-383.709505015218,-61.6535364140483,149.358445316497));
#4818=CARTESIAN_POINT('Ctrl Pts',(-383.413041808252,-62.7202708548514,148.429532682039));
#4819=CARTESIAN_POINT('Ctrl Pts',(-382.519104384883,-65.7800964854336,145.511297624823));
#4820=CARTESIAN_POINT('Ctrl Pts',(-381.916713792836,-67.6272393812007,143.385955589758));
#4821=CARTESIAN_POINT('Ctrl Pts',(-380.078315186689,-72.6441030830267,136.622325758536));
#4822=CARTESIAN_POINT('Ctrl Pts',(-378.811082582746,-75.3262443914801,131.648564800352));
#4823=CARTESIAN_POINT('Ctrl Pts',(-374.87863677237,-82.4082354454869,116.366754055873));
#4824=CARTESIAN_POINT('Ctrl Pts',(-372.085308961381,-85.8991542206851,105.682582931036));
#4825=CARTESIAN_POINT('Ctrl Pts',(-368.771561570214,-89.3803473807837,93.5727371323226));
#4826=CARTESIAN_POINT('Ctrl Pts',(-368.390800252554,-89.769662189528,92.188073306436));
#4827=CARTESIAN_POINT('Ctrl Pts',(-365.419501548454,-92.7317453158487,81.4353030384552));
#4828=CARTESIAN_POINT('Ctrl Pts',(-362.726947349623,-94.9841227467108,72.0045842039177));
#4829=CARTESIAN_POINT('Ctrl Pts',(-356.764749504814,-99.3973043386224,51.6726751780634));
#4830=CARTESIAN_POINT('Ctrl Pts',(-353.466171124124,-101.491485539783,40.7566776191229));
#4831=CARTESIAN_POINT('Ctrl Pts',(-348.906898116219,-104.000387535448,25.8824583739446));
#4832=CARTESIAN_POINT('Ctrl Pts',(-347.70428850506,-104.626237437331,21.9770481025788));
#4833=CARTESIAN_POINT('Ctrl Pts',(-344.305623914744,-106.299563212576,10.95568745737));
#4834=CARTESIAN_POINT('Ctrl Pts',(-342.10001559829,-107.272538064921,3.82080233703101));
#4835=CARTESIAN_POINT('Ctrl Pts',(-336.504063083764,-109.518967367727,-14.43993366365));
#4836=CARTESIAN_POINT('Ctrl Pts',(-333.13230221033,-110.664537005989,-25.5979556901605));
#4837=CARTESIAN_POINT('Ctrl Pts',(-328.213238479923,-112.137140711919,-42.426560869621));
#4838=CARTESIAN_POINT('Ctrl Pts',(-326.596017770086,-112.586847403838,-48.0517841689908));
#4839=CARTESIAN_POINT('Ctrl Pts',(-323.416193391258,-113.414000433688,-59.3383337445827));
#4840=CARTESIAN_POINT('Ctrl Pts',(-321.853558714599,-113.791411175458,-64.99969298949));
#4841=CARTESIAN_POINT('Ctrl Pts',(-319.938969369011,-114.222932596293,-72.1025219079466));
#4842=CARTESIAN_POINT('Ctrl Pts',(-319.557982199772,-114.307220982218,-73.5243951640947));
#4843=CARTESIAN_POINT('Ctrl Pts',(-319.055053059807,-114.416466924774,-75.4129653076823));
#4844=CARTESIAN_POINT('Ctrl Pts',(-318.931342841925,-114.443175524415,-75.8784540105915));
#4845=CARTESIAN_POINT('Ctrl Pts',(-318.742488993444,-114.483701136014,-76.5905117882353));
#4846=CARTESIAN_POINT('Ctrl Pts',(-318.677191820175,-114.497667709031,-76.8369756036474));
#4847=CARTESIAN_POINT('Ctrl Pts',(-318.423446672606,-114.551766529421,-77.7957757093377));
#4848=CARTESIAN_POINT('Ctrl Pts',(-318.235439517641,-114.591473183614,-78.5084146869766));
#4849=CARTESIAN_POINT('Ctrl Pts',(-317.297936247564,-114.787621814405,-82.073357218742));
#4850=CARTESIAN_POINT('Ctrl Pts',(-316.556040667567,-114.93691203193,-84.9309042363159));
#4851=CARTESIAN_POINT('Ctrl Pts',(-314.355689248394,-115.363105345443,-93.5214000581154));
#4852=CARTESIAN_POINT('Ctrl Pts',(-312.922603082813,-115.61835061189,-99.2722185572562));
#4853=CARTESIAN_POINT('Ctrl Pts',(-311.525583601708,-115.847656204021,-105.049595029401));
#4854=CARTESIAN_POINT('Ctrl Pts',(-381.285320943422,-56.7457175269192,153.378656378232));
#4855=CARTESIAN_POINT('Ctrl Pts',(-381.209432995097,-57.0399312496808,153.167321391246));
#4856=CARTESIAN_POINT('Ctrl Pts',(-381.133576405471,-57.3325707161607,152.954312952285));
#4857=CARTESIAN_POINT('Ctrl Pts',(-380.834956886411,-58.4778941290815,152.108326464237));
#4858=CARTESIAN_POINT('Ctrl Pts',(-380.612321107641,-59.3170491522802,151.461161386326));
#4859=CARTESIAN_POINT('Ctrl Pts',(-380.090698607014,-61.234934120473,149.900487553872));
#4860=CARTESIAN_POINT('Ctrl Pts',(-379.791506539706,-62.297638232665,148.970952464441));
#4861=CARTESIAN_POINT('Ctrl Pts',(-378.890186572327,-65.3604899844628,146.066194882439));
#4862=CARTESIAN_POINT('Ctrl Pts',(-378.284117269553,-67.2323954880296,143.972719084351));
#4863=CARTESIAN_POINT('Ctrl Pts',(-376.438797133358,-72.3680203055557,137.328025035319));
#4864=CARTESIAN_POINT('Ctrl Pts',(-375.171546213959,-75.1674568810342,132.442159249106));
#4865=CARTESIAN_POINT('Ctrl Pts',(-371.241199641951,-82.5310189948503,117.332587844374));
#4866=CARTESIAN_POINT('Ctrl Pts',(-368.452378860939,-86.1522211325619,106.691222040285));
#4867=CARTESIAN_POINT('Ctrl Pts',(-365.142851615186,-89.7532964877643,94.6214167871842));
#4868=CARTESIAN_POINT('Ctrl Pts',(-364.762570333477,-90.1558811521533,93.2410693992416));
#4869=CARTESIAN_POINT('Ctrl Pts',(-361.794969464777,-93.2179489164403,82.5201328577491));
#4870=CARTESIAN_POINT('Ctrl Pts',(-359.105393341813,-95.5408477811381,73.1082454439964));
#4871=CARTESIAN_POINT('Ctrl Pts',(-353.149398268047,-100.080855105863,52.8103990603725));
#4872=CARTESIAN_POINT('Ctrl Pts',(-349.854207734546,-102.226507636956,41.9080540183724));
#4873=CARTESIAN_POINT('Ctrl Pts',(-345.301241427118,-104.792974946694,27.0511321764071));
#4874=CARTESIAN_POINT('Ctrl Pts',(-344.100408590267,-105.432800105871,23.1501242329272));
#4875=CARTESIAN_POINT('Ctrl Pts',(-340.70673731155,-107.143248067819,12.1410294594414));
#4876=CARTESIAN_POINT('Ctrl Pts',(-338.504399611087,-108.138208656092,5.01401969055054));
#4877=CARTESIAN_POINT('Ctrl Pts',(-332.914076732557,-110.43429224951,-13.2271244507975));
#4878=CARTESIAN_POINT('Ctrl Pts',(-329.542857199977,-111.60273275408,-24.3739720995865));
#4879=CARTESIAN_POINT('Ctrl Pts',(-324.622104439135,-113.098960466061,-41.1885025722173));
#4880=CARTESIAN_POINT('Ctrl Pts',(-323.00394570645,-113.554797950845,-46.8094671791109));
#4881=CARTESIAN_POINT('Ctrl Pts',(-319.821965434479,-114.391340895739,-58.0884405440586));
#4882=CARTESIAN_POINT('Ctrl Pts',(-318.258114783215,-114.772020692465,-63.7464803217619));
#4883=CARTESIAN_POINT('Ctrl Pts',(-316.342064014438,-115.206278443889,-70.845759237362));
#4884=CARTESIAN_POINT('Ctrl Pts',(-315.960787199388,-115.291046444028,-72.2669523936512));
#4885=CARTESIAN_POINT('Ctrl Pts',(-315.457480256939,-115.40084565512,-74.1546598258128));
#4886=CARTESIAN_POINT('Ctrl Pts',(-315.33367748213,-115.427683878505,-74.6199391591412));
#4887=CARTESIAN_POINT('Ctrl Pts',(-315.144683003021,-115.468397722765,-75.331681664729));
#4888=CARTESIAN_POINT('Ctrl Pts',(-315.079337303677,-115.48242760629,-75.5780372708671));
#4889=CARTESIAN_POINT('Ctrl Pts',(-314.825404210712,-115.536765663008,-76.5364199794621));
#4890=CARTESIAN_POINT('Ctrl Pts',(-314.637258945576,-115.576634976574,-77.2487563661779));
#4891=CARTESIAN_POINT('Ctrl Pts',(-313.699073815094,-115.773524465475,-80.8122234316312));
#4892=CARTESIAN_POINT('Ctrl Pts',(-312.956661048027,-115.92317591188,-83.6687100657755));
#4893=CARTESIAN_POINT('Ctrl Pts',(-310.754885836692,-116.349862881546,-92.2563846302689));
#4894=CARTESIAN_POINT('Ctrl Pts',(-309.321023195365,-116.604654473915,-98.0058024301022));
#4895=CARTESIAN_POINT('Ctrl Pts',(-307.923481202158,-116.832952458786,-103.782254412516));
#4896=CARTESIAN_POINT('Ctrl Pts',(-370.468123978651,-55.5737460462478,155.020875630989));
#4897=CARTESIAN_POINT('Ctrl Pts',(-370.390031918735,-55.8608022852567,154.803214929893));
#4898=CARTESIAN_POINT('Ctrl Pts',(-370.31196421512,-56.146451440877,154.584174586723));
#4899=CARTESIAN_POINT('Ctrl Pts',(-370.004638179206,-57.2653781606601,153.716068588898));
#4900=CARTESIAN_POINT('Ctrl Pts',(-369.775507149376,-58.08736643492,153.056062820019));
#4901=CARTESIAN_POINT('Ctrl Pts',(-369.239119111331,-59.9776361352368,151.479977769692));
#4902=CARTESIAN_POINT('Ctrl Pts',(-368.93182106743,-61.034489567475,150.553196328702));
#4903=CARTESIAN_POINT('Ctrl Pts',(-368.008154515976,-64.1179978222843,147.694833719496));
#4904=CARTESIAN_POINT('Ctrl Pts',(-367.389934558832,-66.0556980930902,145.683195082711));
#4905=CARTESIAN_POINT('Ctrl Pts',(-365.517019406934,-71.483105512765,139.33640526393));
#4906=CARTESIAN_POINT('Ctrl Pts',(-364.242629588573,-74.5796340000532,134.69116356379));
#4907=CARTESIAN_POINT('Ctrl Pts',(-360.303396913518,-82.7296074646565,120.109043885796));
#4908=CARTESIAN_POINT('Ctrl Pts',(-357.523006259337,-86.7664075691554,109.637279015087));
#4909=CARTESIAN_POINT('Ctrl Pts',(-354.221962115749,-90.7365845117364,97.7072075759987));
#4910=CARTESIAN_POINT('Ctrl Pts',(-353.84267121885,-91.1800305249403,96.3419060998022));
#4911=CARTESIAN_POINT('Ctrl Pts',(-350.882860188547,-94.5498762100074,85.7317308269042));
#4912=CARTESIAN_POINT('Ctrl Pts',(-348.20037337817,-97.0886098710224,76.3838641750376));
#4913=CARTESIAN_POINT('Ctrl Pts',(-342.260319188183,-102.016369925165,56.2002656385367));
#4914=CARTESIAN_POINT('Ctrl Pts',(-338.974718294062,-104.320114419771,45.3428833316032));
#4915=CARTESIAN_POINT('Ctrl Pts',(-334.43967129381,-107.065117143107,30.5421806723983));
#4916=CARTESIAN_POINT('Ctrl Pts',(-333.243912096281,-107.748483708921,26.6553913555923));
#4917=CARTESIAN_POINT('Ctrl Pts',(-329.864721512994,-109.575081646601,15.6856842803914));
#4918=CARTESIAN_POINT('Ctrl Pts',(-327.671994871082,-110.638482436451,8.58352047847429));
#4919=CARTESIAN_POINT('Ctrl Pts',(-322.098819906693,-113.087195304448,-9.59661134691208));
#4920=CARTESIAN_POINT('Ctrl Pts',(-318.730875290673,-114.327801656948,-20.708596419818));
#4921=CARTESIAN_POINT('Ctrl Pts',(-313.807954437828,-115.901104131903,-37.478898861616));
#4922=CARTESIAN_POINT('Ctrl Pts',(-312.188012458289,-116.377474235169,-43.0864558741921));
#4923=CARTESIAN_POINT('Ctrl Pts',(-309.001612946745,-117.24638310791,-54.3415814860879));
#4924=CARTESIAN_POINT('Ctrl Pts',(-307.435133866506,-117.638925885475,-59.9891749125917));
#4925=CARTESIAN_POINT('Ctrl Pts',(-305.515935414542,-118.083835394457,-67.0772981837642));
#4926=CARTESIAN_POINT('Ctrl Pts',(-305.134035221497,-118.170524695209,-68.4963550335858));
#4927=CARTESIAN_POINT('Ctrl Pts',(-304.6299182428,-118.282615234179,-70.3813537515431));
#4928=CARTESIAN_POINT('Ctrl Pts',(-304.505917252229,-118.309997237753,-70.8459758141525));
#4929=CARTESIAN_POINT('Ctrl Pts',(-304.316622107486,-118.35151158254,-71.5567287468782));
#4930=CARTESIAN_POINT('Ctrl Pts',(-304.251172804566,-118.365812808164,-71.8027447358347));
#4931=CARTESIAN_POINT('Ctrl Pts',(-303.996838607501,-118.42118442631,-72.7598175475459));
#4932=CARTESIAN_POINT('Ctrl Pts',(-303.808399377139,-118.461774686125,-73.4712045730927));
#4933=CARTESIAN_POINT('Ctrl Pts',(-302.868768274613,-118.662043058411,-77.0300436784025));
#4934=CARTESIAN_POINT('Ctrl Pts',(-302.125275748526,-118.813675749835,-79.8832083712066));
#4935=CARTESIAN_POINT('Ctrl Pts',(-299.920620609233,-119.244450933214,-88.4620561590082));
#4936=CARTESIAN_POINT('Ctrl Pts',(-298.485324104367,-119.499505027206,-94.2071091790048));
#4937=CARTESIAN_POINT('Ctrl Pts',(-297.087082078656,-119.726295988447,-99.9806950769946));
#4938=CARTESIAN_POINT('Ctrl Pts',(-363.267548159089,-54.8390857246634,156.101864189094));
#4939=CARTESIAN_POINT('Ctrl Pts',(-363.187985020385,-55.1234998396862,155.882302898418));
#4940=CARTESIAN_POINT('Ctrl Pts',(-363.108446681089,-55.4066642290179,155.661546799744));
#4941=CARTESIAN_POINT('Ctrl Pts',(-362.795335742993,-56.5164649938192,154.787433213517));
#4942=CARTESIAN_POINT('Ctrl Pts',(-362.561901691389,-57.3330930359225,154.124589858132));
#4943=CARTESIAN_POINT('Ctrl Pts',(-362.01552318305,-59.2144954836625,152.54575908695));
#4944=CARTESIAN_POINT('Ctrl Pts',(-361.702562661265,-60.2690580007387,151.620359821771));
#4945=CARTESIAN_POINT('Ctrl Pts',(-360.762297733078,-63.3554825168577,148.775868183874));
#4946=CARTESIAN_POINT('Ctrl Pts',(-360.133553262087,-65.308776752075,146.787243738138));
#4947=CARTESIAN_POINT('Ctrl Pts',(-358.232561628344,-70.830562441461,140.549648467275));
#4948=CARTESIAN_POINT('Ctrl Pts',(-356.94464029551,-74.0556723754717,136.028460855509));
#4949=CARTESIAN_POINT('Ctrl Pts',(-352.979042513328,-82.6382435006655,121.791522816195));
#4950=CARTESIAN_POINT('Ctrl Pts',(-350.196727427031,-86.9802319740714,111.489061837373));
#4951=CARTESIAN_POINT('Ctrl Pts',(-346.895474406101,-91.2086500549186,99.679679741517));
#4952=CARTESIAN_POINT('Ctrl Pts',(-346.516213709098,-91.6807212603774,98.3273722827731));
#4953=CARTESIAN_POINT('Ctrl Pts',(-343.556976722523,-95.266200433444,87.8126911495506));
#4954=CARTESIAN_POINT('Ctrl Pts',(-340.876697013499,-97.9552247502109,78.5185046357389));
#4955=CARTESIAN_POINT('Ctrl Pts',(-334.943608602105,-103.152190465343,58.4284103961337));
#4956=CARTESIAN_POINT('Ctrl Pts',(-331.663604957166,-105.566668129315,47.6066684799911));
#4957=CARTESIAN_POINT('Ctrl Pts',(-327.13912336347,-108.438740561355,32.8495011415474));
#4958=CARTESIAN_POINT('Ctrl Pts',(-325.946377044216,-109.153269526579,28.9735884487432));
#4959=CARTESIAN_POINT('Ctrl Pts',(-322.57591225686,-111.062837205149,18.0335805479769));
#4960=CARTESIAN_POINT('Ctrl Pts',(-320.388930911004,-112.173707688867,10.9494298269147));
#4961=CARTESIAN_POINT('Ctrl Pts',(-314.827752376855,-114.730249712961,-7.1868246203509));
#4962=CARTESIAN_POINT('Ctrl Pts',(-311.464487957798,-116.025011631688,-18.273631284484));
#4963=CARTESIAN_POINT('Ctrl Pts',(-306.543972206599,-117.657922465684,-35.0118220984232));
#4964=CARTESIAN_POINT('Ctrl Pts',(-304.92421049772,-118.150795870438,-40.6096144934781));
#4965=CARTESIAN_POINT('Ctrl Pts',(-301.737597238631,-119.046826920278,-51.8473709047522));
#4966=CARTESIAN_POINT('Ctrl Pts',(-300.170730200631,-119.450003002583,-57.4873563367249));
#4967=CARTESIAN_POINT('Ctrl Pts',(-298.251091140445,-119.905261747489,-64.5673738511741));
#4968=CARTESIAN_POINT('Ctrl Pts',(-297.869104738283,-119.993873937685,-65.9848794436736));
#4969=CARTESIAN_POINT('Ctrl Pts',(-297.364881618706,-120.108333018793,-67.8679126830077));
#4970=CARTESIAN_POINT('Ctrl Pts',(-297.240855142373,-120.136283880535,-68.3320579408698));
#4971=CARTESIAN_POINT('Ctrl Pts',(-297.051522246035,-120.17864605597,-69.0420931928129));
#4972=CARTESIAN_POINT('Ctrl Pts',(-296.986060114636,-120.193236650688,-69.2878629114294));
#4973=CARTESIAN_POINT('Ctrl Pts',(-296.731676934663,-120.24971822818,-70.2439859981737));
#4974=CARTESIAN_POINT('Ctrl Pts',(-296.54320336353,-120.291099694278,-70.9546849938909));
#4975=CARTESIAN_POINT('Ctrl Pts',(-295.603413317614,-120.495162657884,-74.5101715609606));
#4976=CARTESIAN_POINT('Ctrl Pts',(-294.859834742031,-120.649314767889,-77.3609347146241));
#4977=CARTESIAN_POINT('Ctrl Pts',(-292.655129341235,-121.086300656523,-85.9334156408804));
#4978=CARTESIAN_POINT('Ctrl Pts',(-291.220080911113,-121.343704747068,-91.6753420169212));
#4979=CARTESIAN_POINT('Ctrl Pts',(-289.822538193334,-121.571523644076,-97.4468935550229));
#4980=CARTESIAN_POINT('Ctrl Pts',(-327.30633014145,-51.3117120722299,161.422855557496));
#4981=CARTESIAN_POINT('Ctrl Pts',(-327.219367608981,-51.58564278226,161.196093233708));
#4982=CARTESIAN_POINT('Ctrl Pts',(-327.132420753266,-51.8587845819645,160.968704326586));
#4983=CARTESIAN_POINT('Ctrl Pts',(-326.79012309941,-52.9311859458673,160.070920835941));
#4984=CARTESIAN_POINT('Ctrl Pts',(-326.534879862265,-53.7244526850556,159.395806013376));
#4985=CARTESIAN_POINT('Ctrl Pts',(-325.937698081191,-55.5653098996576,157.803545724851));
#4986=CARTESIAN_POINT('Ctrl Pts',(-325.595826813403,-56.6075620207166,156.882263623667));
#4987=CARTESIAN_POINT('Ctrl Pts',(-324.570393780886,-59.6980607762983,154.090351017083));
#4988=CARTESIAN_POINT('Ctrl Pts',(-323.887048071226,-61.7105020625019,152.192053875638));
#4989=CARTESIAN_POINT('Ctrl Pts',(-321.834958666186,-67.5902699968906,146.371192307038));
#4990=CARTESIAN_POINT('Ctrl Pts',(-320.464299575502,-71.2959953329313,142.315793903915));
#4991=CARTESIAN_POINT('Ctrl Pts',(-316.307027831165,-81.5841701329953,129.501041307459));
#4992=CARTESIAN_POINT('Ctrl Pts',(-313.466723545257,-87.2922453680489,120.082755088077));
#4993=CARTESIAN_POINT('Ctrl Pts',(-310.126161314135,-92.7585321109353,108.956569099853));
#4994=CARTESIAN_POINT('Ctrl Pts',(-309.742841788888,-93.3689070890827,107.678860379559));
#4995=CARTESIAN_POINT('Ctrl Pts',(-306.755033966972,-98.002825196087,97.7183859876231));
#4996=CARTESIAN_POINT('Ctrl Pts',(-304.065731579003,-101.456580858692,88.7654201737368));
#4997=CARTESIAN_POINT('Ctrl Pts',(-298.133490227654,-108.035382526753,69.2672905996148));
#4998=CARTESIAN_POINT('Ctrl Pts',(-294.868290360556,-111.032517993846,58.675758647606));
#4999=CARTESIAN_POINT('Ctrl Pts',(-290.380207128401,-114.575127574581,44.1914101029897));
#5000=CARTESIAN_POINT('Ctrl Pts',(-289.198396535657,-115.454215305739,40.3828862768901));
#5001=CARTESIAN_POINT('Ctrl Pts',(-285.860761301085,-117.801237070483,29.624288675393));
#5002=CARTESIAN_POINT('Ctrl Pts',(-283.697167210155,-119.164148386944,22.6475059265384));
#5003=CARTESIAN_POINT('Ctrl Pts',(-278.189666416267,-122.297533731879,4.76625359333972));
#5004=CARTESIAN_POINT('Ctrl Pts',(-274.850823475239,-123.875693370632,-6.18294435442376));
#5005=CARTESIAN_POINT('Ctrl Pts',(-269.951591467903,-125.834362076937,-22.7452026977357));
#5006=CARTESIAN_POINT('Ctrl Pts',(-268.336839563245,-126.419588567056,-28.2897011266052));
#5007=CARTESIAN_POINT('Ctrl Pts',(-265.158542181456,-127.471958992276,-39.4327460298059));
#5008=CARTESIAN_POINT('Ctrl Pts',(-263.595009134708,-127.939174871054,-45.0313060964925));
#5009=CARTESIAN_POINT('Ctrl Pts',(-261.680083780778,-128.459970822659,-52.0672115394918));
#5010=CARTESIAN_POINT('Ctrl Pts',(-261.299066628919,-128.560965306514,-53.4762767121233));
#5011=CARTESIAN_POINT('Ctrl Pts',(-260.796188415243,-128.690945473386,-55.3486174189074));
#5012=CARTESIAN_POINT('Ctrl Pts',(-260.672498047265,-128.722647435213,-55.8101689221657));
#5013=CARTESIAN_POINT('Ctrl Pts',(-260.483687276086,-128.770635870242,-56.5163002802981));
#5014=CARTESIAN_POINT('Ctrl Pts',(-260.418407328494,-128.787153407619,-56.7607304238797));
#5015=CARTESIAN_POINT('Ctrl Pts',(-260.164738900454,-128.851052406077,-57.7116876667741));
#5016=CARTESIAN_POINT('Ctrl Pts',(-259.976809498911,-128.897777779843,-58.4186445510202));
#5017=CARTESIAN_POINT('Ctrl Pts',(-259.039816494892,-129.127751965611,-61.9558983078675));
#5018=CARTESIAN_POINT('Ctrl Pts',(-258.298720760479,-129.300047679075,-64.793604770755));
#5019=CARTESIAN_POINT('Ctrl Pts',(-256.102562275084,-129.784612339081,-73.3314735396989));
#5020=CARTESIAN_POINT('Ctrl Pts',(-254.674694055501,-130.064622920624,-79.0564079594965));
#5021=CARTESIAN_POINT('Ctrl Pts',(-253.286566659792,-130.308108305846,-84.8168766377137));
#5022=CARTESIAN_POINT('Ctrl Pts',(-298.661157093637,-48.7291693564086,165.20620603086));
#5023=CARTESIAN_POINT('Ctrl Pts',(-298.568128541989,-49.0018920609916,164.980363255049));
#5024=CARTESIAN_POINT('Ctrl Pts',(-298.475109858184,-49.2739308421412,164.753977160016));
#5025=CARTESIAN_POINT('Ctrl Pts',(-298.108880434408,-50.3423567036444,163.860421619725));
#5026=CARTESIAN_POINT('Ctrl Pts',(-297.835730980393,-51.1334594397961,163.189065319721));
#5027=CARTESIAN_POINT('Ctrl Pts',(-297.196497040207,-52.9705002547922,161.60643364181));
#5028=CARTESIAN_POINT('Ctrl Pts',(-296.830430239866,-54.0115079445685,160.691284394509));
#5029=CARTESIAN_POINT('Ctrl Pts',(-295.73200702311,-57.0998155764456,157.918901004867));
#5030=CARTESIAN_POINT('Ctrl Pts',(-294.999426099967,-59.1123343584586,156.034663014526));
#5031=CARTESIAN_POINT('Ctrl Pts',(-292.798068933515,-65.0020756336761,150.270452340151));
#5032=CARTESIAN_POINT('Ctrl Pts',(-291.325593016277,-68.7303834167532,146.277925884461));
#5033=CARTESIAN_POINT('Ctrl Pts',(-286.873596086161,-79.2891064681362,133.861458062806));
#5034=CARTESIAN_POINT('Ctrl Pts',(-283.856878915658,-85.4832722563654,124.994249010366));
#5035=CARTESIAN_POINT('Ctrl Pts',(-280.362938809464,-91.6243333721331,114.502529264395));
#5036=CARTESIAN_POINT('Ctrl Pts',(-279.962705655051,-92.3132705432886,113.297451664587));
#5037=CARTESIAN_POINT('Ctrl Pts',(-276.848289142222,-97.564323642108,103.898504624536));
#5038=CARTESIAN_POINT('Ctrl Pts',(-274.076073390717,-101.591042320525,95.413328413454));
#5039=CARTESIAN_POINT('Ctrl Pts',(-268.010089251782,-109.29454234089,76.7761368840219));
#5040=CARTESIAN_POINT('Ctrl Pts',(-264.700020394145,-112.834253380833,66.564836382121));
#5041=CARTESIAN_POINT('Ctrl Pts',(-260.173607253756,-117.014749724204,52.5124446895108));
#5042=CARTESIAN_POINT('Ctrl Pts',(-258.983897025818,-118.052380911345,48.8095110159969));
#5043=CARTESIAN_POINT('Ctrl Pts',(-255.629511233332,-120.822957739091,38.3293689507793));
#5044=CARTESIAN_POINT('Ctrl Pts',(-253.461604968361,-122.432405678405,31.5102222703207));
#5045=CARTESIAN_POINT('Ctrl Pts',(-247.957820038785,-126.133430834522,13.9829385881636));
#5046=CARTESIAN_POINT('Ctrl Pts',(-244.636206168269,-128.00109641918,3.20214572835164));
#5047=CARTESIAN_POINT('Ctrl Pts',(-239.776463961983,-130.322473950901,-13.1570332037043));
#5048=CARTESIAN_POINT('Ctrl Pts',(-238.177027457625,-131.016643389874,-18.6419906790316));
#5049=CARTESIAN_POINT('Ctrl Pts',(-235.032667784792,-132.266085089956,-29.6804638146772));
#5050=CARTESIAN_POINT('Ctrl Pts',(-233.48777093599,-132.821425137714,-35.2340333402897));
#5051=CARTESIAN_POINT('Ctrl Pts',(-231.598104767573,-133.441083993417,-42.2222790658123));
#5052=CARTESIAN_POINT('Ctrl Pts',(-231.222239053355,-133.561286017769,-43.6222421114491));
#5053=CARTESIAN_POINT('Ctrl Pts',(-230.726330003095,-133.716031807079,-45.4830677007687));
#5054=CARTESIAN_POINT('Ctrl Pts',(-230.604367589118,-133.753777848641,-45.9418272425588));
#5055=CARTESIAN_POINT('Ctrl Pts',(-230.418215757718,-133.81092114835,-46.643758166907));
#5056=CARTESIAN_POINT('Ctrl Pts',(-230.353859014885,-133.830590829896,-46.8867473134698));
#5057=CARTESIAN_POINT('Ctrl Pts',(-230.103793273668,-133.90668817807,-47.8321487959606));
#5058=CARTESIAN_POINT('Ctrl Pts',(-229.918565643616,-133.962342285668,-48.5350837098294));
#5059=CARTESIAN_POINT('Ctrl Pts',(-228.995209171519,-134.236305797587,-52.052751389476));
#5060=CARTESIAN_POINT('Ctrl Pts',(-228.265430778529,-134.44169928191,-54.8764651042967));
#5061=CARTESIAN_POINT('Ctrl Pts',(-226.104503472683,-135.019767522897,-63.3772566266558));
#5062=CARTESIAN_POINT('Ctrl Pts',(-224.701828056474,-135.354398672266,-69.0840101142304));
#5063=CARTESIAN_POINT('Ctrl Pts',(-223.34078274952,-135.646057991624,-74.8324758067908));
#5064=CARTESIAN_POINT('Ctrl Pts',(-241.172786841008,-43.5689912677142,172.171747789719));
#5065=CARTESIAN_POINT('Ctrl Pts',(-241.067976865173,-43.8390439797425,171.946608462745));
#5066=CARTESIAN_POINT('Ctrl Pts',(-240.963164458741,-44.1085688995349,171.721127736681));
#5067=CARTESIAN_POINT('Ctrl Pts',(-240.550452249314,-45.1677316515379,170.831945742733));
#5068=CARTESIAN_POINT('Ctrl Pts',(-240.24252648697,-45.9533167211544,170.165625409039));
#5069=CARTESIAN_POINT('Ctrl Pts',(-239.521722954618,-47.7809949265449,168.599113842264));
#5070=CARTESIAN_POINT('Ctrl Pts',(-239.10880216227,-48.8193684414612,167.696526110108));
#5071=CARTESIAN_POINT('Ctrl Pts',(-237.869573732724,-51.9087487509393,164.972257418018));
#5072=CARTESIAN_POINT('Ctrl Pts',(-237.04279811621,-53.9340034775841,163.134058699584));
#5073=CARTESIAN_POINT('Ctrl Pts',(-234.55925335687,-59.9025685341189,157.551482435933));
#5074=CARTESIAN_POINT('Ctrl Pts',(-232.899200155526,-63.7384778531385,153.738877523382));
#5075=CARTESIAN_POINT('Ctrl Pts',(-227.896868505575,-74.7904496131845,142.021072946422));
#5076=CARTESIAN_POINT('Ctrl Pts',(-224.530977321072,-81.5457075323453,133.832210905873));
#5077=CARTESIAN_POINT('Ctrl Pts',(-220.685603632699,-88.4516026657379,124.191369036092));
#5078=CARTESIAN_POINT('Ctrl Pts',(-220.245845362601,-89.2297153660448,123.084683967714));
#5079=CARTESIAN_POINT('Ctrl Pts',(-216.829712730073,-95.1844367555592,114.45627986871));
#5080=CARTESIAN_POINT('Ctrl Pts',(-213.823944946497,-99.8914449931912,106.681799499176));
#5081=CARTESIAN_POINT('Ctrl Pts',(-207.325333987264,-109.038833575176,89.5169269896286));
#5082=CARTESIAN_POINT('Ctrl Pts',(-203.826074917248,-113.338437166876,80.0598290376749));
#5083=CARTESIAN_POINT('Ctrl Pts',(-199.098097819372,-118.46709809139,66.9332558169286));
#5084=CARTESIAN_POINT('Ctrl Pts',(-197.860646767561,-119.746170382163,63.464374530418));
#5085=CARTESIAN_POINT('Ctrl Pts',(-194.385843451382,-123.175315862865,53.617215955166));
#5086=CARTESIAN_POINT('Ctrl Pts',(-192.156686517928,-125.184243453139,47.175585642719));
#5087=CARTESIAN_POINT('Ctrl Pts',(-186.537768308433,-129.84138460665,30.5257745707719));
#5088=CARTESIAN_POINT('Ctrl Pts',(-183.18504223179,-132.232637110141,20.197266403518));
#5089=CARTESIAN_POINT('Ctrl Pts',(-178.336282112825,-135.262624997963,4.39037942708275));
#5090=CARTESIAN_POINT('Ctrl Pts',(-176.750096443957,-136.179623871396,-0.931268859114159));
#5091=CARTESIAN_POINT('Ctrl Pts',(-173.650522992726,-137.847470340378,-11.6826643540016));
#5092=CARTESIAN_POINT('Ctrl Pts',(-172.137139352662,-138.598469919471,-17.1124304562345));
#5093=CARTESIAN_POINT('Ctrl Pts',(-170.297529475171,-139.447054553897,-23.9689119851643));
#5094=CARTESIAN_POINT('Ctrl Pts',(-169.932208227939,-139.612262126428,-25.343671211385));
#5095=CARTESIAN_POINT('Ctrl Pts',(-169.450986687509,-139.825721113012,-27.1725481802321));
#5096=CARTESIAN_POINT('Ctrl Pts',(-169.332699303291,-139.877852933493,-27.6235560938969));
#5097=CARTESIAN_POINT('Ctrl Pts',(-169.152252577126,-139.956872236595,-28.3138162179947));
#5098=CARTESIAN_POINT('Ctrl Pts',(-169.089885808826,-139.984090050586,-28.5527999749322));
#5099=CARTESIAN_POINT('Ctrl Pts',(-168.847620724116,-140.089459240517,-29.4827522093265));
#5100=CARTESIAN_POINT('Ctrl Pts',(-168.668318088106,-140.166672286047,-30.1744889518701));
#5101=CARTESIAN_POINT('Ctrl Pts',(-167.775230203188,-140.547507824113,-33.6375477356009));
#5102=CARTESIAN_POINT('Ctrl Pts',(-167.071726290125,-140.835446041209,-36.4219966403042));
#5103=CARTESIAN_POINT('Ctrl Pts',(-164.995581280564,-141.652811682813,-44.817736624424));
#5104=CARTESIAN_POINT('Ctrl Pts',(-163.657374830958,-142.135863281524,-50.471445475179));
#5105=CARTESIAN_POINT('Ctrl Pts',(-162.368142267432,-142.566222126036,-56.1824613099519));
#5106=CARTESIAN_POINT('Ctrl Pts',(-212.326752940493,-41.0196514401112,175.359222405739));
#5107=CARTESIAN_POINT('Ctrl Pts',(-212.216221890791,-41.2893583836066,175.134883915624));
#5108=CARTESIAN_POINT('Ctrl Pts',(-212.105683390751,-41.5585649551779,174.910261992323));
#5109=CARTESIAN_POINT('Ctrl Pts',(-211.670405535908,-42.6165841337936,174.024691373775));
#5110=CARTESIAN_POINT('Ctrl Pts',(-211.345603139909,-43.4015569807621,173.361568973647));
#5111=CARTESIAN_POINT('Ctrl Pts',(-210.585212641661,-45.2283946936271,171.803743916792));
#5112=CARTESIAN_POINT('Ctrl Pts',(-210.149551400192,-46.2667416008275,170.907053988184));
#5113=CARTESIAN_POINT('Ctrl Pts',(-208.841928673311,-49.3574914373404,168.203313568033));
#5114=CARTESIAN_POINT('Ctrl Pts',(-207.96932601653,-51.3855918105265,166.382581729737));
#5115=CARTESIAN_POINT('Ctrl Pts',(-205.34786337759,-57.3691570057151,160.864229046288));
#5116=CARTESIAN_POINT('Ctrl Pts',(-203.595281150637,-61.2236925569993,157.110286190347));
#5117=CARTESIAN_POINT('Ctrl Pts',(-198.315732030123,-72.3623280331823,145.617879840052));
#5118=CARTESIAN_POINT('Ctrl Pts',(-194.76518352544,-79.2186854016908,137.647182606996));
#5119=CARTESIAN_POINT('Ctrl Pts',(-190.721518133102,-86.2897773220745,128.312793468892));
#5120=CARTESIAN_POINT('Ctrl Pts',(-190.259267731656,-87.0874675578818,127.241952388473));
#5121=CARTESIAN_POINT('Ctrl Pts',(-186.669984463599,-93.1993613339687,118.897702600274));
#5122=CARTESIAN_POINT('Ctrl Pts',(-183.521324377441,-98.0751262438053,111.407083761646));
#5123=CARTESIAN_POINT('Ctrl Pts',(-176.743087125745,-107.622882559197,94.8813305741047));
#5124=CARTESIAN_POINT('Ctrl Pts',(-173.111125610692,-112.158512214248,85.782818059027));
#5125=CARTESIAN_POINT('Ctrl Pts',(-168.231993270993,-117.608369624994,73.1234464882809));
#5126=CARTESIAN_POINT('Ctrl Pts',(-166.957580796648,-118.971827108052,69.775348991886));
#5127=CARTESIAN_POINT('Ctrl Pts',(-163.386552536563,-122.637617740272,60.2608495957247));
#5128=CARTESIAN_POINT('Ctrl Pts',(-161.104558014932,-124.797869589439,54.0248708261634));
#5129=CARTESIAN_POINT('Ctrl Pts',(-155.376354459368,-129.833331518798,37.8653327158879));
#5130=CARTESIAN_POINT('Ctrl Pts',(-151.981221271808,-132.447161236744,27.8023915109426));
#5131=CARTESIAN_POINT('Ctrl Pts',(-147.108642089034,-135.801621387009,12.3301361404285));
#5132=CARTESIAN_POINT('Ctrl Pts',(-145.52115494923,-136.825434509697,7.10947897248318));
#5133=CARTESIAN_POINT('Ctrl Pts',(-142.432866222933,-138.702995541172,-3.46264678667482));
#5134=CARTESIAN_POINT('Ctrl Pts',(-140.932086836479,-139.556772852899,-8.81415727904212));
#5135=CARTESIAN_POINT('Ctrl Pts',(-139.116414679465,-140.53048523672,-15.5865137790603));
#5136=CARTESIAN_POINT('Ctrl Pts',(-138.756290772748,-140.720550192531,-16.9451321076042));
#5137=CARTESIAN_POINT('Ctrl Pts',(-138.282504636679,-140.96675564177,-18.7534914933348));
#5138=CARTESIAN_POINT('Ctrl Pts',(-138.16609272995,-141.026937005512,-19.1995164328066));
#5139=CARTESIAN_POINT('Ctrl Pts',(-137.988580116914,-141.118235961431,-19.8822670993899));
#5140=CARTESIAN_POINT('Ctrl Pts',(-137.927240865676,-141.14969794514,-20.1186723032108));
#5141=CARTESIAN_POINT('Ctrl Pts',(-137.689019354603,-141.27155370934,-21.0386736892205));
#5142=CARTESIAN_POINT('Ctrl Pts',(-137.512821536818,-141.360968619045,-21.723186734587));
#5143=CARTESIAN_POINT('Ctrl Pts',(-136.635757722498,-141.802578680044,-25.1509654840348));
#5144=CARTESIAN_POINT('Ctrl Pts',(-135.946674915523,-142.138382104613,-27.9098760175364));
#5145=CARTESIAN_POINT('Ctrl Pts',(-133.918373465702,-143.097000300639,-36.2367576330075));
#5146=CARTESIAN_POINT('Ctrl Pts',(-132.618163855432,-143.671091746902,-41.8548976553311));
#5147=CARTESIAN_POINT('Ctrl Pts',(-131.372390509502,-144.189332572609,-47.5397967910348));
#5148=CARTESIAN_POINT('Ctrl Pts',(-165.613756593236,-36.5286241201162,180.454056270476));
#5149=CARTESIAN_POINT('Ctrl Pts',(-165.494314522194,-36.7994749956112,180.230370311413));
#5150=CARTESIAN_POINT('Ctrl Pts',(-165.374862559161,-37.0698519355612,180.006474671441));
#5151=CARTESIAN_POINT('Ctrl Pts',(-164.90447926637,-38.1325863226488,179.124056907791));
#5152=CARTESIAN_POINT('Ctrl Pts',(-164.553468074916,-38.9213111934829,178.463929110178));
#5153=CARTESIAN_POINT('Ctrl Pts',(-163.731707587109,-40.7575187323282,176.914654707645));
#5154=CARTESIAN_POINT('Ctrl Pts',(-163.26087484509,-41.8016839595275,176.024045994188));
#5155=CARTESIAN_POINT('Ctrl Pts',(-161.847712646242,-44.9113568263191,173.342205152693));
#5156=CARTESIAN_POINT('Ctrl Pts',(-160.904717012891,-46.9540350079245,171.540953934056));
#5157=CARTESIAN_POINT('Ctrl Pts',(-158.072338152337,-52.9879459204363,166.096300292287));
#5158=CARTESIAN_POINT('Ctrl Pts',(-156.179502462946,-56.8849375655618,162.411942934234));
#5159=CARTESIAN_POINT('Ctrl Pts',(-150.483068617245,-68.1805716774185,151.190779495271));
#5160=CARTESIAN_POINT('Ctrl Pts',(-146.659342544969,-75.1819951708183,143.486109981342));
#5161=CARTESIAN_POINT('Ctrl Pts',(-142.321869923722,-82.4583978122476,134.52728217334));
#5162=CARTESIAN_POINT('Ctrl Pts',(-141.826290820992,-83.2801219360826,133.50039831339));
#5163=CARTESIAN_POINT('Ctrl Pts',(-137.980372423843,-89.5828028860874,125.504896915302));
#5164=CARTESIAN_POINT('Ctrl Pts',(-134.619414981505,-94.6507015938229,118.364174331877));
#5165=CARTESIAN_POINT('Ctrl Pts',(-127.423167754684,-104.642693041849,102.636028432603));
#5166=CARTESIAN_POINT('Ctrl Pts',(-123.591195242492,-109.434347921876,93.9912713727316));
#5167=CARTESIAN_POINT('Ctrl Pts',(-118.482694402327,-115.234996440856,81.9342872924809));
#5168=CARTESIAN_POINT('Ctrl Pts',(-117.152031216101,-116.690800614758,78.7429394693438));
#5169=CARTESIAN_POINT('Ctrl Pts',(-113.434171551926,-120.616657414611,69.662910449143));
#5170=CARTESIAN_POINT('Ctrl Pts',(-111.071056020297,-122.944510025955,63.6988428426954));
#5171=CARTESIAN_POINT('Ctrl Pts',(-105.17412490837,-128.404541585069,48.1945453074129));
#5172=CARTESIAN_POINT('Ctrl Pts',(-101.712269175541,-131.273588691268,38.4934681578796));
#5173=CARTESIAN_POINT('Ctrl Pts',(-96.8018661791057,-135.011786985721,23.4845689635298));
#5174=CARTESIAN_POINT('Ctrl Pts',(-95.2121734986222,-136.163782858475,18.4052824109181));
#5175=CARTESIAN_POINT('Ctrl Pts',(-92.1420620917879,-138.299044498742,8.08677696065718));
#5176=CARTESIAN_POINT('Ctrl Pts',(-90.6617363139975,-139.282320378127,2.84745016701187));
#5177=CARTESIAN_POINT('Ctrl Pts',(-88.8872237035769,-140.417985012098,-3.80501741853272));
#5178=CARTESIAN_POINT('Ctrl Pts',(-88.5361018654181,-140.640448290609,-5.14066324465862));
#5179=CARTESIAN_POINT('Ctrl Pts',(-88.0752752166233,-140.929658895406,-6.91986855716203));
#5180=CARTESIAN_POINT('Ctrl Pts',(-87.9621381748064,-141.000437857672,-7.35881698052525));
#5181=CARTESIAN_POINT('Ctrl Pts',(-87.7897579030755,-141.107944699879,-8.03090942486356));
#5182=CARTESIAN_POINT('Ctrl Pts',(-87.7302175830311,-141.145016106044,-8.26365603349265));
#5183=CARTESIAN_POINT('Ctrl Pts',(-87.4990815431048,-141.288691488258,-9.1695432166724));
#5184=CARTESIAN_POINT('Ctrl Pts',(-87.3283372859215,-141.394319141026,-9.84382019625742));
#5185=CARTESIAN_POINT('Ctrl Pts',(-86.4794835575465,-141.91700758253,-13.2216605268316));
#5186=CARTESIAN_POINT('Ctrl Pts',(-85.8159871033937,-142.317723689426,-15.944596353795));
#5187=CARTESIAN_POINT('Ctrl Pts',(-83.8731980316816,-143.471143749824,-24.1752516865396));
#5188=CARTESIAN_POINT('Ctrl Pts',(-82.6417193104866,-144.175201783911,-29.7448735347945));
#5189=CARTESIAN_POINT('Ctrl Pts',(-81.4749379614197,-144.82308394091,-35.3957907198075));
#5190=CARTESIAN_POINT('Ctrl Pts',(-147.965873024954,-34.7476314564509,182.365820473078));
#5191=CARTESIAN_POINT('Ctrl Pts',(-147.843136578747,-35.0193264718063,182.142261889871));
#5192=CARTESIAN_POINT('Ctrl Pts',(-147.720390568885,-35.2905523040395,181.918515629286));
#5193=CARTESIAN_POINT('Ctrl Pts',(-147.237038530245,-36.3566484822913,181.036773457142));
#5194=CARTESIAN_POINT('Ctrl Pts',(-146.876355691581,-37.1479236192719,180.377341255249));
#5195=CARTESIAN_POINT('Ctrl Pts',(-146.031971964473,-38.9902068228788,178.830154313015));
#5196=CARTESIAN_POINT('Ctrl Pts',(-145.548191891154,-40.0379338971799,177.941093928132));
#5197=CARTESIAN_POINT('Ctrl Pts',(-144.096230441486,-43.1585612013137,175.264987527723));
#5198=CARTESIAN_POINT('Ctrl Pts',(-143.12742563126,-45.2089018833003,173.469013278634));
#5199=CARTESIAN_POINT('Ctrl Pts',(-140.217901986278,-51.2670236032771,168.044754124664));
#5200=CARTESIAN_POINT('Ctrl Pts',(-138.274016043621,-55.1818027054191,164.380103627109));
#5201=CARTESIAN_POINT('Ctrl Pts',(-132.426424315943,-66.5363175901723,153.237142447957));
#5202=CARTESIAN_POINT('Ctrl Pts',(-128.504491311807,-73.5843255703899,145.610576813886));
#5203=CARTESIAN_POINT('Ctrl Pts',(-124.061246117801,-80.9216836499227,136.765503859997));
#5204=CARTESIAN_POINT('Ctrl Pts',(-123.553667307918,-81.7504896557897,135.751974200678));
#5205=CARTESIAN_POINT('Ctrl Pts',(-119.615334599673,-88.1090245071004,127.862748113353));
#5206=CARTESIAN_POINT('Ctrl Pts',(-116.177811793669,-93.2311033734868,120.830618983802));
#5207=CARTESIAN_POINT('Ctrl Pts',(-108.830505970328,-103.347687235195,105.354780694641));
#5208=CARTESIAN_POINT('Ctrl Pts',(-104.926074406936,-108.210816382877,96.8563184721089));
#5209=CARTESIAN_POINT('Ctrl Pts',(-99.7345444302446,-114.110390932326,84.9961947532598));
#5210=CARTESIAN_POINT('Ctrl Pts',(-98.383526659897,-115.592316832047,81.8563098693096));
#5211=CARTESIAN_POINT('Ctrl Pts',(-94.6125810520169,-119.591998934423,72.9194529236337));
#5212=CARTESIAN_POINT('Ctrl Pts',(-92.2201991926192,-121.967733397585,67.0456151392504));
#5213=CARTESIAN_POINT('Ctrl Pts',(-86.2625786876868,-127.549909073121,51.7596733019038));
#5214=CARTESIAN_POINT('Ctrl Pts',(-82.776890191289,-130.492915137113,42.1800162826528));
#5215=CARTESIAN_POINT('Ctrl Pts',(-77.8532701000724,-134.345425194213,27.3274947266455));
#5216=CARTESIAN_POINT('Ctrl Pts',(-76.2629138866544,-135.536222736356,22.2961506078626));
#5217=CARTESIAN_POINT('Ctrl Pts',(-73.2003453966363,-137.751779381189,12.0639610703921));
#5218=CARTESIAN_POINT('Ctrl Pts',(-71.7284049501936,-138.776705450997,6.86295267271625));
#5219=CARTESIAN_POINT('Ctrl Pts',(-69.9710914603817,-139.964977381976,0.25089466479338));
#5220=CARTESIAN_POINT('Ctrl Pts',(-69.6237290614291,-140.197979602569,-1.07703546247501));
#5221=CARTESIAN_POINT('Ctrl Pts',(-69.1682761808203,-140.501192014207,-2.84646574989563));
#5222=CARTESIAN_POINT('Ctrl Pts',(-69.0564941912132,-140.575422632343,-3.28304279785791));
#5223=CARTESIAN_POINT('Ctrl Pts',(-68.8862318716742,-140.688211125584,-3.95156445335887));
#5224=CARTESIAN_POINT('Ctrl Pts',(-68.8274329062563,-140.727110973383,-4.18308548968424));
#5225=CARTESIAN_POINT('Ctrl Pts',(-68.5992125226571,-140.877901081568,-5.0842448081891));
#5226=CARTESIAN_POINT('Ctrl Pts',(-68.4307031387514,-140.988820315431,-5.7550933089421));
#5227=CARTESIAN_POINT('Ctrl Pts',(-67.5933577225833,-141.538017217866,-9.11619740207335));
#5228=CARTESIAN_POINT('Ctrl Pts',(-66.9401164737016,-141.960106667452,-11.8270268322246));
#5229=CARTESIAN_POINT('Ctrl Pts',(-65.031519151166,-143.179129805002,-20.0251394988984));
#5230=CARTESIAN_POINT('Ctrl Pts',(-63.827659162116,-143.929184546647,-25.5781982240629));
#5231=CARTESIAN_POINT('Ctrl Pts',(-62.692875451525,-144.624592206376,-31.2178286735284));
#5232=CARTESIAN_POINT('Ctrl Pts',(-118.286061419676,-31.4505112432074,185.667769492916));
#5233=CARTESIAN_POINT('Ctrl Pts',(-118.157771742604,-31.7245324066006,185.444238134627));
#5234=CARTESIAN_POINT('Ctrl Pts',(-118.029475317382,-31.9980890999208,185.220548026653));
#5235=CARTESIAN_POINT('Ctrl Pts',(-117.524280105956,-33.0733822149359,184.339141936834));
#5236=CARTESIAN_POINT('Ctrl Pts',(-117.147326956579,-33.8715605937222,183.680212462835));
#5237=CARTESIAN_POINT('Ctrl Pts',(-116.264930754049,-35.7301074557795,182.134807702332));
#5238=CARTESIAN_POINT('Ctrl Pts',(-115.759431315268,-36.7872314592305,181.247232968834));
#5239=CARTESIAN_POINT('Ctrl Pts',(-114.242489495117,-39.9363207500775,178.577024525861));
#5240=CARTESIAN_POINT('Ctrl Pts',(-113.230601426658,-42.0059988324913,176.786904811102));
#5241=CARTESIAN_POINT('Ctrl Pts',(-110.192727203892,-48.1233761018213,171.386305762504));
#5242=CARTESIAN_POINT('Ctrl Pts',(-108.164476684349,-52.0793356806793,167.745584253254));
#5243=CARTESIAN_POINT('Ctrl Pts',(-102.068843392127,-63.562991877954,156.700686916685));
#5244=CARTESIAN_POINT('Ctrl Pts',(-97.9883749019791,-70.7046335480628,149.175319575751));
#5245=CARTESIAN_POINT('Ctrl Pts',(-93.3767404983179,-78.1551041427973,140.482842916199));
#5246=CARTESIAN_POINT('Ctrl Pts',(-92.8500913281798,-78.9969344286544,139.487283893745));
#5247=CARTESIAN_POINT('Ctrl Pts',(-88.7651347086542,-85.4573043295104,131.741512412106));
#5248=CARTESIAN_POINT('Ctrl Pts',(-85.2075221055913,-90.6729738940629,124.858730678717));
#5249=CARTESIAN_POINT('Ctrl Pts',(-77.6263703002129,-100.996250962439,109.732187820099));
#5250=CARTESIAN_POINT('Ctrl Pts',(-73.6118673090176,-105.973081579563,101.437225481923));
#5251=CARTESIAN_POINT('Ctrl Pts',(-68.2983406076603,-112.025738800596,89.8491953783605));
#5252=CARTESIAN_POINT('Ctrl Pts',(-66.9178714778432,-113.547700371336,86.7802954973559));
#5253=CARTESIAN_POINT('Ctrl Pts',(-63.0716041403775,-117.659604619511,78.0403614678334));
#5254=CARTESIAN_POINT('Ctrl Pts',(-60.6395883940994,-120.107063991751,72.2899676024778));
#5255=CARTESIAN_POINT('Ctrl Pts',(-54.6060311025129,-125.869896325513,57.300283194042));
#5256=CARTESIAN_POINT('Ctrl Pts',(-51.0979517116246,-128.920498346024,47.882960897689));
#5257=CARTESIAN_POINT('Ctrl Pts',(-46.1796152674719,-132.932837098567,33.2329465707612));
#5258=CARTESIAN_POINT('Ctrl Pts',(-44.5974930156695,-134.176606966979,28.2623099158866));
#5259=CARTESIAN_POINT('Ctrl Pts',(-41.5645575452681,-136.49888996115,18.1368666427071));
#5260=CARTESIAN_POINT('Ctrl Pts',(-40.1138964963051,-137.577214511645,12.9818527327821));
#5261=CARTESIAN_POINT('Ctrl Pts',(-38.3911754782199,-138.838330272679,6.41985071304339));
#5262=CARTESIAN_POINT('Ctrl Pts',(-38.0511488649718,-139.086231328424,5.10155710566659));
#5263=CARTESIAN_POINT('Ctrl Pts',(-37.6060598386693,-139.409732668524,3.34438028519409));
#5264=CARTESIAN_POINT('Ctrl Pts',(-37.4968824044768,-139.489003780822,2.91077914570941));
#5265=CARTESIAN_POINT('Ctrl Pts',(-37.3306842539421,-139.609564237915,2.24673927198901));
#5266=CARTESIAN_POINT('Ctrl Pts',(-37.2733066572492,-139.651165436751,2.0167566039));
#5267=CARTESIAN_POINT('Ctrl Pts',(-37.0506738533211,-139.812508050741,1.1215305579599));
#5268=CARTESIAN_POINT('Ctrl Pts',(-36.8864424630353,-139.931364561461,0.454981857096197));
#5269=CARTESIAN_POINT('Ctrl Pts',(-36.0711514949312,-140.520717423599,-2.88519962358988));
#5270=CARTESIAN_POINT('Ctrl Pts',(-35.4377409523784,-140.976471398824,-5.58116752846645));
#5271=CARTESIAN_POINT('Ctrl Pts',(-33.5948302459444,-142.298916758431,-13.7411453499381));
#5272=CARTESIAN_POINT('Ctrl Pts',(-32.4425908450116,-143.120561387101,-19.2773275103864));
#5273=CARTESIAN_POINT('Ctrl Pts',(-31.3654019831048,-143.887300859566,-24.9086315343039));
#5274=CARTESIAN_POINT('Ctrl Pts',(-106.34906451386,-30.0443175769501,187.018988123952));
#5275=CARTESIAN_POINT('Ctrl Pts',(-106.218536612764,-30.3195138609852,186.795420088314));
#5276=CARTESIAN_POINT('Ctrl Pts',(-106.088003692296,-30.5942466460948,186.571702712974));
#5277=CARTESIAN_POINT('Ctrl Pts',(-105.574009270848,-31.6741745979694,185.690226678628));
#5278=CARTESIAN_POINT('Ctrl Pts',(-105.19050696682,-32.4758194285448,185.031327031362));
#5279=CARTESIAN_POINT('Ctrl Pts',(-104.292821886508,-34.342501797945,183.486189534698));
#5280=CARTESIAN_POINT('Ctrl Pts',(-103.778595973969,-35.4043025392196,182.598919460375));
#5281=CARTESIAN_POINT('Ctrl Pts',(-102.235573766615,-38.5674799085317,179.930096650102));
#5282=CARTESIAN_POINT('Ctrl Pts',(-101.206430832281,-40.6466274720052,178.141529670846));
#5283=CARTESIAN_POINT('Ctrl Pts',(-98.1172630256245,-46.792683336359,172.747607853545));
#5284=CARTESIAN_POINT('Ctrl Pts',(-96.0554460013567,-50.7681274762881,169.114036178214));
#5285=CARTESIAN_POINT('Ctrl Pts',(-89.8615748409494,-62.3114647393763,158.099610066882));
#5286=CARTESIAN_POINT('Ctrl Pts',(-85.7189866355252,-69.4945597255928,150.606800782807));
#5287=CARTESIAN_POINT('Ctrl Pts',(-81.0420000107629,-76.9931581424934,141.965560675794));
#5288=CARTESIAN_POINT('Ctrl Pts',(-80.5079584904387,-77.8405025286555,140.97605477469));
#5289=CARTESIAN_POINT('Ctrl Pts',(-76.3662311943058,-84.3437722870092,133.278736250848));
#5290=CARTESIAN_POINT('Ctrl Pts',(-72.7624957781711,-89.5976066541538,126.447244684522));
#5291=CARTESIAN_POINT('Ctrl Pts',(-65.092363882528,-100.003161494033,111.441677965716));
#5292=CARTESIAN_POINT('Ctrl Pts',(-61.0365553262239,-105.024033512023,103.217590682826));
#5293=CARTESIAN_POINT('Ctrl Pts',(-55.6784480676908,-111.13494633739,91.7237194261031));
#5294=CARTESIAN_POINT('Ctrl Pts',(-54.2873535841501,-112.672048541812,88.6793355416946));
#5295=CARTESIAN_POINT('Ctrl Pts',(-50.4143685240455,-116.826192207558,80.007240164787));
#5296=CARTESIAN_POINT('Ctrl Pts',(-47.96888441645,-119.300409565654,74.2991657734437));
#5297=CARTESIAN_POINT('Ctrl Pts',(-41.9115986964346,-125.130446948032,59.4104177929681));
#5298=CARTESIAN_POINT('Ctrl Pts',(-38.3991976141028,-128.220731966042,50.0476751808837));
#5299=CARTESIAN_POINT('Ctrl Pts',(-33.4904940629318,-132.293819741829,35.4651273841526));
#5300=CARTESIAN_POINT('Ctrl Pts',(-31.9142319402189,-133.558092047895,30.5146438120746));
#5301=CARTESIAN_POINT('Ctrl Pts',(-28.8981805963388,-135.923475923973,20.42490891885));
#5302=CARTESIAN_POINT('Ctrl Pts',(-27.4585079072103,-137.024749364501,15.2856308486298));
#5303=CARTESIAN_POINT('Ctrl Pts',(-25.7533236164577,-138.31524697707,8.73921761174183));
#5304=CARTESIAN_POINT('Ctrl Pts',(-25.4169928167434,-138.569033453027,7.42382761929864));
#5305=CARTESIAN_POINT('Ctrl Pts',(-24.9770298371891,-138.900291413355,5.67020513686974));
#5306=CARTESIAN_POINT('Ctrl Pts',(-24.8691331116613,-138.981469542067,5.23745593085891));
#5307=CARTESIAN_POINT('Ctrl Pts',(-24.7049184452041,-139.104937743707,4.57468272163685));
#5308=CARTESIAN_POINT('Ctrl Pts',(-24.648231849949,-139.147543678021,4.34513179816625));
#5309=CARTESIAN_POINT('Ctrl Pts',(-24.4283037396876,-139.312787630765,3.45155959392302));
#5310=CARTESIAN_POINT('Ctrl Pts',(-24.2661181007402,-139.434527982716,2.78618481411631));
#5311=CARTESIAN_POINT('Ctrl Pts',(-23.4612131835652,-140.038216340395,-0.548389175023721));
#5312=CARTESIAN_POINT('Ctrl Pts',(-22.8365706506857,-140.505131700629,-3.24069539502502));
#5313=CARTESIAN_POINT('Ctrl Pts',(-21.0212262003366,-141.860808001318,-11.3918235839298));
#5314=CARTESIAN_POINT('Ctrl Pts',(-19.8893749975115,-142.704698911403,-16.9250084277781));
#5315=CARTESIAN_POINT('Ctrl Pts',(-18.8354104373894,-143.494738778911,-22.5564419963173));
#5316=CARTESIAN_POINT('Ctrl Pts',(-79.2858034388106,-26.5908656617391,190.172232008217));
#5317=CARTESIAN_POINT('Ctrl Pts',(-79.1500906941401,-26.8693640134496,189.94859883759));
#5318=CARTESIAN_POINT('Ctrl Pts',(-79.0143779766212,-27.1474005517542,189.724833266653));
#5319=CARTESIAN_POINT('Ctrl Pts',(-78.4800084598273,-28.2403438292512,188.843234692742));
#5320=CARTESIAN_POINT('Ctrl Pts',(-78.0813502949482,-29.0517134131704,188.184390960966));
#5321=CARTESIAN_POINT('Ctrl Pts',(-77.1483057729232,-30.9411929207414,186.639737146028));
#5322=CARTESIAN_POINT('Ctrl Pts',(-76.6139143139014,-32.0160786851514,185.753014935791));
#5323=CARTESIAN_POINT('Ctrl Pts',(-75.010675438903,-35.2186020958688,183.086673098571));
#5324=CARTESIAN_POINT('Ctrl Pts',(-73.9417614242387,-37.3241020460769,181.300876152961));
#5325=CARTESIAN_POINT('Ctrl Pts',(-70.7345808167313,-43.5496089107943,175.918821561437));
#5326=CARTESIAN_POINT('Ctrl Pts',(-68.59582649452,-47.578549181503,172.29788774098));
#5327=CARTESIAN_POINT('Ctrl Pts',(-62.1777159897296,-59.2840058026985,161.337639706751));
#5328=CARTESIAN_POINT('Ctrl Pts',(-57.8946190049095,-66.5776271949755,153.903443290006));
#5329=CARTESIAN_POINT('Ctrl Pts',(-53.0713997622655,-74.2019280894123,145.357944747479));
#5330=CARTESIAN_POINT('Ctrl Pts',(-52.520839461907,-75.0636392189954,144.379796858261));
#5331=CARTESIAN_POINT('Ctrl Pts',(-48.2524167191926,-81.6784180332051,136.773817287319));
#5332=CARTESIAN_POINT('Ctrl Pts',(-44.5466694572956,-87.0298617323468,130.041697757442));
#5333=CARTESIAN_POINT('Ctrl Pts',(-36.6820576371351,-97.6406566738731,115.267577638689));
#5334=CARTESIAN_POINT('Ctrl Pts',(-32.5375986983438,-102.768236701011,107.17710395732));
#5335=CARTESIAN_POINT('Ctrl Pts',(-27.086704556306,-109.017173714851,95.8583165740032));
#5336=CARTESIAN_POINT('Ctrl Pts',(-25.6738325452192,-110.589861697207,92.859327968166));
#5337=CARTESIAN_POINT('Ctrl Pts',(-21.7471966267245,-114.842609801081,84.3123853494932));
#5338=CARTESIAN_POINT('Ctrl Pts',(-19.2761247938666,-117.378496133486,78.6818518287194));
#5339=CARTESIAN_POINT('Ctrl Pts',(-13.1790235765347,-123.362100400031,63.9763862449748));
#5340=CARTESIAN_POINT('Ctrl Pts',(-9.66659416779883,-126.54212529656,54.7111935519398));
#5341=CARTESIAN_POINT('Ctrl Pts',(-4.79657405586412,-130.750794242362,40.2438670191772));
#5342=CARTESIAN_POINT('Ctrl Pts',(-3.23964011501406,-132.060530746785,35.3266721965505));
#5343=CARTESIAN_POINT('Ctrl Pts',(-0.274481896944732,-134.517608330536,
25.2920766829804));
#5344=CARTESIAN_POINT('Ctrl Pts',(1.13363172918622,-135.665086777159,20.1746344987485));
#5345=CARTESIAN_POINT('Ctrl Pts',(2.79340234863072,-137.012037810605,13.6478724579286));
#5346=CARTESIAN_POINT('Ctrl Pts',(3.12035136365737,-137.27705014108,12.3360309950069));
#5347=CARTESIAN_POINT('Ctrl Pts',(3.54746479424659,-137.623120046552,10.5865953878182));
#5348=CARTESIAN_POINT('Ctrl Pts',(3.65216295029502,-137.707941235502,10.1548357272622));
#5349=CARTESIAN_POINT('Ctrl Pts',(3.81143575599639,-137.836971250752,9.49351051872198));
#5350=CARTESIAN_POINT('Ctrl Pts',(3.86640285276023,-137.881500284767,9.26444875894504));
#5351=CARTESIAN_POINT('Ctrl Pts',(4.07960637644819,-138.054218149924,8.37273237954248));
#5352=CARTESIAN_POINT('Ctrl Pts',(4.2367180477579,-138.181497690582,7.70863580050518));
#5353=CARTESIAN_POINT('Ctrl Pts',(5.01584620641798,-138.812831588629,4.37993941096317));
#5354=CARTESIAN_POINT('Ctrl Pts',(5.61854077078419,-139.30171831662,1.69068013963684));
#5355=CARTESIAN_POINT('Ctrl Pts',(7.36382096447348,-140.723279572851,-6.45648845016954));
#5356=CARTESIAN_POINT('Ctrl Pts',(8.44355102758655,-141.610896447324,-11.9938751389526));
#5357=CARTESIAN_POINT('Ctrl Pts',(9.43977862885441,-142.445386948548,-17.6363934251351));
#5358=CARTESIAN_POINT('Ctrl Pts',(-64.1103321914247,-24.4729263363484,192.005939767362));
#5359=CARTESIAN_POINT('Ctrl Pts',(-63.9716356494121,-24.7537230668382,191.782300640328));
#5360=CARTESIAN_POINT('Ctrl Pts',(-63.8329427642638,-25.0340585576639,191.558535491193));
#5361=CARTESIAN_POINT('Ctrl Pts',(-63.2868534330911,-26.1360561665653,190.676963671446));
#5362=CARTESIAN_POINT('Ctrl Pts',(-62.8794838961658,-26.9541854053499,190.018194900949));
#5363=CARTESIAN_POINT('Ctrl Pts',(-61.9261304914615,-28.859495657816,188.47384469925));
#5364=CARTESIAN_POINT('Ctrl Pts',(-61.3801685630839,-29.9434560215386,187.587394782319));
#5365=CARTESIAN_POINT('Ctrl Pts',(-59.7424155185919,-33.1732228393532,184.922162260001));
#5366=CARTESIAN_POINT('Ctrl Pts',(-58.6507550661564,-35.2969114344078,183.137494630617));
#5367=CARTESIAN_POINT('Ctrl Pts',(-55.3762393534575,-41.5770205563696,177.759970413568));
#5368=CARTESIAN_POINT('Ctrl Pts',(-53.1938051720485,-45.6424055378668,174.143538760175));
#5369=CARTESIAN_POINT('Ctrl Pts',(-46.6491326882454,-57.4569844234346,163.201694573436));
#5370=CARTESIAN_POINT('Ctrl Pts',(-42.2877387325297,-64.8233899894945,155.787168191953));
#5371=CARTESIAN_POINT('Ctrl Pts',(-37.3839593139821,-72.5294446484791,147.280497641923));
#5372=CARTESIAN_POINT('Ctrl Pts',(-36.8243144906184,-73.4004729250841,146.306983646199));
#5373=CARTESIAN_POINT('Ctrl Pts',(-32.4863235194367,-80.0874445033506,138.738783031606));
#5374=CARTESIAN_POINT('Ctrl Pts',(-28.7249694417072,-85.5022555099228,132.054342797351));
#5375=CARTESIAN_POINT('Ctrl Pts',(-20.7560752426658,-96.2419765516113,117.384638873578));
#5376=CARTESIAN_POINT('Ctrl Pts',(-16.565476300106,-101.433840591677,109.349559868004));
#5377=CARTESIAN_POINT('Ctrl Pts',(-11.0684071676965,-107.76389124345,98.1012858598139));
#5378=CARTESIAN_POINT('Ctrl Pts',(-9.64495094052279,-109.357293738776,95.1204017696984));
#5379=CARTESIAN_POINT('Ctrl Pts',(-5.69306168157817,-113.666968014652,86.6230406521355));
#5380=CARTESIAN_POINT('Ctrl Pts',(-3.21105008143796,-116.237905222621,81.022848272728));
#5381=CARTESIAN_POINT('Ctrl Pts',(2.89897430596182,-122.307529057025,66.3878084512384));
#5382=CARTESIAN_POINT('Ctrl Pts',(6.40494413612155,-125.536810672243,57.1587657896973));
#5383=CARTESIAN_POINT('Ctrl Pts',(11.2433847686785,-129.816340460088,42.7294388115421));
#5384=CARTESIAN_POINT('Ctrl Pts',(12.7862009540856,-131.149148273417,37.8222170302286));
#5385=CARTESIAN_POINT('Ctrl Pts',(15.7165558804658,-133.650903395534,27.8014220442776));
#5386=CARTESIAN_POINT('Ctrl Pts',(17.1040412566199,-134.81992587537,22.6878210636542));
#5387=CARTESIAN_POINT('Ctrl Pts',(18.7339834442049,-136.193124055632,16.1616184838419));
#5388=CARTESIAN_POINT('Ctrl Pts',(19.0547621681967,-136.463354686986,14.8496767664046));
#5389=CARTESIAN_POINT('Ctrl Pts',(19.4734210701475,-136.816310586297,13.0998233994757));
#5390=CARTESIAN_POINT('Ctrl Pts',(19.5760146040209,-136.902825328675,12.6679378920733));
#5391=CARTESIAN_POINT('Ctrl Pts',(19.7320366989909,-137.03444020364,12.0063851934786));
#5392=CARTESIAN_POINT('Ctrl Pts',(19.7858729071341,-137.079862874932,11.7772382885271));
#5393=CARTESIAN_POINT('Ctrl Pts',(19.9946549790063,-137.256053001138,10.8851657807652));
#5394=CARTESIAN_POINT('Ctrl Pts',(20.1484330463572,-137.385904349072,10.2207510710103));
#5395=CARTESIAN_POINT('Ctrl Pts',(20.9106561332351,-138.030055650703,6.89019686453197));
#5396=CARTESIAN_POINT('Ctrl Pts',(21.4990828890962,-138.529050628212,4.19860222606186));
#5397=CARTESIAN_POINT('Ctrl Pts',(23.1993852199381,-139.980579621727,-3.95818328936191));
#5398=CARTESIAN_POINT('Ctrl Pts',(24.2460918200145,-140.887802607857,-9.50553883681992));
#5399=CARTESIAN_POINT('Ctrl Pts',(25.2060567673997,-141.74211691724,-15.1617607655888));
#5400=CARTESIAN_POINT('Ctrl Pts',(-42.2766729731424,-21.0244414049229,194.740584965874));
#5401=CARTESIAN_POINT('Ctrl Pts',(-42.1334023595878,-21.3092680119476,194.517174116199));
#5402=CARTESIAN_POINT('Ctrl Pts',(-41.9901408885471,-21.5936360825167,194.293646324415));
#5403=CARTESIAN_POINT('Ctrl Pts',(-41.4260847816848,-22.7115225117392,193.413044959129));
#5404=CARTESIAN_POINT('Ctrl Pts',(-41.005359737989,-23.5415284194413,192.755078785163));
#5405=CARTESIAN_POINT('Ctrl Pts',(-40.0208683241082,-25.4746873456679,191.212792164721));
#5406=CARTESIAN_POINT('Ctrl Pts',(-39.4571645897208,-26.5746375122536,190.32766631288));
#5407=CARTESIAN_POINT('Ctrl Pts',(-37.7664820989739,-29.8524868677595,187.6668336185));
#5408=CARTESIAN_POINT('Ctrl Pts',(-36.639929826446,-32.0083820210419,185.885670915065));
#5409=CARTESIAN_POINT('Ctrl Pts',(-33.262092291048,-38.3854851582616,180.520338493706));
#5410=CARTESIAN_POINT('Ctrl Pts',(-31.0125789662607,-42.5160494725899,176.914316649354));
#5411=CARTESIAN_POINT('Ctrl Pts',(-24.2735311655252,-54.5265761505374,166.009027513713));
#5412=CARTESIAN_POINT('Ctrl Pts',(-19.7922145763678,-62.0230133694063,158.620712090784));
#5413=CARTESIAN_POINT('Ctrl Pts',(-14.7662141436951,-69.8739000700559,150.157587892934));
#5414=CARTESIAN_POINT('Ctrl Pts',(-14.1927948865589,-70.7614633210257,149.189364388389));
#5415=CARTESIAN_POINT('Ctrl Pts',(-9.74940056740849,-77.5764152083669,141.664133288256));
#5416=CARTESIAN_POINT('Ctrl Pts',(-5.9050336189981,-83.0986379929328,135.02057588453));
#5417=CARTESIAN_POINT('Ctrl Pts',(2.21738313342941,-94.0536252271082,120.427012652005));
#5418=CARTESIAN_POINT('Ctrl Pts',(6.47554207205141,-99.3529466108456,112.433716208894));
#5419=CARTESIAN_POINT('Ctrl Pts',(12.039810245906,-105.816850038333,101.243818313088));
#5420=CARTESIAN_POINT('Ctrl Pts',(13.4785862918535,-107.444213195046,98.2782238125705));
#5421=CARTESIAN_POINT('Ctrl Pts',(17.4666216007654,-111.846240702499,89.8229213220368));
#5422=CARTESIAN_POINT('Ctrl Pts',(19.9637251465259,-114.472859867171,84.2486755998255));
#5423=CARTESIAN_POINT('Ctrl Pts',(26.0886486428446,-120.674582694425,69.6707516939569));
#5424=CARTESIAN_POINT('Ctrl Pts',(29.581200461041,-123.974776183502,60.4676660248611));
#5425=CARTESIAN_POINT('Ctrl Pts',(34.3637248002252,-128.348979185249,46.0527133508956));
#5426=CARTESIAN_POINT('Ctrl Pts',(35.8820026599871,-129.71141319296,41.1462341001624));
#5427=CARTESIAN_POINT('Ctrl Pts',(38.7518186233163,-132.269158990645,31.1175990077213));
#5428=CARTESIAN_POINT('Ctrl Pts',(40.1033164821128,-133.464535242802,25.9954166543405));
#5429=CARTESIAN_POINT('Ctrl Pts',(41.6814336891033,-134.869207730837,19.4522086329191));
#5430=CARTESIAN_POINT('Ctrl Pts',(41.9915052210785,-135.14566107775,18.1365530388812));
#5431=CARTESIAN_POINT('Ctrl Pts',(42.3955065108841,-135.506791537903,16.3813518755265));
#5432=CARTESIAN_POINT('Ctrl Pts',(42.4944521872661,-135.595313833206,15.9481148707138));
#5433=CARTESIAN_POINT('Ctrl Pts',(42.6448407012658,-135.729989062355,15.2844435954287));
#5434=CARTESIAN_POINT('Ctrl Pts',(42.6967171768666,-135.776469070582,15.0545540171499));
#5435=CARTESIAN_POINT('Ctrl Pts',(42.8978374565687,-135.95676513901,14.1595558407013));
#5436=CARTESIAN_POINT('Ctrl Pts',(43.0458392775391,-136.089652521862,13.492888248862));
#5437=CARTESIAN_POINT('Ctrl Pts',(43.7787617801399,-136.748919304218,10.1506711116815));
#5438=CARTESIAN_POINT('Ctrl Pts',(44.3424070271762,-137.259798497428,7.44847059610655));
#5439=CARTESIAN_POINT('Ctrl Pts',(45.9644059545184,-138.746637729592,-0.744006923239982));
#5440=CARTESIAN_POINT('Ctrl Pts',(46.9536004924159,-139.676968963572,-6.32034928177954));
#5441=CARTESIAN_POINT('Ctrl Pts',(47.8509531049393,-140.554714341063,-12.0107517735086));
#5442=CARTESIAN_POINT('Ctrl Pts',(-35.7337308643495,-19.9400189224669,195.571431120736));
#5443=CARTESIAN_POINT('Ctrl Pts',(-35.5890539161309,-20.2261429168141,195.348115382816));
#5444=CARTESIAN_POINT('Ctrl Pts',(-35.4443877800624,-20.5118094209379,195.124685429788));
#5445=CARTESIAN_POINT('Ctrl Pts',(-34.8748075193936,-21.6348125181874,194.244480116674));
#5446=CARTESIAN_POINT('Ctrl Pts',(-34.4499759832439,-22.4686445833922,193.586833106962));
#5447=CARTESIAN_POINT('Ctrl Pts',(-33.4559099472574,-24.410778812034,192.045349998607));
#5448=CARTESIAN_POINT('Ctrl Pts',(-32.886750449604,-25.515885094637,191.160727745362));
#5449=CARTESIAN_POINT('Ctrl Pts',(-31.1797903201411,-28.8092480649879,188.501539051021));
#5450=CARTESIAN_POINT('Ctrl Pts',(-30.0425057895319,-30.9755461180848,186.721650164466));
#5451=CARTESIAN_POINT('Ctrl Pts',(-26.6328790161277,-37.3840197563588,181.360690455313));
#5452=CARTESIAN_POINT('Ctrl Pts',(-24.3627150521575,-41.5357162298564,177.758326923459));
#5453=CARTESIAN_POINT('Ctrl Pts',(-17.5637627448911,-53.6100505422371,166.866190097454));
#5454=CARTESIAN_POINT('Ctrl Pts',(-13.0453184657658,-61.1500993238293,159.490674822634));
#5455=CARTESIAN_POINT('Ctrl Pts',(-7.98182708739292,-69.0481478626807,151.040226167984));
#5456=CARTESIAN_POINT('Ctrl Pts',(-7.40418654259309,-69.9410467013479,150.073387280729));
#5457=CARTESIAN_POINT('Ctrl Pts',(-2.92851203928131,-76.7969135684222,142.558270105031));
#5458=CARTESIAN_POINT('Ctrl Pts',(0.940925812728205,-82.3519966051114,135.918796598872));
#5459=CARTESIAN_POINT('Ctrl Pts',(9.10964889934085,-93.3747387992541,121.336582990053));
#5460=CARTESIAN_POINT('Ctrl Pts',(13.3882775924717,-98.7082745942686,113.351545829784));
#5461=CARTESIAN_POINT('Ctrl Pts',(18.9728508840471,-105.214496341622,102.173978397577));
#5462=CARTESIAN_POINT('Ctrl Pts',(20.4162477311223,-106.852571906499,99.2116796607304));
#5463=CARTESIAN_POINT('Ctrl Pts',(24.4151377035405,-111.283621473397,90.7654680138438));
#5464=CARTESIAN_POINT('Ctrl Pts',(26.9167061095665,-113.927604409418,85.1968578207489));
#5465=CARTESIAN_POINT('Ctrl Pts',(33.0456600624334,-120.170021181741,70.6306634707107));
#5466=CARTESIAN_POINT('Ctrl Pts',(36.5336569411868,-123.491533367902,61.4321454689679));
#5467=CARTESIAN_POINT('Ctrl Pts',(41.2980308610123,-127.89334971885,47.0165054949689));
#5468=CARTESIAN_POINT('Ctrl Pts',(42.8083915310026,-129.264272068446,42.1085566484968));
#5469=CARTESIAN_POINT('Ctrl Pts',(45.6587074749788,-131.83782876475,32.0741206538986));
#5470=CARTESIAN_POINT('Ctrl Pts',(46.9986243552421,-133.040527183196,26.9476070144027));
#5471=CARTESIAN_POINT('Ctrl Pts',(48.5600683540301,-134.453858622927,20.3970697883356));
#5472=CARTESIAN_POINT('Ctrl Pts',(48.8666955224769,-134.732019338624,19.0798530280746));
#5473=CARTESIAN_POINT('Ctrl Pts',(49.2659823963253,-135.095387635217,17.322452728179));
#5474=CARTESIAN_POINT('Ctrl Pts',(49.3637548487169,-135.184459097746,16.8886635837843));
#5475=CARTESIAN_POINT('Ctrl Pts',(49.5123315873459,-135.319970900194,16.2241322252685));
#5476=CARTESIAN_POINT('Ctrl Pts',(49.5635778253311,-135.366739832452,15.9939421140853));
#5477=CARTESIAN_POINT('Ctrl Pts',(49.762234190848,-135.548157471433,15.0977637663032));
#5478=CARTESIAN_POINT('Ctrl Pts',(49.9083786123648,-135.681873303396,14.4301953254875));
#5479=CARTESIAN_POINT('Ctrl Pts',(50.6318800579232,-136.345260901958,11.0833531379388));
#5480=CARTESIAN_POINT('Ctrl Pts',(51.1875598425059,-136.859367772203,8.37706592838913));
#5481=CARTESIAN_POINT('Ctrl Pts',(52.7843939316027,-138.355786610718,0.171158295295479));
#5482=CARTESIAN_POINT('Ctrl Pts',(53.755105184848,-139.292379489033,-5.41570669107688));
#5483=CARTESIAN_POINT('Ctrl Pts',(54.6323892279495,-140.176481519919,-11.1181712349045));
#5484=CARTESIAN_POINT('Ctrl Pts',(-20.301608392906,-17.2388504747879,197.548858744966));
#5485=CARTESIAN_POINT('Ctrl Pts',(-20.1535101112405,-17.5282350844392,197.325788407172));
#5486=CARTESIAN_POINT('Ctrl Pts',(-20.0054266001869,-17.8171652462951,197.102609707917));
#5487=CARTESIAN_POINT('Ctrl Pts',(-19.422406310745,-18.9530308904486,196.223416948234));
#5488=CARTESIAN_POINT('Ctrl Pts',(-18.9875828971381,-19.7964848964965,195.566576269666));
#5489=CARTESIAN_POINT('Ctrl Pts',(-17.970217597116,-21.7611981713556,194.027102419595));
#5490=CARTESIAN_POINT('Ctrl Pts',(-17.3877799824739,-22.8792818619906,193.143724660419));
#5491=CARTESIAN_POINT('Ctrl Pts',(-15.6411975027133,-26.2117093272138,190.488559517262));
#5492=CARTESIAN_POINT('Ctrl Pts',(-14.4777807341734,-28.4042270009572,188.711739782977));
#5493=CARTESIAN_POINT('Ctrl Pts',(-10.9907175681217,-34.8918395006964,183.361217823009));
#5494=CARTESIAN_POINT('Ctrl Pts',(-8.67020987147568,-39.0969401429208,179.767457204083));
#5495=CARTESIAN_POINT('Ctrl Pts',(-1.72496626784915,-51.3328627869826,168.906560981975));
#5496=CARTESIAN_POINT('Ctrl Pts',(2.88511384337766,-58.9841497793327,161.565297293547));
#5497=CARTESIAN_POINT('Ctrl Pts',(8.04073500304792,-67.0012208113109,153.139798984955));
#5498=CARTESIAN_POINT('Ctrl Pts',(8.6287162634862,-67.9075764512688,152.175455153535));
#5499=CARTESIAN_POINT('Ctrl Pts',(13.1830950231392,-74.8666153065267,144.676354853574));
#5500=CARTESIAN_POINT('Ctrl Pts',(17.1121764526671,-80.504862393863,138.032258957098));
#5501=CARTESIAN_POINT('Ctrl Pts',(25.3940665090354,-91.7008113592161,123.462431145956));
#5502=CARTESIAN_POINT('Ctrl Pts',(29.7233183397518,-97.1219827483709,115.491202248721));
#5503=CARTESIAN_POINT('Ctrl Pts',(35.3582310802701,-103.735659876232,104.334398167013));
#5504=CARTESIAN_POINT('Ctrl Pts',(36.8131084294922,-105.400852371529,101.377693518075));
#5505=CARTESIAN_POINT('Ctrl Pts',(40.8390041241073,-109.905063261155,92.9467340314261));
#5506=CARTESIAN_POINT('Ctrl Pts',(43.3517333913294,-112.592444231543,87.3873635633918));
#5507=CARTESIAN_POINT('Ctrl Pts',(49.4907245296875,-118.935316776793,72.8380717618004));
#5508=CARTESIAN_POINT('Ctrl Pts',(52.9672701783415,-122.308125070717,63.6433614003239));
#5509=CARTESIAN_POINT('Ctrl Pts',(57.6855735523444,-126.774382186433,49.2146074802551));
#5510=CARTESIAN_POINT('Ctrl Pts',(59.1758101474956,-128.164742459541,44.2991917187433));
#5511=CARTESIAN_POINT('Ctrl Pts',(61.9764656576345,-130.773921150052,34.2427365146811));
#5512=CARTESIAN_POINT('Ctrl Pts',(63.2868509898169,-131.992804394642,29.1016711065302));
#5513=CARTESIAN_POINT('Ctrl Pts',(64.8057402311667,-133.425036992039,22.5282542899478));
#5514=CARTESIAN_POINT('Ctrl Pts',(65.1035748439597,-133.706912117986,21.206228227436));
#5515=CARTESIAN_POINT('Ctrl Pts',(65.4908254228104,-134.075135298919,19.4421349104547));
#5516=CARTESIAN_POINT('Ctrl Pts',(65.5856024116957,-134.165397047286,19.0066715360783));
#5517=CARTESIAN_POINT('Ctrl Pts',(65.7295531834944,-134.302720497276,18.3395415402938));
#5518=CARTESIAN_POINT('Ctrl Pts',(65.7791902194527,-134.350114821297,18.1084450871823));
#5519=CARTESIAN_POINT('Ctrl Pts',(65.9715553137768,-134.533959081737,17.208714107539));
#5520=CARTESIAN_POINT('Ctrl Pts',(66.1129569022978,-134.66946501651,16.538447702603));
#5521=CARTESIAN_POINT('Ctrl Pts',(66.8124013951613,-135.341746502468,13.177821989608));
#5522=CARTESIAN_POINT('Ctrl Pts',(67.3477383851663,-135.862787206124,10.45956742526));
#5523=CARTESIAN_POINT('Ctrl Pts',(68.8803497408117,-137.379720672803,2.2149466385095));
#5524=CARTESIAN_POINT('Ctrl Pts',(69.8039730499508,-138.329625157788,-3.40148873472589));
#5525=CARTESIAN_POINT('Ctrl Pts',(70.6302408993169,-139.22727411575,-9.13714488706383));
#5526=CARTESIAN_POINT('Ctrl Pts',(-11.3923346901499,-15.5686794810378,198.70401031626));
#5527=CARTESIAN_POINT('Ctrl Pts',(-11.2421811264658,-15.8601006417065,198.481092681703));
#5528=CARTESIAN_POINT('Ctrl Pts',(-11.0920446518211,-16.1510695157841,198.258069459414));
#5529=CARTESIAN_POINT('Ctrl Pts',(-10.5009500881936,-17.2949710251455,197.379499891172));
#5530=CARTESIAN_POINT('Ctrl Pts',(-10.0601233598919,-18.144438534643,196.723148242681));
#5531=CARTESIAN_POINT('Ctrl Pts',(-9.02875804706926,-20.1232680520553,195.184876469106));
#5532=CARTESIAN_POINT('Ctrl Pts',(-8.43834085241424,-21.2494688180464,194.302231353391));
#5533=CARTESIAN_POINT('Ctrl Pts',(-6.66794370159791,-24.6063401740477,191.649399684787));
#5534=CARTESIAN_POINT('Ctrl Pts',(-5.48881589729338,-26.815277634457,189.874316750756));
#5535=CARTESIAN_POINT('Ctrl Pts',(-1.95518225125762,-33.3524771361418,184.529561899143));
#5536=CARTESIAN_POINT('Ctrl Pts',(0.395623425318579,-37.5910836725194,180.940417499127));
#5537=CARTESIAN_POINT('Ctrl Pts',(7.4289621721374,-49.9282504023612,170.095220146306));
#5538=CARTESIAN_POINT('Ctrl Pts',(12.0943553886553,-57.6480427541457,162.768167504687));
#5539=CARTESIAN_POINT('Ctrl Pts',(17.304979800093,-65.7386436570458,154.346482099232));
#5540=CARTESIAN_POINT('Ctrl Pts',(17.89912861469,-66.6533552462421,153.382421759881));
#5541=CARTESIAN_POINT('Ctrl Pts',(22.5004941272869,-73.6769784257759,145.884802846668));
#5542=CARTESIAN_POINT('Ctrl Pts',(26.4661653706606,-79.3705182225018,139.24105678455));
#5543=CARTESIAN_POINT('Ctrl Pts',(34.817205272059,-90.67829435972,124.674045440662));
#5544=CARTESIAN_POINT('Ctrl Pts',(39.1774410668604,-96.1553978318462,116.706248937578));
#5545=CARTESIAN_POINT('Ctrl Pts',(44.8433222610954,-102.837096177062,105.555414036886));
#5546=CARTESIAN_POINT('Ctrl Pts',(46.3052769751432,-104.519385392271,102.600325800709));
#5547=CARTESIAN_POINT('Ctrl Pts',(50.3478432801879,-109.069494336193,94.1735442954889));
#5548=CARTESIAN_POINT('Ctrl Pts',(52.8674940387961,-111.783818722582,88.6164259665383));
#5549=CARTESIAN_POINT('Ctrl Pts',(59.0126689568234,-118.188140691622,74.0686715506167));
#5550=CARTESIAN_POINT('Ctrl Pts',(62.4820444376556,-121.591340106026,64.8708036469744));
#5551=CARTESIAN_POINT('Ctrl Pts',(67.17122935353,-126.094265260537,50.4256376029712));
#5552=CARTESIAN_POINT('Ctrl Pts',(68.6487294149886,-127.49539666829,45.5028318444823));
#5553=CARTESIAN_POINT('Ctrl Pts',(71.4178912397955,-130.123850500524,35.4272458355278));
#5554=CARTESIAN_POINT('Ctrl Pts',(72.7095212472725,-131.351240376943,30.2744398471824));
#5555=CARTESIAN_POINT('Ctrl Pts',(74.2013629617155,-132.79320875398,23.6835064401802));
#5556=CARTESIAN_POINT('Ctrl Pts',(74.4936083398337,-133.076986499053,22.3578357672587));
#5557=CARTESIAN_POINT('Ctrl Pts',(74.8732074257908,-133.447684562821,20.5887186030236));
#5558=CARTESIAN_POINT('Ctrl Pts',(74.9660801725004,-133.538552109652,20.1520022438909));
#5559=CARTESIAN_POINT('Ctrl Pts',(75.1070901807838,-133.676796197921,19.4829330720781));
#5560=CARTESIAN_POINT('Ctrl Pts',(75.1557042350205,-133.724508073519,19.251161296987));
#5561=CARTESIAN_POINT('Ctrl Pts',(75.3440699372544,-133.909583514445,18.34878716315));
#5562=CARTESIAN_POINT('Ctrl Pts',(75.4824565174169,-134.04599559305,17.6765218626007));
#5563=CARTESIAN_POINT('Ctrl Pts',(76.1666086881652,-134.722769704773,14.3057255877029));
#5564=CARTESIAN_POINT('Ctrl Pts',(76.6890164405962,-135.247282598042,11.5787706320707));
#5565=CARTESIAN_POINT('Ctrl Pts',(78.1808335319749,-136.774437098314,3.30638352472756));
#5566=CARTESIAN_POINT('Ctrl Pts',(79.0745709891618,-137.730908932351,-2.33079115881427));
#5567=CARTESIAN_POINT('Ctrl Pts',(79.8685375543206,-138.635268674481,-8.08927121451795));
#5568=CARTESIAN_POINT('Ctrl Pts',(28.7119103741327,-7.4265859996732,203.907370342593));
#5569=CARTESIAN_POINT('Ctrl Pts',(28.871778743079,-7.72778339349743,203.684939776206));
#5570=CARTESIAN_POINT('Ctrl Pts',(29.0316197055662,-8.02854018641503,203.4624096263));
#5571=CARTESIAN_POINT('Ctrl Pts',(29.6608841865017,-9.21102714634158,202.5858048209));
#5572=CARTESIAN_POINT('Ctrl Pts',(30.1300959395889,-10.0893804155428,201.930970038289));
#5573=CARTESIAN_POINT('Ctrl Pts',(31.2276681169512,-12.1360403570068,200.396361627738));
#5574=CARTESIAN_POINT('Ctrl Pts',(31.8558301672014,-13.3012625997492,199.515901679669));
#5575=CARTESIAN_POINT('Ctrl Pts',(33.7388992036162,-16.7756889180176,196.869860695075));
#5576=CARTESIAN_POINT('Ctrl Pts',(34.9923917094676,-19.0636522595775,195.099622448979));
#5577=CARTESIAN_POINT('Ctrl Pts',(38.7465240655672,-25.8396047690151,189.770027493595));
#5578=CARTESIAN_POINT('Ctrl Pts',(41.2408790415737,-30.2396540833153,186.191942726715));
#5579=CARTESIAN_POINT('Ctrl Pts',(48.6914694948427,-43.0643887289543,175.377002338183));
#5580=CARTESIAN_POINT('Ctrl Pts',(53.6162183110737,-51.1117852547243,168.057947861986));
#5581=CARTESIAN_POINT('Ctrl Pts',(59.0914029853864,-59.5668501529454,159.632778836254));
#5582=CARTESIAN_POINT('Ctrl Pts',(59.7153860711804,-60.5231554504485,158.668423209055));
#5583=CARTESIAN_POINT('Ctrl Pts',(64.5453780122529,-67.8692972253162,151.170759101665));
#5584=CARTESIAN_POINT('Ctrl Pts',(68.6939200920767,-73.8432060960356,144.540302824665));
#5585=CARTESIAN_POINT('Ctrl Pts',(77.3905226451744,-85.7203745067674,129.992379145829));
#5586=CARTESIAN_POINT('Ctrl Pts',(81.9075340327829,-91.4827713765692,122.036797497536));
#5587=CARTESIAN_POINT('Ctrl Pts',(87.732765017934,-98.5087471965411,110.900935615905));
#5588=CARTESIAN_POINT('Ctrl Pts',(89.2314649249958,-100.277332040615,107.94939569916));
#5589=CARTESIAN_POINT('Ctrl Pts',(93.3615277766891,-105.058255137098,99.5294451258857));
#5590=CARTESIAN_POINT('Ctrl Pts',(95.9188340463984,-107.90701066252,93.9730316861159));
#5591=CARTESIAN_POINT('Ctrl Pts',(102.102317127619,-114.614206528045,79.40380389122));
#5592=CARTESIAN_POINT('Ctrl Pts',(105.539854916299,-118.163138254801,70.1702490906644));
#5593=CARTESIAN_POINT('Ctrl Pts',(110.086433193998,-122.835186238109,55.6119820726697));
#5594=CARTESIAN_POINT('Ctrl Pts',(111.500761183162,-124.284656652822,50.6416808614129));
#5595=CARTESIAN_POINT('Ctrl Pts',(114.112523696687,-126.99731277937,40.4494042229016));
#5596=CARTESIAN_POINT('Ctrl Pts',(115.309935977761,-128.260585118251,35.2274045959798));
#5597=CARTESIAN_POINT('Ctrl Pts',(116.665623709376,-129.742507323464,28.536164779616));
#5598=CARTESIAN_POINT('Ctrl Pts',(116.929722182312,-130.034032453825,27.1897461148951));
#5599=CARTESIAN_POINT('Ctrl Pts',(117.270779866725,-130.414738896828,25.3921918951853));
#5600=CARTESIAN_POINT('Ctrl Pts',(117.354060029727,-130.508050590105,24.9483957347533));
#5601=CARTESIAN_POINT('Ctrl Pts',(117.480255150284,-130.650000850493,24.2683888503903));
#5602=CARTESIAN_POINT('Ctrl Pts',(117.523715505737,-130.698989564069,24.0328114897853));
#5603=CARTESIAN_POINT('Ctrl Pts',(117.691932092566,-130.889009727218,23.1155562070759));
#5604=CARTESIAN_POINT('Ctrl Pts',(117.815127849872,-131.029048805792,22.4320659944951));
#5605=CARTESIAN_POINT('Ctrl Pts',(118.42222871141,-131.723749742613,19.0043017864549));
#5606=CARTESIAN_POINT('Ctrl Pts',(118.879482560977,-132.261938762228,16.2290708764301));
#5607=CARTESIAN_POINT('Ctrl Pts',(120.165835291495,-133.82903588473,7.80401285675567));
#5608=CARTESIAN_POINT('Ctrl Pts',(120.909217566684,-134.810751617631,2.05456536488817));
#5609=CARTESIAN_POINT('Ctrl Pts',(121.541227551601,-135.741001557919,-3.82558754391991));
#5610=CARTESIAN_POINT('Ctrl Pts',(60.4180474674944,0.638315109838603,208.029010266694));
#5611=CARTESIAN_POINT('Ctrl Pts',(60.5868970393018,0.327534758813188,207.806275016833));
#5612=CARTESIAN_POINT('Ctrl Pts',(60.7557107356235,0.0171786819786934,207.583429186408));
#5613=CARTESIAN_POINT('Ctrl Pts',(61.4202711069094,-1.20316922143165,206.705537250385));
#5614=CARTESIAN_POINT('Ctrl Pts',(61.9157396913323,-2.10990771192328,206.049645478015));
#5615=CARTESIAN_POINT('Ctrl Pts',(63.074575314593,-4.22331988533533,204.512324623404));
#5616=CARTESIAN_POINT('Ctrl Pts',(63.7376797270807,-5.42701767274852,203.630127903768));
#5617=CARTESIAN_POINT('Ctrl Pts',(65.7251008114874,-9.01757668497877,200.978292431138));
#5618=CARTESIAN_POINT('Ctrl Pts',(67.047527620813,-11.3839038083994,199.203409054248));
#5619=CARTESIAN_POINT('Ctrl Pts',(71.0062462894636,-18.3975228195441,193.857341770946));
#5620=CARTESIAN_POINT('Ctrl Pts',(73.634019506147,-22.9594438376323,190.264753872851));
#5621=CARTESIAN_POINT('Ctrl Pts',(81.4738002828657,-36.2779771877861,179.397426053249));
#5622=CARTESIAN_POINT('Ctrl Pts',(86.6433216691908,-44.6666165005346,172.033507120606));
#5623=CARTESIAN_POINT('Ctrl Pts',(92.3751674397601,-53.5109497774019,163.570354031653));
#5624=CARTESIAN_POINT('Ctrl Pts',(93.0281522753094,-54.5117228550574,162.601697431519));
#5625=CARTESIAN_POINT('Ctrl Pts',(98.0805412741222,-62.2025100516395,155.070264717697));
#5626=CARTESIAN_POINT('Ctrl Pts',(102.407903149677,-68.4754581401889,148.409038996671));
#5627=CARTESIAN_POINT('Ctrl Pts',(111.454290239497,-80.9705023553656,133.828967170832));
#5628=CARTESIAN_POINT('Ctrl Pts',(116.135816855995,-87.0457637173851,125.868629138464));
#5629=CARTESIAN_POINT('Ctrl Pts',(122.127725791497,-94.439618905317,114.712871513674));
#5630=CARTESIAN_POINT('Ctrl Pts',(123.664847436693,-96.2995080931006,111.754930847371));
#5631=CARTESIAN_POINT('Ctrl Pts',(127.885962475114,-101.321498304725,103.31115773479));
#5632=CARTESIAN_POINT('Ctrl Pts',(130.48177160784,-104.306715124164,97.7325520272729));
#5633=CARTESIAN_POINT('Ctrl Pts',(136.702014908394,-111.310035217518,83.0769738854137));
#5634=CARTESIAN_POINT('Ctrl Pts',(140.103456296888,-114.989270664832,73.7624300323872));
#5635=CARTESIAN_POINT('Ctrl Pts',(144.501200232823,-119.796630627788,59.0200629246953));
#5636=CARTESIAN_POINT('Ctrl Pts',(145.850307013654,-121.281452889919,53.9780688403179));
#5637=CARTESIAN_POINT('Ctrl Pts',(148.30059700981,-124.05006320707,43.6201398827749));
#5638=CARTESIAN_POINT('Ctrl Pts',(149.401748488914,-125.333960888534,38.3041704358638));
#5639=CARTESIAN_POINT('Ctrl Pts',(150.618226488283,-126.835850211049,31.4814846446583));
#5640=CARTESIAN_POINT('Ctrl Pts',(150.853540995839,-127.131078683934,30.1080817401593));
#5641=CARTESIAN_POINT('Ctrl Pts',(151.155168783208,-127.516371234775,28.2738084859611));
#5642=CARTESIAN_POINT('Ctrl Pts',(151.228633967322,-127.610786511792,27.8208913086148));
#5643=CARTESIAN_POINT('Ctrl Pts',(151.339668480251,-127.754386248539,27.1268246310379));
#5644=CARTESIAN_POINT('Ctrl Pts',(151.377854462906,-127.803938812457,26.8863611094319));
#5645=CARTESIAN_POINT('Ctrl Pts',(151.525448437344,-127.996125798934,25.9500213406507));
#5646=CARTESIAN_POINT('Ctrl Pts',(151.63309274877,-128.137718126475,25.2521827759521));
#5647=CARTESIAN_POINT('Ctrl Pts',(152.161291580648,-128.839929319797,21.7518323031639));
#5648=CARTESIAN_POINT('Ctrl Pts',(152.551756295702,-129.383308608315,18.915825474451));
#5649=CARTESIAN_POINT('Ctrl Pts',(153.627199245581,-130.96451364096,10.3007218357275));
#5650=CARTESIAN_POINT('Ctrl Pts',(154.215852447851,-131.953727497914,4.41423296623459));
#5651=CARTESIAN_POINT('Ctrl Pts',(154.680929808531,-132.891881321079,-1.61156453231124));
#5652=CARTESIAN_POINT('Ctrl Pts',(107.759064699134,17.5692270472006,213.529082103662));
#5653=CARTESIAN_POINT('Ctrl Pts',(107.94503324082,17.2436473619925,213.306568453207));
#5654=CARTESIAN_POINT('Ctrl Pts',(108.130972893069,16.9184449256824,213.083933651469));
#5655=CARTESIAN_POINT('Ctrl Pts',(108.862993287252,15.6394538630317,212.206830273622));
#5656=CARTESIAN_POINT('Ctrl Pts',(109.408847436947,14.6885589066525,211.551433937358));
#5657=CARTESIAN_POINT('Ctrl Pts',(110.685728602807,12.4708434647805,210.015044197789));
#5658=CARTESIAN_POINT('Ctrl Pts',(111.416534508852,11.2066725702211,209.13320538068));
#5659=CARTESIAN_POINT('Ctrl Pts',(113.607294430925,7.43247126082268,206.481884127376));
#5660=CARTESIAN_POINT('Ctrl Pts',(115.065593615538,4.94075022277325,204.706596999284));
#5661=CARTESIAN_POINT('Ctrl Pts',(119.432472813854,-2.45801538382188,199.356829078171));
#5662=CARTESIAN_POINT('Ctrl Pts',(122.333086990445,-7.2886927310462,195.758440768696));
#5663=CARTESIAN_POINT('Ctrl Pts',(130.990057005385,-21.4488362724166,184.862125773118));
#5664=CARTESIAN_POINT('Ctrl Pts',(136.702632034451,-30.4467496625246,177.463061152728));
#5665=CARTESIAN_POINT('Ctrl Pts',(143.033525640705,-40.0202804006849,168.941458412));
#5666=CARTESIAN_POINT('Ctrl Pts',(143.754711154688,-41.1049088972644,167.965859591859));
#5667=CARTESIAN_POINT('Ctrl Pts',(149.334355405836,-49.4503419903163,160.378559310928));
#5668=CARTESIAN_POINT('Ctrl Pts',(154.110314496928,-56.3191655087507,153.655517666714));
#5669=CARTESIAN_POINT('Ctrl Pts',(164.084761950797,-70.102048642654,138.934677154885));
#5670=CARTESIAN_POINT('Ctrl Pts',(169.246640119569,-76.8709041257478,130.90434980246));
#5671=CARTESIAN_POINT('Ctrl Pts',(175.818585711361,-85.1401016332903,119.648989749789));
#5672=CARTESIAN_POINT('Ctrl Pts',(177.500444734646,-87.2231281666633,116.66375397134));
#5673=CARTESIAN_POINT('Ctrl Pts',(182.098414410497,-92.8479435792775,108.132912671363));
#5674=CARTESIAN_POINT('Ctrl Pts',(184.901360431406,-96.1915946819164,102.486255142496));
#5675=CARTESIAN_POINT('Ctrl Pts',(191.488793133947,-103.993972917869,87.5791756195714));
#5676=CARTESIAN_POINT('Ctrl Pts',(194.955136161415,-108.045893762035,78.0336911306083));
#5677=CARTESIAN_POINT('Ctrl Pts',(199.101910134455,-113.226830969403,62.7564906916587));
#5678=CARTESIAN_POINT('Ctrl Pts',(200.310603750411,-114.806459103453,57.5057605032612));
#5679=CARTESIAN_POINT('Ctrl Pts',(202.370003108892,-117.716780105706,46.6718251034046));
#5680=CARTESIAN_POINT('Ctrl Pts',(203.220818897462,-119.047739262081,41.0886785134899));
#5681=CARTESIAN_POINT('Ctrl Pts',(204.067620569997,-120.590032890928,33.9028608927373));
#5682=CARTESIAN_POINT('Ctrl Pts',(204.22619232545,-120.892429873483,32.4553916895967));
#5683=CARTESIAN_POINT('Ctrl Pts',(204.422525957282,-121.286226351066,30.521087398308));
#5684=CARTESIAN_POINT('Ctrl Pts',(204.469768066115,-121.382655751454,30.0433818242738));
#5685=CARTESIAN_POINT('Ctrl Pts',(204.540286965526,-121.529219383118,29.3111999289412));
#5686=CARTESIAN_POINT('Ctrl Pts',(204.56437568608,-121.57977639506,29.0575076651967));
#5687=CARTESIAN_POINT('Ctrl Pts',(204.656846093349,-121.775790562226,28.0695679179296));
#5688=CARTESIAN_POINT('Ctrl Pts',(204.722913837984,-121.920055049543,27.3330826414982));
#5689=CARTESIAN_POINT('Ctrl Pts',(205.040239316233,-122.63486516037,23.6380168273207));
#5690=CARTESIAN_POINT('Ctrl Pts',(205.252429275695,-123.185896129832,20.6414912075551));
#5691=CARTESIAN_POINT('Ctrl Pts',(205.769711678169,-124.786151856786,11.5339218427695));
#5692=CARTESIAN_POINT('Ctrl Pts',(205.955209959441,-125.783207767729,5.30461031198949));
#5693=CARTESIAN_POINT('Ctrl Pts',(206.00047902171,-126.730500267368,-1.06950299490673));
#5694=CARTESIAN_POINT('Ctrl Pts',(123.488127869825,24.0288434546721,215.245618623802));
#5695=CARTESIAN_POINT('Ctrl Pts',(123.680405511889,23.6983190831524,215.023306465378));
#5696=CARTESIAN_POINT('Ctrl Pts',(123.87266014191,23.3681528798506,214.800870274932));
#5697=CARTESIAN_POINT('Ctrl Pts',(124.629568669934,22.0695415080951,213.924537312712));
#5698=CARTESIAN_POINT('Ctrl Pts',(125.194040365886,21.1038437637745,213.26969027871));
#5699=CARTESIAN_POINT('Ctrl Pts',(126.514608294173,18.851091295901,211.734522383001));
#5700=CARTESIAN_POINT('Ctrl Pts',(127.270522164455,17.5665526294233,210.853334409238));
#5701=CARTESIAN_POINT('Ctrl Pts',(129.536855552934,13.7303300897779,208.203805508058));
#5702=CARTESIAN_POINT('Ctrl Pts',(131.045870234855,11.1960371259298,206.429499882665));
#5703=CARTESIAN_POINT('Ctrl Pts',(135.565780993445,3.6657833160685,201.081923319536));
#5704=CARTESIAN_POINT('Ctrl Pts',(138.569603675599,-1.25759620802787,197.48399437309));
#5705=CARTESIAN_POINT('Ctrl Pts',(147.538593998399,-15.7113784674482,186.585051003287));
#5706=CARTESIAN_POINT('Ctrl Pts',(153.462472784266,-24.9261791384149,179.178853408866));
#5707=CARTESIAN_POINT('Ctrl Pts',(160.030607231151,-34.7655055674777,170.63995559942));
#5708=CARTESIAN_POINT('Ctrl Pts',(160.77886312419,-35.8807854493265,169.662247072574));
#5709=CARTESIAN_POINT('Ctrl Pts',(166.568246423188,-44.4661906895647,162.057506654268));
#5710=CARTESIAN_POINT('Ctrl Pts',(171.525348649766,-51.5574961626744,155.312526610612));
#5711=CARTESIAN_POINT('Ctrl Pts',(181.879356252958,-65.8307804708573,140.532599989967));
#5712=CARTESIAN_POINT('Ctrl Pts',(187.241117352462,-72.8704168603409,132.466515926893));
#5713=CARTESIAN_POINT('Ctrl Pts',(194.065431612248,-81.4891171463741,121.166328790852));
#5714=CARTESIAN_POINT('Ctrl Pts',(195.811227627453,-83.6619104712028,118.169085368397));
#5715=CARTESIAN_POINT('Ctrl Pts',(200.578148927273,-89.5306502799179,109.600687567739));
#5716=CARTESIAN_POINT('Ctrl Pts',(203.477108301327,-93.0210688532032,103.925444845264));
#5717=CARTESIAN_POINT('Ctrl Pts',(210.242207347275,-101.152196937732,88.913360517219));
#5718=CARTESIAN_POINT('Ctrl Pts',(213.749769736524,-105.358787932678,79.2716444253913));
#5719=CARTESIAN_POINT('Ctrl Pts',(217.806462761212,-110.692941315877,63.7709954234102));
#5720=CARTESIAN_POINT('Ctrl Pts',(218.96051311635,-112.31107784214,58.4330450503219));
#5721=CARTESIAN_POINT('Ctrl Pts',(220.863459799352,-115.278143169671,47.4007936915235));
#5722=CARTESIAN_POINT('Ctrl Pts',(221.612536633173,-116.627416063224,41.7065965253657));
#5723=CARTESIAN_POINT('Ctrl Pts',(222.308411889247,-118.184887405991,34.37078940719));
#5724=CARTESIAN_POINT('Ctrl Pts',(222.435624243687,-118.489937836662,32.8927717515723));
#5725=CARTESIAN_POINT('Ctrl Pts',(222.588911925842,-118.886834628694,30.917280294414));
#5726=CARTESIAN_POINT('Ctrl Pts',(222.625432099457,-118.983994049769,30.429373822599));
#5727=CARTESIAN_POINT('Ctrl Pts',(222.679383595205,-119.131625658675,29.6815157931063));
#5728=CARTESIAN_POINT('Ctrl Pts',(222.697707453705,-119.182543405139,29.422384415159));
#5729=CARTESIAN_POINT('Ctrl Pts',(222.767635035995,-119.379927503091,28.4132354434534));
#5730=CARTESIAN_POINT('Ctrl Pts',(222.816698137524,-119.525138510735,27.6608791933695));
#5731=CARTESIAN_POINT('Ctrl Pts',(223.047776291572,-120.244364939027,23.8859259592158));
#5732=CARTESIAN_POINT('Ctrl Pts',(223.187047629411,-120.797921514397,20.823784557232));
#5733=CARTESIAN_POINT('Ctrl Pts',(223.476358270414,-122.404164240011,11.5158553489305));
#5734=CARTESIAN_POINT('Ctrl Pts',(223.497617451963,-123.403243979633,5.14831548623176));
#5735=CARTESIAN_POINT('Ctrl Pts',(223.373261105511,-124.353174876909,-1.36445309804807));
#5736=CARTESIAN_POINT('Ctrl Pts',(154.39878735662,39.0036597696405,218.176276827827));
#5737=CARTESIAN_POINT('Ctrl Pts',(154.604370043058,38.6644021438461,217.954451960695));
#5738=CARTESIAN_POINT('Ctrl Pts',(154.809950636141,38.3254619965946,217.732500262159));
#5739=CARTESIAN_POINT('Ctrl Pts',(155.61941255188,36.9921418890174,216.858063535579));
#5740=CARTESIAN_POINT('Ctrl Pts',(156.223271348941,36.0001967696522,216.204606070192));
#5741=CARTESIAN_POINT('Ctrl Pts',(157.636444893358,33.6851700518341,214.672624953069));
#5742=CARTESIAN_POINT('Ctrl Pts',(158.445721315816,32.3643171046852,213.793211945893));
#5743=CARTESIAN_POINT('Ctrl Pts',(160.873116340167,28.4171561352782,211.148835325065));
#5744=CARTESIAN_POINT('Ctrl Pts',(162.490804797194,25.8062430436242,209.377735028783));
#5745=CARTESIAN_POINT('Ctrl Pts',(167.340608592609,18.0377462830762,204.038888295037));
#5746=CARTESIAN_POINT('Ctrl Pts',(170.56953803953,12.9443482643909,200.445610920559));
#5747=CARTESIAN_POINT('Ctrl Pts',(180.228692993409,-2.05591976240042,189.555122561717));
#5748=CARTESIAN_POINT('Ctrl Pts',(186.632878496882,-11.684186693086,182.147508761853));
#5749=CARTESIAN_POINT('Ctrl Pts',(193.759620327792,-22.0494502096644,173.589723038916));
#5750=CARTESIAN_POINT('Ctrl Pts',(194.571898229763,-23.2256470389059,172.609597432491));
#5751=CARTESIAN_POINT('Ctrl Pts',(200.859550319767,-32.2901964725704,164.983915936812));
#5752=CARTESIAN_POINT('Ctrl Pts',(206.260602115861,-39.8387181136095,158.207546946368));
#5753=CARTESIAN_POINT('Ctrl Pts',(217.572192362352,-55.1626468620499,143.318720311905));
#5754=CARTESIAN_POINT('Ctrl Pts',(223.447843980548,-62.8071332543868,135.165609890152));
#5755=CARTESIAN_POINT('Ctrl Pts',(230.959964001801,-72.2508768962269,123.740775133687));
#5756=CARTESIAN_POINT('Ctrl Pts',(232.884874837958,-74.6399876489006,120.710209761356));
#5757=CARTESIAN_POINT('Ctrl Pts',(238.143111453909,-81.1093150221354,112.041674665474));
#5758=CARTESIAN_POINT('Ctrl Pts',(241.34494037269,-84.9770738276542,106.295081305358));
#5759=CARTESIAN_POINT('Ctrl Pts',(248.741891229513,-93.985970426014,91.0245391505945));
#5760=CARTESIAN_POINT('Ctrl Pts',(252.490774795952,-98.6399619173412,81.1445563214147));
#5761=CARTESIAN_POINT('Ctrl Pts',(256.42886231275,-104.429074223059,65.061751792779));
#5762=CARTESIAN_POINT('Ctrl Pts',(257.464695359048,-106.16416019503,59.4939662036992));
#5763=CARTESIAN_POINT('Ctrl Pts',(258.976088841337,-109.30435309569,47.9401203339262));
#5764=CARTESIAN_POINT('Ctrl Pts',(259.452251526599,-110.710067498579,41.9544641344152));
#5765=CARTESIAN_POINT('Ctrl Pts',(259.737573955802,-112.315305223617,34.2318591751888));
#5766=CARTESIAN_POINT('Ctrl Pts',(259.779279889933,-112.62879260176,32.6753822615359));
#5767=CARTESIAN_POINT('Ctrl Pts',(259.815201446333,-113.035689916853,30.5946282886403));
#5768=CARTESIAN_POINT('Ctrl Pts',(259.822488399425,-113.135217197654,30.0806925107295));
#5769=CARTESIAN_POINT('Ctrl Pts',(259.831280471659,-113.28633403028,29.292900943693));
#5770=CARTESIAN_POINT('Ctrl Pts',(259.833892535652,-113.338433049522,29.0199260778697));
#5771=CARTESIAN_POINT('Ctrl Pts',(259.842392962208,-113.540319381923,27.9568446287649));
#5772=CARTESIAN_POINT('Ctrl Pts',(259.845145607357,-113.688676769152,27.1642346866921));
#5773=CARTESIAN_POINT('Ctrl Pts',(259.841586964821,-114.422774649074,23.1872242459938));
#5774=CARTESIAN_POINT('Ctrl Pts',(259.783294119314,-114.985499658594,19.9609234550486));
#5775=CARTESIAN_POINT('Ctrl Pts',(259.461510199715,-116.615615813137,10.1584290686345));
#5776=CARTESIAN_POINT('Ctrl Pts',(259.051506359386,-117.626499540179,3.45871793233907));
#5777=CARTESIAN_POINT('Ctrl Pts',(258.49624115194,-118.589919514622,-3.37695072979265));
#5778=CARTESIAN_POINT('Ctrl Pts',(169.578428144886,47.5240671842692,219.388702964857));
#5779=CARTESIAN_POINT('Ctrl Pts',(169.791015532407,47.1810425865763,219.167165282919));
#5780=CARTESIAN_POINT('Ctrl Pts',(170.003616129488,46.8383139482584,218.94550098581));
#5781=CARTESIAN_POINT('Ctrl Pts',(170.840779874699,45.4899911495115,218.072196623332));
#5782=CARTESIAN_POINT('Ctrl Pts',(171.465437843466,44.4866661665334,217.41958552344));
#5783=CARTESIAN_POINT('Ctrl Pts',(172.927605565326,42.1445553808296,215.889586858501));
#5784=CARTESIAN_POINT('Ctrl Pts',(173.765184324708,40.8078449292893,215.011310494892));
#5785=CARTESIAN_POINT('Ctrl Pts',(176.278226424941,36.8120372122017,212.370340164861));
#5786=CARTESIAN_POINT('Ctrl Pts',(177.953999918042,34.1672608514305,210.601506290694));
#5787=CARTESIAN_POINT('Ctrl Pts',(182.981124898924,26.292573155578,205.269373284715));
#5788=CARTESIAN_POINT('Ctrl Pts',(186.332363924187,21.1222478837182,201.680467480783));
#5789=CARTESIAN_POINT('Ctrl Pts',(196.371385134816,5.87026699730705,190.801915098091));
#5790=CARTESIAN_POINT('Ctrl Pts',(203.046373534529,-3.95382994437501,183.400995313211));
#5791=CARTESIAN_POINT('Ctrl Pts',(210.497906408855,-14.5789817843536,174.843721424602));
#5792=CARTESIAN_POINT('Ctrl Pts',(211.347547351163,-15.7854247492265,173.863543735721));
#5793=CARTESIAN_POINT('Ctrl Pts',(217.927085384329,-25.0890823499068,166.236466495878));
#5794=CARTESIAN_POINT('Ctrl Pts',(223.594925327017,-32.8728167054778,159.45334535208));
#5795=CARTESIAN_POINT('Ctrl Pts',(235.494907783658,-48.7600746070883,144.521978120695));
#5796=CARTESIAN_POINT('Ctrl Pts',(241.69186630857,-56.7425150564633,136.324031851669));
#5797=CARTESIAN_POINT('Ctrl Pts',(249.641862390367,-66.6690374048994,124.814493568674));
#5798=CARTESIAN_POINT('Ctrl Pts',(251.682579788281,-69.1867159957794,121.760866603167));
#5799=CARTESIAN_POINT('Ctrl Pts',(257.267434282907,-76.0189369352939,113.028717526324));
#5800=CARTESIAN_POINT('Ctrl Pts',(260.681291703185,-80.1222218868043,107.242519568483));
#5801=CARTESIAN_POINT('Ctrl Pts',(268.542012774613,-89.6900885908712,91.8232589033341));
#5802=CARTESIAN_POINT('Ctrl Pts',(272.488459307036,-94.6388369284541,81.80148388751));
#5803=CARTESIAN_POINT('Ctrl Pts',(276.38213349197,-100.723008691741,65.3590088955481));
#5804=CARTESIAN_POINT('Ctrl Pts',(277.348441842889,-102.533066879569,59.6481385307463));
#5805=CARTESIAN_POINT('Ctrl Pts',(278.617746323416,-105.783243973394,47.7692691331428));
#5806=CARTESIAN_POINT('Ctrl Pts',(278.921897685455,-107.224321439747,41.601859718127));
#5807=CARTESIAN_POINT('Ctrl Pts',(278.947939204808,-108.85983595549,33.6399065970031));
#5808=CARTESIAN_POINT('Ctrl Pts',(278.935612952941,-109.178691554235,32.0349707613262));
#5809=CARTESIAN_POINT('Ctrl Pts',(278.897352931418,-109.591987403372,29.889364651641));
#5810=CARTESIAN_POINT('Ctrl Pts',(278.886161637982,-109.693032858952,29.359405102505));
#5811=CARTESIAN_POINT('Ctrl Pts',(278.866407603851,-109.846389355617,28.5470515683693));
#5812=CARTESIAN_POINT('Ctrl Pts',(278.859087781581,-109.899248447562,28.2655658642117));
#5813=CARTESIAN_POINT('Ctrl Pts',(278.828758062065,-110.104035511335,27.169343030087));
#5814=CARTESIAN_POINT('Ctrl Pts',(278.802235779488,-110.25442847229,26.3520310756221));
#5815=CARTESIAN_POINT('Ctrl Pts',(278.650364649068,-110.998191491173,22.2512149143733));
#5816=CARTESIAN_POINT('Ctrl Pts',(278.46721430876,-111.567020178159,18.9249326245457));
#5817=CARTESIAN_POINT('Ctrl Pts',(277.760204844194,-113.213535415212,8.82375076102409));
#5818=CARTESIAN_POINT('Ctrl Pts',(277.079602852422,-114.233352025899,1.92689090164143));
#5819=CARTESIAN_POINT('Ctrl Pts',(276.259351240683,-115.207674042535,-5.09561008779953));
#5820=CARTESIAN_POINT('Ctrl Pts',(191.442186652799,62.0986682704793,220.536133290237));
#5821=CARTESIAN_POINT('Ctrl Pts',(191.664549731712,61.7519011697426,220.314433964197));
#5822=CARTESIAN_POINT('Ctrl Pts',(191.886951099725,61.4054026442727,220.092608093368));
#5823=CARTESIAN_POINT('Ctrl Pts',(192.76280497907,60.0421269451123,219.218667710736));
#5824=CARTESIAN_POINT('Ctrl Pts',(193.416545272966,59.0274078355841,218.565582512016));
#5825=CARTESIAN_POINT('Ctrl Pts',(194.947301832684,56.6580534982182,217.034473533979));
#5826=CARTESIAN_POINT('Ctrl Pts',(195.824565410292,55.3052974113752,216.155560722902));
#5827=CARTESIAN_POINT('Ctrl Pts',(198.457909696755,51.2599691480507,213.512673648849));
#5828=CARTESIAN_POINT('Ctrl Pts',(200.215547856874,48.5803349935991,211.742552448723));
#5829=CARTESIAN_POINT('Ctrl Pts',(205.493603554334,40.5950663494647,206.406470885784));
#5830=CARTESIAN_POINT('Ctrl Pts',(209.019240233502,35.343023754815,202.814826487641));
#5831=CARTESIAN_POINT('Ctrl Pts',(219.605784315829,19.8176418876395,191.927009940488));
#5832=CARTESIAN_POINT('Ctrl Pts',(226.678315514066,9.77383416135444,184.518847058194));
#5833=CARTESIAN_POINT('Ctrl Pts',(234.624548690686,-1.15742119215536,175.946944685323));
#5834=CARTESIAN_POINT('Ctrl Pts',(235.531354719447,-2.39967869776021,174.96499400559));
#5835=CARTESIAN_POINT('Ctrl Pts',(242.559656546071,-11.9880791394666,167.323231012759));
#5836=CARTESIAN_POINT('Ctrl Pts',(248.650321850024,-20.0606792856512,160.522409762401));
#5837=CARTESIAN_POINT('Ctrl Pts',(261.529658542148,-36.6784966340312,145.522831087275));
#5838=CARTESIAN_POINT('Ctrl Pts',(268.294157016746,-45.1205104800554,137.269539406002));
#5839=CARTESIAN_POINT('Ctrl Pts',(277.054103310622,-55.7697281682575,125.625133411843));
#5840=CARTESIAN_POINT('Ctrl Pts',(279.310540906895,-58.4859188252886,122.530467184203));
#5841=CARTESIAN_POINT('Ctrl Pts',(285.515348661292,-65.8998553637506,113.668868864077));
#5842=CARTESIAN_POINT('Ctrl Pts',(289.351680288824,-70.4061203684592,107.78821728672));
#5843=CARTESIAN_POINT('Ctrl Pts',(298.287690169851,-81.0169540024146,92.0718707856947));
#5844=CARTESIAN_POINT('Ctrl Pts',(302.895758056695,-86.6155169586916,81.797800755522));
#5845=CARTESIAN_POINT('Ctrl Pts',(307.040683384267,-93.4465715658141,64.6716229606799));
#5846=CARTESIAN_POINT('Ctrl Pts',(307.959641426296,-95.4657528935669,58.6846783314238));
#5847=CARTESIAN_POINT('Ctrl Pts',(308.830308566163,-99.0347931906871,46.1849907945419));
#5848=CARTESIAN_POINT('Ctrl Pts',(308.783741459731,-100.585329427337,39.6740798441496));
#5849=CARTESIAN_POINT('Ctrl Pts',(308.261063147607,-102.316166746062,31.2776802511383));
#5850=CARTESIAN_POINT('Ctrl Pts',(308.133798012183,-102.652132483443,29.5856198518563));
#5851=CARTESIAN_POINT('Ctrl Pts',(307.938035772214,-103.086129648265,27.3246856056631));
#5852=CARTESIAN_POINT('Ctrl Pts',(307.887634812721,-103.192114727044,26.7663317489797));
#5853=CARTESIAN_POINT('Ctrl Pts',(307.807384662271,-103.352802780237,25.910614398272));
#5854=CARTESIAN_POINT('Ctrl Pts',(307.779030699485,-103.408158417495,25.6141322021363));
#5855=CARTESIAN_POINT('Ctrl Pts',(307.666534249882,-103.622506808623,24.4596285344966));
#5856=CARTESIAN_POINT('Ctrl Pts',(307.578213075833,-103.77968279691,23.5991253713238));
#5857=CARTESIAN_POINT('Ctrl Pts',(307.114446210167,-104.556038679572,19.2831324653284));
#5858=CARTESIAN_POINT('Ctrl Pts',(306.672719675018,-105.146806661796,15.7872778422558));
#5859=CARTESIAN_POINT('Ctrl Pts',(305.192344982482,-106.85564725128,5.19303056880184));
#5860=CARTESIAN_POINT('Ctrl Pts',(304.003418581885,-107.914709285784,-2.01052767162292));
#5861=CARTESIAN_POINT('Ctrl Pts',(302.716157071521,-108.926503805088,-9.30965814026897));
#5862=CARTESIAN_POINT('Ctrl Pts',(198.57760255679,67.2545844653543,220.805918401041));
#5863=CARTESIAN_POINT('Ctrl Pts',(198.80309158624,66.9068871018639,220.584060349452));
#5864=CARTESIAN_POINT('Ctrl Pts',(199.028627512344,66.5594500312585,220.36207567279));
#5865=CARTESIAN_POINT('Ctrl Pts',(199.916857947467,65.1924458248398,219.487509653296));
#5866=CARTESIAN_POINT('Ctrl Pts',(200.579906558257,64.1748728494979,218.833956968609));
#5867=CARTESIAN_POINT('Ctrl Pts',(202.132629325328,61.7986643196053,217.301751772047));
#5868=CARTESIAN_POINT('Ctrl Pts',(203.022612327957,60.4418483656148,216.422209515693));
#5869=CARTESIAN_POINT('Ctrl Pts',(205.694548026555,56.3839191342174,213.777427964689));
#5870=CARTESIAN_POINT('Ctrl Pts',(207.478491040879,53.6953228247575,212.006035681469));
#5871=CARTESIAN_POINT('Ctrl Pts',(212.837336884545,45.6813243436382,206.666103278137));
#5872=CARTESIAN_POINT('Ctrl Pts',(216.419330066285,40.4076767333781,203.071843789392));
#5873=CARTESIAN_POINT('Ctrl Pts',(227.183739617971,24.8086571475166,192.175867620975));
#5874=CARTESIAN_POINT('Ctrl Pts',(234.386533853313,14.7041280574053,184.761931493894));
#5875=CARTESIAN_POINT('Ctrl Pts',(242.497750382548,3.68524522986695,176.181849523184));
#5876=CARTESIAN_POINT('Ctrl Pts',(243.423661132177,2.43269745129112,175.198938342553));
#5877=CARTESIAN_POINT('Ctrl Pts',(250.602283994978,-7.23783460359971,167.549484576742));
#5878=CARTESIAN_POINT('Ctrl Pts',(256.836527919661,-15.3954697200375,160.74073221799));
#5879=CARTESIAN_POINT('Ctrl Pts',(270.056164316211,-32.2357944378724,145.71609474051));
#5880=CARTESIAN_POINT('Ctrl Pts',(277.022719212449,-40.8215208874573,137.445154152094));
#5881=CARTESIAN_POINT('Ctrl Pts',(286.078778335942,-51.7094323744519,125.756094492339));
#5882=CARTESIAN_POINT('Ctrl Pts',(288.414766643027,-54.4922248833537,122.647598782127));
#5883=CARTESIAN_POINT('Ctrl Pts',(294.849316686541,-62.104696395292,113.738879042135));
#5884=CARTESIAN_POINT('Ctrl Pts',(298.841841464813,-66.7524870884749,107.819446193403));
#5885=CARTESIAN_POINT('Ctrl Pts',(308.199156539785,-77.744367034352,91.990622351173));
#5886=CARTESIAN_POINT('Ctrl Pts',(313.094504025094,-83.5960958268325,81.6263888620505));
#5887=CARTESIAN_POINT('Ctrl Pts',(317.380912038546,-90.7301263609744,64.2481903051193));
#5888=CARTESIAN_POINT('Ctrl Pts',(318.294125371959,-92.8360540822496,58.1588979622026));
#5889=CARTESIAN_POINT('Ctrl Pts',(319.025070197478,-96.5379611776003,45.4298483457077));
#5890=CARTESIAN_POINT('Ctrl Pts',(318.844944698881,-98.1344653346787,38.7924946544535));
#5891=CARTESIAN_POINT('Ctrl Pts',(318.111509514005,-99.9055896695827,30.2387424540329));
#5892=CARTESIAN_POINT('Ctrl Pts',(317.940045935739,-100.248810557841,28.5152515528975));
#5893=CARTESIAN_POINT('Ctrl Pts',(317.683770261754,-100.691619759535,26.2129062977699));
#5894=CARTESIAN_POINT('Ctrl Pts',(317.618308726802,-100.799710521405,25.6443724873191));
#5895=CARTESIAN_POINT('Ctrl Pts',(317.514832532624,-100.963528524051,24.7731331847753));
#5896=CARTESIAN_POINT('Ctrl Pts',(317.478404959758,-101.01995084557,24.4712876005895));
#5897=CARTESIAN_POINT('Ctrl Pts',(317.334379408813,-101.238387836192,23.2959583052537));
#5898=CARTESIAN_POINT('Ctrl Pts',(317.2223645095,-101.398471755963,22.4200604391003));
#5899=CARTESIAN_POINT('Ctrl Pts',(316.639166455551,-102.188836846767,18.0275761940753));
#5900=CARTESIAN_POINT('Ctrl Pts',(316.09891298364,-102.789153267135,14.4721073198239));
#5901=CARTESIAN_POINT('Ctrl Pts',(314.327073859134,-104.525450448677,3.70672810389467));
#5902=CARTESIAN_POINT('Ctrl Pts',(312.951602462385,-105.602429090312,-3.60008798849937));
#5903=CARTESIAN_POINT('Ctrl Pts',(311.497939253682,-106.63056370564,-10.9899826521943));
#5904=CARTESIAN_POINT('Ctrl Pts',(212.452853048625,78.1801330229426,221.068776532674));
#5905=CARTESIAN_POINT('Ctrl Pts',(212.68403104754,77.8313249135092,220.846242364138));
#5906=CARTESIAN_POINT('Ctrl Pts',(212.915271700716,77.4827632631914,220.623580250233));
#5907=CARTESIAN_POINT('Ctrl Pts',(213.826027216444,76.1112759029943,219.746341542287));
#5908=CARTESIAN_POINT('Ctrl Pts',(214.506017683056,75.0902375677352,219.090783380691));
#5909=CARTESIAN_POINT('Ctrl Pts',(216.098723659323,72.7056258864002,217.553856168529));
#5910=CARTESIAN_POINT('Ctrl Pts',(217.011861032492,71.3437725074306,216.671587729478));
#5911=CARTESIAN_POINT('Ctrl Pts',(219.754058250246,67.2700244880528,214.018558068101));
#5912=CARTESIAN_POINT('Ctrl Pts',(221.585906152372,64.5699409076572,212.2415744707));
#5913=CARTESIAN_POINT('Ctrl Pts',(227.09195109063,56.5183768688053,206.884550334865));
#5914=CARTESIAN_POINT('Ctrl Pts',(230.776710604867,51.2155594246019,203.27847674192));
#5915=CARTESIAN_POINT('Ctrl Pts',(241.866072864398,35.5140280889568,192.345357559107));
#5916=CARTESIAN_POINT('Ctrl Pts',(249.307473838679,25.3214663749444,184.90453041582));
#5917=CARTESIAN_POINT('Ctrl Pts',(257.724047716204,14.1697516619805,176.289050845781));
#5918=CARTESIAN_POINT('Ctrl Pts',(258.685363145032,12.9015359690907,175.302020117569));
#5919=CARTESIAN_POINT('Ctrl Pts',(266.142967863824,3.10537680722159,167.619946521007));
#5920=CARTESIAN_POINT('Ctrl Pts',(272.645740358307,-5.18538256001458,160.779150356431));
#5921=CARTESIAN_POINT('Ctrl Pts',(286.515418501567,-22.3865395657102,145.668723183261));
#5922=CARTESIAN_POINT('Ctrl Pts',(293.875159995211,-31.2110325548212,137.342737685924));
#5923=CARTESIAN_POINT('Ctrl Pts',(303.537852140748,-42.5183185565789,125.541117186328));
#5924=CARTESIAN_POINT('Ctrl Pts',(306.039579883784,-45.4199718751171,122.399334526896));
#5925=CARTESIAN_POINT('Ctrl Pts',(312.959213099541,-53.3952091181046,113.382065592907));
#5926=CARTESIAN_POINT('Ctrl Pts',(317.283760235014,-58.310826093644,107.373776049708));
#5927=CARTESIAN_POINT('Ctrl Pts',(327.556196024946,-70.0704080471622,91.2720225369018));
#5928=CARTESIAN_POINT('Ctrl Pts',(333.154004163085,-76.4825444921606,80.7063848581067));
#5929=CARTESIAN_POINT('Ctrl Pts',(337.970189525449,-84.3864236996721,62.7750202661834));
#5930=CARTESIAN_POINT('Ctrl Pts',(338.94950708552,-86.7318828118838,56.4603609890398));
#5931=CARTESIAN_POINT('Ctrl Pts',(339.462848186412,-90.8180558964662,43.2348656348621));
#5932=CARTESIAN_POINT('Ctrl Pts',(338.995153625914,-92.5561792182732,36.3286913557342));
#5933=CARTESIAN_POINT('Ctrl Pts',(337.779211267324,-94.4492887144589,27.452595686639));
#5934=CARTESIAN_POINT('Ctrl Pts',(337.505798050894,-94.8144299786952,25.6652937817659));
#5935=CARTESIAN_POINT('Ctrl Pts',(337.109994334337,-95.2837983650141,23.279669423112));
#5936=CARTESIAN_POINT('Ctrl Pts',(337.009811574222,-95.3982304205542,22.6907275475261));
#5937=CARTESIAN_POINT('Ctrl Pts',(336.852836443756,-95.5714684472395,21.7884695946542));
#5938=CARTESIAN_POINT('Ctrl Pts',(336.797820664167,-95.6311000077442,21.4759240796408));
#5939=CARTESIAN_POINT('Ctrl Pts',(336.581252301762,-95.8618346763842,20.2591183306648));
#5940=CARTESIAN_POINT('Ctrl Pts',(336.41482575816,-96.0306578425421,19.3527121542804));
#5941=CARTESIAN_POINT('Ctrl Pts',(335.558295450349,-96.863119175028,14.8093986806024));
#5942=CARTESIAN_POINT('Ctrl Pts',(334.795930542791,-97.4922120049057,11.1388593098325));
#5943=CARTESIAN_POINT('Ctrl Pts',(332.385337722558,-99.3110225032495,0.0496940569301896));
#5944=CARTESIAN_POINT('Ctrl Pts',(330.6272786821,-100.440477301922,-7.4434529821865));
#5945=CARTESIAN_POINT('Ctrl Pts',(328.838141220292,-101.50738430519,-14.9937069686176));
#5946=CARTESIAN_POINT('Ctrl Pts',(219.192321892763,83.9498678168196,221.061625171327));
#5947=CARTESIAN_POINT('Ctrl Pts',(219.426060738181,83.6008800642916,220.838572269327));
#5948=CARTESIAN_POINT('Ctrl Pts',(219.659869364825,83.2521332304507,220.615390167603));
#5949=CARTESIAN_POINT('Ctrl Pts',(220.580764673075,81.8798946193433,219.736099008647));
#5950=CARTESIAN_POINT('Ctrl Pts',(221.268381966753,80.8582474204665,219.078998700672));
#5951=CARTESIAN_POINT('Ctrl Pts',(222.879088741276,78.4720931852642,217.538435643532));
#5952=CARTESIAN_POINT('Ctrl Pts',(223.802651400152,77.1092661071032,216.654064465428));
#5953=CARTESIAN_POINT('Ctrl Pts',(226.576488502692,73.0323124838555,213.994662346094));
#5954=CARTESIAN_POINT('Ctrl Pts',(228.429914636012,70.329712781174,212.213344878529));
#5955=CARTESIAN_POINT('Ctrl Pts',(234.002297182956,62.2693432136147,206.843034910457));
#5956=CARTESIAN_POINT('Ctrl Pts',(237.733411122865,56.9589852778947,203.227727071209));
#5957=CARTESIAN_POINT('Ctrl Pts',(248.969661000336,41.228673183245,192.265494254656));
#5958=CARTESIAN_POINT('Ctrl Pts',(256.519228022276,31.0088864251087,184.803433202506));
#5959=CARTESIAN_POINT('Ctrl Pts',(265.075886533892,19.8121424352279,176.160514163816));
#5960=CARTESIAN_POINT('Ctrl Pts',(266.053467582312,18.5385703158429,175.170297689883));
#5961=CARTESIAN_POINT('Ctrl Pts',(273.639456382978,8.69909096517109,167.463075521815));
#5962=CARTESIAN_POINT('Ctrl Pts',(280.266863181604,0.360451931742864,160.597906870182));
#5963=CARTESIAN_POINT('Ctrl Pts',(294.445568139242,-16.9782616747995,145.425846601033));
#5964=CARTESIAN_POINT('Ctrl Pts',(301.996024616159,-25.8971175336407,137.061650453514));
#5965=CARTESIAN_POINT('Ctrl Pts',(311.969390315264,-37.3838332512713,125.191171686426));
#5966=CARTESIAN_POINT('Ctrl Pts',(314.557388026473,-40.3374053250812,122.029689474711));
#5967=CARTESIAN_POINT('Ctrl Pts',(321.734105867519,-48.475832755067,112.950417940365));
#5968=CARTESIAN_POINT('Ctrl Pts',(326.240533591752,-53.516883826345,106.89423873159));
#5969=CARTESIAN_POINT('Ctrl Pts',(337.014664400795,-65.6637644319757,90.6368969063178));
#5970=CARTESIAN_POINT('Ctrl Pts',(343.031050276513,-72.3874322066508,79.9604028180633));
#5971=CARTESIAN_POINT('Ctrl Pts',(348.251015204572,-80.7681841132711,61.7272300182033));
#5972=CARTESIAN_POINT('Ctrl Pts',(349.304449758702,-83.2699270110362,55.2888254383695));
#5973=CARTESIAN_POINT('Ctrl Pts',(349.730916107794,-87.6080389956447,41.7948167212672));
#5974=CARTESIAN_POINT('Ctrl Pts',(349.099468361032,-89.4384606173661,34.7453382287797));
#5975=CARTESIAN_POINT('Ctrl Pts',(347.605407982334,-91.4101673672666,25.7030945144557));
#5976=CARTESIAN_POINT('Ctrl Pts',(347.273170539354,-91.7894205632693,23.8831880678837));
#5977=CARTESIAN_POINT('Ctrl Pts',(346.797067660698,-92.2759171430007,21.4554273283687));
#5978=CARTESIAN_POINT('Ctrl Pts',(346.676918280892,-92.3944411137452,20.8561935698714));
#5979=CARTESIAN_POINT('Ctrl Pts',(346.489211631759,-92.5737621747175,19.9383456850429));
#5980=CARTESIAN_POINT('Ctrl Pts',(346.423524235139,-92.6354669573876,19.620432146696));
#5981=CARTESIAN_POINT('Ctrl Pts',(346.165335560794,-92.8741495865523,18.3828564269557));
#5982=CARTESIAN_POINT('Ctrl Pts',(345.967748866636,-93.0486284553799,17.4612552399892));
#5983=CARTESIAN_POINT('Ctrl Pts',(344.955088898598,-93.9083739926846,12.8432393116007));
#5984=CARTESIAN_POINT('Ctrl Pts',(344.067093606458,-94.5562122109186,9.11709080208862));
#5985=CARTESIAN_POINT('Ctrl Pts',(341.304745266532,-96.4298359934653,-2.12459640536291));
#5986=CARTESIAN_POINT('Ctrl Pts',(339.352792540006,-97.5966781494614,-9.69985656177709));
#5987=CARTESIAN_POINT('Ctrl Pts',(337.398438852553,-98.6877973563658,-17.3190714881238));
#5988=CARTESIAN_POINT('Ctrl Pts',(232.190744403658,96.1008407306132,220.725047621574));
#5989=CARTESIAN_POINT('Ctrl Pts',(232.428743052579,95.7522856616129,220.50046412486));
#5990=CARTESIAN_POINT('Ctrl Pts',(232.666822047295,95.4039637326114,220.275746840514));
#5991=CARTESIAN_POINT('Ctrl Pts',(233.604574020244,94.03336715935,219.390392615691));
#5992=CARTESIAN_POINT('Ctrl Pts',(234.30485914883,93.0128769901166,218.728729004188));
#5993=CARTESIAN_POINT('Ctrl Pts',(235.945437567935,90.6292654601779,217.177388690876));
#5994=CARTESIAN_POINT('Ctrl Pts',(236.886280106877,89.2677678209004,216.286770486205));
#5995=CARTESIAN_POINT('Ctrl Pts',(239.712496654571,85.1944021890917,213.608392295745));
#5996=CARTESIAN_POINT('Ctrl Pts',(241.60156152898,82.4936611271851,211.814111085974));
#5997=CARTESIAN_POINT('Ctrl Pts',(247.283239508624,74.4370951794332,206.403871385334));
#5998=CARTESIAN_POINT('Ctrl Pts',(251.090376540923,69.1269188780807,202.760565159017));
#5999=CARTESIAN_POINT('Ctrl Pts',(262.566354197615,53.3884368819281,191.709214921706));
#6000=CARTESIAN_POINT('Ctrl Pts',(270.290943314396,43.1518583559332,184.181078573931));
#6001=CARTESIAN_POINT('Ctrl Pts',(279.07247547631,31.915682859567,175.451354727603));
#6002=CARTESIAN_POINT('Ctrl Pts',(280.07614505296,30.6373002535686,174.451042204067));
#6003=CARTESIAN_POINT('Ctrl Pts',(287.867886464719,20.7579572078043,166.663983809051));
#6004=CARTESIAN_POINT('Ctrl Pts',(294.693937878395,12.3700810008719,159.72056850176));
#6005=CARTESIAN_POINT('Ctrl Pts',(309.365567512479,-5.12594723043349,144.350018567475));
#6006=CARTESIAN_POINT('Ctrl Pts',(317.219533080073,-14.1591743512346,135.861495532344));
#6007=CARTESIAN_POINT('Ctrl Pts',(327.699993835304,-25.8847568168708,123.776552282075));
#6008=CARTESIAN_POINT('Ctrl Pts',(330.429936938239,-28.9089820561606,120.554498176689));
#6009=CARTESIAN_POINT('Ctrl Pts',(338.036641453019,-37.2763428066141,111.289595528025));
#6010=CARTESIAN_POINT('Ctrl Pts',(342.855898737524,-42.4995001171215,105.095940382049));
#6011=CARTESIAN_POINT('Ctrl Pts',(354.541048147205,-55.2584018079516,88.4283554207581));
#6012=CARTESIAN_POINT('Ctrl Pts',(361.291179078334,-62.5125292409546,77.4710216301134));
#6013=CARTESIAN_POINT('Ctrl Pts',(367.621608169192,-71.9621144065386,58.5996215119355));
#6014=CARTESIAN_POINT('Ctrl Pts',(369.01161510533,-74.8644551735585,51.9050742692296));
#6015=CARTESIAN_POINT('Ctrl Pts',(369.618575850957,-79.9528722782132,37.8809584721342));
#6016=CARTESIAN_POINT('Ctrl Pts',(368.78689971365,-82.1170232293031,30.5652444167265));
#6017=CARTESIAN_POINT('Ctrl Pts',(366.754975246428,-84.3654677381611,21.2409283179397));
#6018=CARTESIAN_POINT('Ctrl Pts',(366.30390245072,-84.7939548648297,19.366897671463));
#6019=CARTESIAN_POINT('Ctrl Pts',(365.663355131169,-85.3390895238927,16.8705708340398));
#6020=CARTESIAN_POINT('Ctrl Pts',(365.502148344945,-85.4715295846162,16.2547033207118));
#6021=CARTESIAN_POINT('Ctrl Pts',(365.251171189203,-85.6713999998877,15.3118213661545));
#6022=CARTESIAN_POINT('Ctrl Pts',(365.163498823881,-85.7400824749948,14.9853179591331));
#6023=CARTESIAN_POINT('Ctrl Pts',(364.819576326049,-86.0054179122898,13.7146187096834));
#6024=CARTESIAN_POINT('Ctrl Pts',(364.557829292488,-86.1986507921286,12.7690274560702));
#6025=CARTESIAN_POINT('Ctrl Pts',(363.22559310371,-87.1479894356754,8.03414828972696));
#6026=CARTESIAN_POINT('Ctrl Pts',(362.089357676444,-87.8553164300397,4.2245433334372));
#6027=CARTESIAN_POINT('Ctrl Pts',(358.66838897097,-89.8928703971351,-7.24087341926561));
#6028=CARTESIAN_POINT('Ctrl Pts',(356.385171152938,-91.1414583012532,-14.9313334180261));
#6029=CARTESIAN_POINT('Ctrl Pts',(354.100753425715,-92.2561463005784,-22.6484806278292));
#6030=CARTESIAN_POINT('Ctrl Pts',(238.449345712429,102.482077916157,220.395437235176));
#6031=CARTESIAN_POINT('Ctrl Pts',(238.689041026218,102.134135370899,220.169840779004));
#6032=CARTESIAN_POINT('Ctrl Pts',(238.92882009627,101.78642373147,219.944107189411));
#6033=CARTESIAN_POINT('Ctrl Pts',(239.873279698902,100.418221256916,219.054737928705));
#6034=CARTESIAN_POINT('Ctrl Pts',(240.578598699032,99.3994976227537,218.390049754538));
#6035=CARTESIAN_POINT('Ctrl Pts',(242.231030649176,97.0199729530671,216.831559787036));
#6036=CARTESIAN_POINT('Ctrl Pts',(243.178717395329,95.6607794446645,215.936792364858));
#6037=CARTESIAN_POINT('Ctrl Pts',(246.025640762437,91.5942106501776,213.245795073393));
#6038=CARTESIAN_POINT('Ctrl Pts',(247.928742222968,88.8978468619784,211.442872739335));
#6039=CARTESIAN_POINT('Ctrl Pts',(253.653298334492,80.8538990173381,206.00595190533));
#6040=CARTESIAN_POINT('Ctrl Pts',(257.490040578103,75.5514526396535,202.34385217917));
#6041=CARTESIAN_POINT('Ctrl Pts',(269.058617340853,59.8336152494406,191.232388140675));
#6042=CARTESIAN_POINT('Ctrl Pts',(276.849844512903,49.6075030062845,183.659311884015));
#6043=CARTESIAN_POINT('Ctrl Pts',(285.715708138217,38.377016201367,174.870022740888));
#6044=CARTESIAN_POINT('Ctrl Pts',(286.729145015841,37.0991907867022,173.862775677446));
#6045=CARTESIAN_POINT('Ctrl Pts',(294.597793295863,27.2233995517938,166.02082905863));
#6046=CARTESIAN_POINT('Ctrl Pts',(301.497304215806,18.8342863338955,159.023302700262));
#6047=CARTESIAN_POINT('Ctrl Pts',(316.350588281506,1.31907442754672,143.514963270821));
#6048=CARTESIAN_POINT('Ctrl Pts',(324.315572260049,-7.73373659195985,134.939681095245));
#6049=CARTESIAN_POINT('Ctrl Pts',(334.987112617863,-19.5169902104974,122.706602483229));
#6050=CARTESIAN_POINT('Ctrl Pts',(337.771038658278,-22.5593637114614,119.442847307991));
#6051=CARTESIAN_POINT('Ctrl Pts',(345.544631526113,-30.9902110197266,110.051066271441));
#6052=CARTESIAN_POINT('Ctrl Pts',(350.488202560826,-36.2679284402687,103.764175685312));
#6053=CARTESIAN_POINT('Ctrl Pts',(362.570371669056,-49.2416842457266,86.8279362479474));
#6054=CARTESIAN_POINT('Ctrl Pts',(369.628507743664,-56.6959699417559,75.6879185316076));
#6055=CARTESIAN_POINT('Ctrl Pts',(376.726778335975,-66.7536577469667,56.4929085071883));
#6056=CARTESIAN_POINT('Ctrl Pts',(378.426619280648,-69.9161974104297,49.6680099977141));
#6057=CARTESIAN_POINT('Ctrl Pts',(379.393056530167,-75.5637176912468,35.3854530004615));
#6058=CARTESIAN_POINT('Ctrl Pts',(378.503741225305,-77.9993802101255,27.9516389631138));
#6059=CARTESIAN_POINT('Ctrl Pts',(376.134247505184,-80.4200469298794,18.5151546112168));
#6060=CARTESIAN_POINT('Ctrl Pts',(375.609813307962,-80.8772181593945,16.6202313194757));
#6061=CARTESIAN_POINT('Ctrl Pts',(374.873211930827,-81.4571700994319,14.098310475932));
#6062=CARTESIAN_POINT('Ctrl Pts',(374.688393867769,-81.5979245526396,13.4763083077771));
#6063=CARTESIAN_POINT('Ctrl Pts',(374.401559080662,-81.810228792368,12.5243097124655));
#6064=CARTESIAN_POINT('Ctrl Pts',(374.30152210922,-81.8831623075361,12.1946997332457));
#6065=CARTESIAN_POINT('Ctrl Pts',(373.909722190559,-82.1648627301962,10.9121055812808));
#6066=CARTESIAN_POINT('Ctrl Pts',(373.612874059511,-82.3698969745914,9.9580830519689));
#6067=CARTESIAN_POINT('Ctrl Pts',(372.108377362655,-83.376981725534,5.18302500209856));
#6068=CARTESIAN_POINT('Ctrl Pts',(370.843439311263,-84.1272657360554,1.34784138323967));
#6069=CARTESIAN_POINT('Ctrl Pts',(367.14718391933,-86.2961534092717,-10.1827711497935));
#6070=CARTESIAN_POINT('Ctrl Pts',(364.775039274612,-87.5911235662883,-17.9060254053573));
#6071=CARTESIAN_POINT('Ctrl Pts',(362.31871151498,-88.6891375241133,-25.6525748036552));
#6072=CARTESIAN_POINT('Ctrl Pts',(247.426195203395,112.494036667569,219.634558530429));
#6073=CARTESIAN_POINT('Ctrl Pts',(247.66761862427,112.14756934904,219.407013534555));
#6074=CARTESIAN_POINT('Ctrl Pts',(247.909126871208,111.80133193323,219.179324499936));
#6075=CARTESIAN_POINT('Ctrl Pts',(248.860399329044,110.438930200528,218.282228149578));
#6076=CARTESIAN_POINT('Ctrl Pts',(249.570810185968,109.424525308667,217.611715009278));
#6077=CARTESIAN_POINT('Ctrl Pts',(251.235181033865,107.055086776775,216.039445770792));
#6078=CARTESIAN_POINT('Ctrl Pts',(252.18972223745,105.701653326433,215.136674229696));
#6079=CARTESIAN_POINT('Ctrl Pts',(255.057259582075,101.652311998922,212.421310473471));
#6080=CARTESIAN_POINT('Ctrl Pts',(256.974171167868,98.9673629489271,210.601672108306));
#6081=CARTESIAN_POINT('Ctrl Pts',(262.740363579406,90.9574229933558,205.113037431367));
#6082=CARTESIAN_POINT('Ctrl Pts',(266.605138042583,85.6773345242402,201.41438279118));
#6083=CARTESIAN_POINT('Ctrl Pts',(278.258661680198,70.0253952343478,190.185539378869));
#6084=CARTESIAN_POINT('Ctrl Pts',(286.107660536891,59.8416999908505,182.524151191279));
#6085=CARTESIAN_POINT('Ctrl Pts',(295.040054411951,48.6562521545091,173.61697179414));
#6086=CARTESIAN_POINT('Ctrl Pts',(296.061107782279,47.3835267725101,172.59598951012));
#6087=CARTESIAN_POINT('Ctrl Pts',(303.988985284482,37.5469348536603,164.645242476906));
#6088=CARTESIAN_POINT('Ctrl Pts',(310.940967674901,29.1899790522127,157.539963656606));
#6089=CARTESIAN_POINT('Ctrl Pts',(325.908660507267,11.7354399122963,141.756228142339));
#6090=CARTESIAN_POINT('Ctrl Pts',(333.935774122997,2.7105927443298,133.007013000263));
#6091=CARTESIAN_POINT('Ctrl Pts',(344.692765163754,-9.05383084313811,120.476974105707));
#6092=CARTESIAN_POINT('Ctrl Pts',(347.499199685746,-12.0931575625515,117.129627164989));
#6093=CARTESIAN_POINT('Ctrl Pts',(355.336954998976,-20.52377762233,107.483526513025));
#6094=CARTESIAN_POINT('Ctrl Pts',(360.3218925998,-25.8102106206613,101.009902889978));
#6095=CARTESIAN_POINT('Ctrl Pts',(372.527070764696,-38.8650981333377,83.5337317958792));
#6096=CARTESIAN_POINT('Ctrl Pts',(379.622927226429,-46.4029371187501,71.9904423299305));
#6097=CARTESIAN_POINT('Ctrl Pts',(387.241666707797,-56.9591937395288,52.2540347796499));
#6098=CARTESIAN_POINT('Ctrl Pts',(389.233608036298,-60.358324562214,45.2579539192808));
#6099=CARTESIAN_POINT('Ctrl Pts',(391.124750103712,-66.7794400842435,30.6691683664954));
#6100=CARTESIAN_POINT('Ctrl Pts',(390.925621696877,-69.819389617529,23.1133463458527));
#6101=CARTESIAN_POINT('Ctrl Pts',(388.759792491268,-72.9133875486016,13.6198540411996));
#6102=CARTESIAN_POINT('Ctrl Pts',(388.239530100018,-73.4948152656899,11.7173452964435));
#6103=CARTESIAN_POINT('Ctrl Pts',(387.473080060974,-74.215395678234,9.18833097401835));
#6104=CARTESIAN_POINT('Ctrl Pts',(387.278274153895,-74.388927877523,8.5648159308285));
#6105=CARTESIAN_POINT('Ctrl Pts',(386.97342524923,-74.6484911298046,7.61077103743025));
#6106=CARTESIAN_POINT('Ctrl Pts',(386.866654632428,-74.737257459802,7.28050187460727));
#6107=CARTESIAN_POINT('Ctrl Pts',(386.447236259879,-75.0785710079317,5.99550163945933));
#6108=CARTESIAN_POINT('Ctrl Pts',(386.126866689179,-75.3236399167274,5.04002681754721));
#6109=CARTESIAN_POINT('Ctrl Pts',(384.504183678631,-76.5131711236088,0.258519718025716));
#6110=CARTESIAN_POINT('Ctrl Pts',(383.170191264417,-77.3599294903734,-3.58000728196623));
#6111=CARTESIAN_POINT('Ctrl Pts',(379.183657425051,-79.6797145465223,-15.1274944176549));
#6112=CARTESIAN_POINT('Ctrl Pts',(376.426223400771,-80.9014535924923,-22.8665031988959));
#6113=CARTESIAN_POINT('Ctrl Pts',(373.609841055584,-81.9562162846641,-30.6230052214965));
#6114=CARTESIAN_POINT('Ctrl Pts',(250.350140208987,115.904531654976,219.336637795374));
#6115=CARTESIAN_POINT('Ctrl Pts',(250.592004310051,115.558648081601,219.108372312297));
#6116=CARTESIAN_POINT('Ctrl Pts',(250.833952926481,115.212994461743,218.87996017934));
#6117=CARTESIAN_POINT('Ctrl Pts',(251.78695808201,113.852891622939,217.98000622031));
#6118=CARTESIAN_POINT('Ctrl Pts',(252.498658831491,112.840202211501,217.30733840597));
#6119=CARTESIAN_POINT('Ctrl Pts',(254.166041590984,110.474779614803,215.729970961374));
#6120=CARTESIAN_POINT('Ctrl Pts',(255.12230243657,109.123646952963,214.824237050277));
#6121=CARTESIAN_POINT('Ctrl Pts',(257.994980845744,105.081210186044,212.099852271171));
#6122=CARTESIAN_POINT('Ctrl Pts',(259.915296046117,102.400867091569,210.274021499065));
#6123=CARTESIAN_POINT('Ctrl Pts',(265.691611988532,94.4047536557977,204.766217508826));
#6124=CARTESIAN_POINT('Ctrl Pts',(269.563020267593,89.1338942683792,201.053997100231));
#6125=CARTESIAN_POINT('Ctrl Pts',(281.235934898782,73.5096815180211,189.781540264667));
#6126=CARTESIAN_POINT('Ctrl Pts',(289.097217824159,63.3445259692561,182.087272483336));
#6127=CARTESIAN_POINT('Ctrl Pts',(298.041891465863,52.1800867734622,173.136113316484));
#6128=CARTESIAN_POINT('Ctrl Pts',(299.064322888094,50.9097615256903,172.110005935907));
#6129=CARTESIAN_POINT('Ctrl Pts',(307.002682780843,41.0917952340921,164.118653347315));
#6130=CARTESIAN_POINT('Ctrl Pts',(313.96264187694,32.7511308849179,156.973108990535));
#6131=CARTESIAN_POINT('Ctrl Pts',(328.942461801858,15.3314096610837,141.086408725856));
#6132=CARTESIAN_POINT('Ctrl Pts',(336.973140050575,6.32521181442051,132.2721235259));
#6133=CARTESIAN_POINT('Ctrl Pts',(347.725590105916,-5.41591978362921,119.631204077297));
#6134=CARTESIAN_POINT('Ctrl Pts',(350.529929535285,-8.44935040155427,116.252663402155));
#6135=CARTESIAN_POINT('Ctrl Pts',(358.35846218339,-16.8645340392472,106.511751635712));
#6136=CARTESIAN_POINT('Ctrl Pts',(363.333347606747,-22.1421567192141,99.968607683024));
#6137=CARTESIAN_POINT('Ctrl Pts',(375.500483026786,-35.1853194435261,82.2919868818901));
#6138=CARTESIAN_POINT('Ctrl Pts',(382.536236032091,-42.7180523826901,70.597668348381));
#6139=CARTESIAN_POINT('Ctrl Pts',(390.197600301174,-53.3621508929511,50.6677675806851));
#6140=CARTESIAN_POINT('Ctrl Pts',(392.236754794899,-56.8066200097402,43.6161173915883));
#6141=CARTESIAN_POINT('Ctrl Pts',(394.467351470625,-63.4470249927966,28.9373694933864));
#6142=CARTESIAN_POINT('Ctrl Pts',(394.724249872358,-66.7218236936303,21.3479293568834));
#6143=CARTESIAN_POINT('Ctrl Pts',(392.796100220305,-70.1624320818643,11.8565643705725));
#6144=CARTESIAN_POINT('Ctrl Pts',(392.288769029245,-70.805305740742,9.95596722223316));
#6145=CARTESIAN_POINT('Ctrl Pts',(391.513773730804,-71.5872454049363,7.42980759105522));
#6146=CARTESIAN_POINT('Ctrl Pts',(391.315353573472,-71.774592905859,6.80703634497258));
#6147=CARTESIAN_POINT('Ctrl Pts',(391.004854866023,-72.054019456726,5.85419444715608));
#6148=CARTESIAN_POINT('Ctrl Pts',(390.896106921006,-72.1494300149506,5.5243539446163));
#6149=CARTESIAN_POINT('Ctrl Pts',(390.469662351519,-72.5159125529686,4.24107131056841));
#6150=CARTESIAN_POINT('Ctrl Pts',(390.146030403093,-72.7783304284248,3.28699750540967));
#6151=CARTESIAN_POINT('Ctrl Pts',(388.52233139337,-74.0495754629119,-1.48741307977232));
#6152=CARTESIAN_POINT('Ctrl Pts',(387.219046486156,-74.9334819703845,-5.32196144063172));
#6153=CARTESIAN_POINT('Ctrl Pts',(383.108917389838,-77.2505571683628,-16.8645269603411));
#6154=CARTESIAN_POINT('Ctrl Pts',(380.133769064532,-78.4200558446368,-24.6029645566188));
#6155=CARTESIAN_POINT('Ctrl Pts',(377.17811623394,-79.46212512897,-32.3568848003804));
#6156=CARTESIAN_POINT('Ctrl Pts',(254.629065384032,121.126238924099,218.821400655091));
#6157=CARTESIAN_POINT('Ctrl Pts',(254.871375288247,120.781358062442,218.59194614455));
#6158=CARTESIAN_POINT('Ctrl Pts',(255.113768167764,120.436707739453,218.362340613523));
#6159=CARTESIAN_POINT('Ctrl Pts',(256.06851643288,119.080557706292,217.457670229545));
#6160=CARTESIAN_POINT('Ctrl Pts',(256.781504065297,118.070822305909,216.781445641846));
#6161=CARTESIAN_POINT('Ctrl Pts',(258.451865251705,115.712325595255,215.195661221446));
#6162=CARTESIAN_POINT('Ctrl Pts',(259.409806267698,114.365168974657,214.28503558903));
#6163=CARTESIAN_POINT('Ctrl Pts',(262.287442434184,110.334689634262,211.545751684167));
#6164=CARTESIAN_POINT('Ctrl Pts',(264.210952638441,107.66235718253,209.709689802339));
#6165=CARTESIAN_POINT('Ctrl Pts',(269.996471140641,99.6904032126983,204.170203203501));
#6166=CARTESIAN_POINT('Ctrl Pts',(273.873508251121,94.4358193862585,200.435547202613));
#6167=CARTESIAN_POINT('Ctrl Pts',(285.561261290833,78.8610520826272,189.090923767262));
#6168=CARTESIAN_POINT('Ctrl Pts',(293.429819234017,68.729672162869,181.342196971633));
#6169=CARTESIAN_POINT('Ctrl Pts',(302.377040378656,57.6047897876509,172.318218752079));
#6170=CARTESIAN_POINT('Ctrl Pts',(303.399676736291,56.3390029606783,171.283626039709));
#6171=CARTESIAN_POINT('Ctrl Pts',(311.338899273872,46.5564156760533,163.225051552982));
#6172=CARTESIAN_POINT('Ctrl Pts',(318.295530132354,38.2475966305728,156.012864444475));
#6173=CARTESIAN_POINT('Ctrl Pts',(333.251625775311,20.8992967421024,139.956268232344));
#6174=CARTESIAN_POINT('Ctrl Pts',(341.259981677545,11.9332277649322,131.034796943705));
#6175=CARTESIAN_POINT('Ctrl Pts',(351.952172827097,0.249017176908725,118.213066226642));
#6176=CARTESIAN_POINT('Ctrl Pts',(354.737825364338,-2.76927597564592,114.783808388281));
#6177=CARTESIAN_POINT('Ctrl Pts',(362.502849210877,-11.1414853511371,104.889478348923));
#6178=CARTESIAN_POINT('Ctrl Pts',(367.423998994595,-16.3908411165859,98.2345593534828));
#6179=CARTESIAN_POINT('Ctrl Pts',(379.403527073828,-29.3652265919786,80.2409026861286));
#6180=CARTESIAN_POINT('Ctrl Pts',(386.250326825406,-36.8542847561105,68.3134072058689));
#6181=CARTESIAN_POINT('Ctrl Pts',(393.665676156347,-47.4867424281243,48.1000562578454));
#6182=CARTESIAN_POINT('Ctrl Pts',(395.628974252986,-50.9337701178383,40.9698009985498));
#6183=CARTESIAN_POINT('Ctrl Pts',(397.956265617384,-57.6661748957522,26.1731244334647));
#6184=CARTESIAN_POINT('Ctrl Pts',(398.453270223501,-60.9953275501084,18.5330890500864));
#6185=CARTESIAN_POINT('Ctrl Pts',(397.52258788547,-64.9824788021188,9.04618229547414));
#6186=CARTESIAN_POINT('Ctrl Pts',(397.232270606502,-65.765292349159,7.15074206200249));
#6187=CARTESIAN_POINT('Ctrl Pts',(396.665508179684,-66.7244912300328,4.63501863801974));
#6188=CARTESIAN_POINT('Ctrl Pts',(396.5118141243,-66.95409086337,4.01503943895257));
#6189=CARTESIAN_POINT('Ctrl Pts',(396.25821425575,-67.292638078357,3.06648803346485));
#6190=CARTESIAN_POINT('Ctrl Pts',(396.167088802883,-67.4075148653555,2.73813571825359));
#6191=CARTESIAN_POINT('Ctrl Pts',(395.801530176124,-67.8451488652621,1.46055006812582));
#6192=CARTESIAN_POINT('Ctrl Pts',(395.506423443163,-68.1502017892256,0.510457916735381));
#6193=CARTESIAN_POINT('Ctrl Pts',(393.980023736267,-69.5869175500328,-4.2463056892864));
#6194=CARTESIAN_POINT('Ctrl Pts',(392.578501471247,-70.4689103031055,-8.07306292346896));
#6195=CARTESIAN_POINT('Ctrl Pts',(388.119979377077,-72.8423508299561,-19.5914394915908));
#6196=CARTESIAN_POINT('Ctrl Pts',(384.957138514208,-74.0610462936134,-27.3149818973441));
#6197=CARTESIAN_POINT('Ctrl Pts',(381.875969253835,-75.1556621319822,-35.055857635409));
#6198=CARTESIAN_POINT('Ctrl Pts',(256.037555404766,122.88445904374,218.638270752493));
#6199=CARTESIAN_POINT('Ctrl Pts',(256.279978109146,122.539933561382,218.408401889698));
#6200=CARTESIAN_POINT('Ctrl Pts',(256.522483096861,122.195638897368,218.178380474322));
#6201=CARTESIAN_POINT('Ctrl Pts',(257.47767001788,120.840890382315,217.272066439126));
#6202=CARTESIAN_POINT('Ctrl Pts',(258.190978830939,119.832202994004,216.594602254781));
#6203=CARTESIAN_POINT('Ctrl Pts',(259.862076762322,117.476164946737,215.005884191108));
#6204=CARTESIAN_POINT('Ctrl Pts',(260.820428255502,116.130420974681,214.093553464845));
#6205=CARTESIAN_POINT('Ctrl Pts',(263.699258980653,112.104193663641,211.349075794527));
#6206=CARTESIAN_POINT('Ctrl Pts',(265.62351646368,109.434714657041,209.509446847128));
#6207=CARTESIAN_POINT('Ctrl Pts',(271.411107583239,101.471382541107,203.958912529989));
#6208=CARTESIAN_POINT('Ctrl Pts',(275.289302371531,96.2226282764534,200.216431138706));
#6209=CARTESIAN_POINT('Ctrl Pts',(286.979633089983,80.6656487123156,188.846631196614));
#6210=CARTESIAN_POINT('Ctrl Pts',(294.848762949314,70.5465188359639,181.078897757834));
#6211=CARTESIAN_POINT('Ctrl Pts',(303.794197935284,59.4361578151551,172.029510097397));
#6212=CARTESIAN_POINT('Ctrl Pts',(304.816593454546,58.1720395804047,170.991956607972));
#6213=CARTESIAN_POINT('Ctrl Pts',(312.753636619751,48.4024806252262,162.909927571718));
#6214=CARTESIAN_POINT('Ctrl Pts',(319.706620570996,40.1055060205127,155.674491135433));
#6215=CARTESIAN_POINT('Ctrl Pts',(334.647863869136,22.7841941994254,139.558706763121));
#6216=CARTESIAN_POINT('Ctrl Pts',(342.644197612009,13.8335145026049,130.599923403847));
#6217=CARTESIAN_POINT('Ctrl Pts',(353.307487345794,2.17190506227063,117.715540332048));
#6218=CARTESIAN_POINT('Ctrl Pts',(356.08434974705,-0.840304817210822,114.268732497906));
#6219=CARTESIAN_POINT('Ctrl Pts',(363.820033944082,-9.19492784367388,104.321430843886));
#6220=CARTESIAN_POINT('Ctrl Pts',(368.716925257268,-14.4323883182828,97.6280342599557));
#6221=CARTESIAN_POINT('Ctrl Pts',(380.612624894264,-27.3754949179915,79.526079733362));
#6222=CARTESIAN_POINT('Ctrl Pts',(387.380624092064,-34.8441300061846,67.519795104721));
#6223=CARTESIAN_POINT('Ctrl Pts',(394.664062521541,-45.4499207696314,47.2135098938807));
#6224=CARTESIAN_POINT('Ctrl Pts',(396.579752788648,-48.887840964654,40.0581714756183));
#6225=CARTESIAN_POINT('Ctrl Pts',(398.86759106125,-55.6124308787645,25.2252354355849));
#6226=CARTESIAN_POINT('Ctrl Pts',(399.298498496895,-58.9025594677429,17.5687412174331));
#6227=CARTESIAN_POINT('Ctrl Pts',(398.839313112502,-63.0512774395896,8.08128108946839));
#6228=CARTESIAN_POINT('Ctrl Pts',(398.707163610347,-63.8913360142401,6.18796394258739));
#6229=CARTESIAN_POINT('Ctrl Pts',(398.258010308762,-64.9407212529804,3.6769917028428));
#6230=CARTESIAN_POINT('Ctrl Pts',(398.119204083224,-65.1919089856596,3.05817676093409));
#6231=CARTESIAN_POINT('Ctrl Pts',(397.882673900067,-65.5588531509542,2.11139494063887));
#6232=CARTESIAN_POINT('Ctrl Pts',(397.79745927315,-65.6828006523899,1.78366768784051));
#6233=CARTESIAN_POINT('Ctrl Pts',(397.46333830486,-66.1523551778238,0.508604483319012));
#6234=CARTESIAN_POINT('Ctrl Pts',(397.209416160223,-66.4726398202741,-0.439485895585388));
#6235=CARTESIAN_POINT('Ctrl Pts',(395.775683912872,-67.9507545019899,-5.18883302077382));
#6236=CARTESIAN_POINT('Ctrl Pts',(394.219189824441,-68.8227264297518,-9.01362533870987));
#6237=CARTESIAN_POINT('Ctrl Pts',(389.622485393452,-71.2439709587492,-20.520460842598));
#6238=CARTESIAN_POINT('Ctrl Pts',(386.437537139507,-72.5015276345968,-28.2366902420809));
#6239=CARTESIAN_POINT('Ctrl Pts',(383.330649436015,-73.6261558183857,-35.971715639638));
#6240=CARTESIAN_POINT('Ctrl Pts',(257.775534334375,125.10383301004,218.39499334977));
#6241=CARTESIAN_POINT('Ctrl Pts',(258.018052554323,124.759776763489,218.164584140536));
#6242=CARTESIAN_POINT('Ctrl Pts',(258.260651967538,124.415951780902,217.934020373178));
#6243=CARTESIAN_POINT('Ctrl Pts',(259.216206324911,123.063054408731,217.025562834407));
#6244=CARTESIAN_POINT('Ctrl Pts',(259.92977969541,122.055751915063,216.346482014885));
#6245=CARTESIAN_POINT('Ctrl Pts',(261.601473301553,119.702964477366,214.753937859287));
#6246=CARTESIAN_POINT('Ctrl Pts',(262.560147914923,118.359089407895,213.839383219704));
#6247=CARTESIAN_POINT('Ctrl Pts',(265.439890183386,114.338491301906,211.088131139296));
#6248=CARTESIAN_POINT('Ctrl Pts',(267.364678379739,111.672795065639,209.243849138371));
#6249=CARTESIAN_POINT('Ctrl Pts',(273.153597523169,103.720909595309,203.678902670052));
#6250=CARTESIAN_POINT('Ctrl Pts',(277.032327833255,98.4799169874236,199.926211459976));
#6251=CARTESIAN_POINT('Ctrl Pts',(288.722878929003,82.9466997879128,188.523563283643));
#6252=CARTESIAN_POINT('Ctrl Pts',(296.59037764929,72.8440362876537,180.731028681016));
#6253=CARTESIAN_POINT('Ctrl Pts',(305.530256940266,61.7533647619254,171.648513573356));
#6254=CARTESIAN_POINT('Ctrl Pts',(306.551961765223,60.4915113990358,170.607100394867));
#6255=CARTESIAN_POINT('Ctrl Pts',(314.483173090122,50.7396564306903,162.494499871557));
#6256=CARTESIAN_POINT('Ctrl Pts',(321.428408640821,42.4588893174238,155.228776624838));
#6257=CARTESIAN_POINT('Ctrl Pts',(336.342424984783,25.1748883909849,139.036072355766));
#6258=CARTESIAN_POINT('Ctrl Pts',(344.318034391292,16.2456860294989,130.028870258846));
#6259=CARTESIAN_POINT('Ctrl Pts',(354.93447410018,4.61625810976044,117.063739038082));
#6260=CARTESIAN_POINT('Ctrl Pts',(357.697250900923,1.61276819890046,113.594357953917));
#6261=CARTESIAN_POINT('Ctrl Pts',(365.386474744364,-6.71639974336965,103.579141137306));
#6262=CARTESIAN_POINT('Ctrl Pts',(370.245522557162,-11.9363908680175,96.8366335638278));
#6263=CARTESIAN_POINT('Ctrl Pts',(382.012016417593,-24.8318531076037,78.5979507948155));
#6264=CARTESIAN_POINT('Ctrl Pts',(388.664233199394,-32.2690032544973,66.4937644006699));
#6265=CARTESIAN_POINT('Ctrl Pts',(395.729753038047,-42.819986121797,46.0767901449441));
#6266=CARTESIAN_POINT('Ctrl Pts',(397.565078131389,-46.2377559823068,38.8926215325316));
#6267=CARTESIAN_POINT('Ctrl Pts',(399.717472730397,-52.9171301585232,24.0202635029202));
#6268=CARTESIAN_POINT('Ctrl Pts',(400.027471725447,-56.1669901172294,16.3496885939182));
#6269=CARTESIAN_POINT('Ctrl Pts',(399.723571369023,-60.3180955488064,6.85129164102287));
#6270=CARTESIAN_POINT('Ctrl Pts',(399.652540964772,-61.162647689969,4.95668823579697));
#6271=CARTESIAN_POINT('Ctrl Pts',(399.496456436989,-62.2807424581042,2.45114372375935));
#6272=CARTESIAN_POINT('Ctrl Pts',(399.445216480627,-62.5539663110905,1.8341637670095));
#6273=CARTESIAN_POINT('Ctrl Pts',(399.311344076645,-62.9546613686967,0.889914972242692));
#6274=CARTESIAN_POINT('Ctrl Pts',(399.254905237934,-63.0900986775701,0.562996309640381));
#6275=CARTESIAN_POINT('Ctrl Pts',(399.000747185177,-63.6010195499898,-0.709342897497499));
#6276=CARTESIAN_POINT('Ctrl Pts',(398.746868075589,-63.9450321210031,-1.65618175414892));
#6277=CARTESIAN_POINT('Ctrl Pts',(397.336040124177,-65.5398347116185,-6.39803532558498));
#6278=CARTESIAN_POINT('Ctrl Pts',(395.806532603565,-66.4875799895761,-10.2148790479865));
#6279=CARTESIAN_POINT('Ctrl Pts',(391.261540565205,-69.0850774140618,-21.7015094830965));
#6280=CARTESIAN_POINT('Ctrl Pts',(388.084547202462,-70.409368305652,-29.407144178049));
#6281=CARTESIAN_POINT('Ctrl Pts',(384.979268074311,-71.5902666597706,-37.1334981011624));
#6282=CARTESIAN_POINT('Ctrl Pts',(258.121998726766,125.54878757384,218.345619788686));
#6283=CARTESIAN_POINT('Ctrl Pts',(258.364533777035,125.204826424366,218.115101390628));
#6284=CARTESIAN_POINT('Ctrl Pts',(258.607149791331,124.861096632923,217.884428028686));
#6285=CARTESIAN_POINT('Ctrl Pts',(259.562768597582,123.508574448917,216.975537345305));
#6286=CARTESIAN_POINT('Ctrl Pts',(260.276388037453,122.501552675798,216.29612984422));
#6287=CARTESIAN_POINT('Ctrl Pts',(261.948184526416,120.149424219141,214.702812524008));
#6288=CARTESIAN_POINT('Ctrl Pts',(262.906914271833,118.805928081847,213.78780847751));
#6289=CARTESIAN_POINT('Ctrl Pts',(265.786809786073,114.786471516331,211.035187415342));
#6290=CARTESIAN_POINT('Ctrl Pts',(267.711683969974,112.121542626197,209.189965100147));
#6291=CARTESIAN_POINT('Ctrl Pts',(273.500805627352,104.17197993097,203.62210610041));
#6292=CARTESIAN_POINT('Ctrl Pts',(277.379597498979,98.9325633740496,199.867351540731));
#6293=CARTESIAN_POINT('Ctrl Pts',(289.070042714313,83.4041749780752,188.458064901645));
#6294=CARTESIAN_POINT('Ctrl Pts',(296.937098019272,73.3048623990358,180.660517977837));
#6295=CARTESIAN_POINT('Ctrl Pts',(305.875700229918,62.2182055866729,171.571309188091));
#6296=CARTESIAN_POINT('Ctrl Pts',(306.897247458732,60.9568141454804,170.529116146926));
#6297=CARTESIAN_POINT('Ctrl Pts',(314.827137239855,51.2085708299292,162.410338747493));
#6298=CARTESIAN_POINT('Ctrl Pts',(321.770663858122,42.9311152310116,155.138496976612));
#6299=CARTESIAN_POINT('Ctrl Pts',(336.678802580898,25.6547550074602,138.930262278185));
#6300=CARTESIAN_POINT('Ctrl Pts',(344.649982904979,16.7299599632553,129.913287707271));
#6301=CARTESIAN_POINT('Ctrl Pts',(355.256518246392,5.107164344634,116.931885589786));
#6302=CARTESIAN_POINT('Ctrl Pts',(358.016323598772,2.10547406250239,113.457958172185));
#6303=CARTESIAN_POINT('Ctrl Pts',(365.695768144511,-6.21842982958452,103.429073590233));
#6304=CARTESIAN_POINT('Ctrl Pts',(370.546873019775,-11.4347975554196,96.6766933360116));
#6305=CARTESIAN_POINT('Ctrl Pts',(382.286313116988,-24.3203061149017,78.4105972763556));
#6306=CARTESIAN_POINT('Ctrl Pts',(388.914506745972,-31.7508598035959,66.286859143428));
#6307=CARTESIAN_POINT('Ctrl Pts',(395.933857226918,-42.2898319518242,45.8480178172058));
#6308=CARTESIAN_POINT('Ctrl Pts',(397.752085659085,-45.7031392013045,38.6582079630029));
#6309=CARTESIAN_POINT('Ctrl Pts',(399.8733694095,-52.3718125444084,23.7782631190127));
#6310=CARTESIAN_POINT('Ctrl Pts',(400.160363164138,-55.61412680035,16.1051808928371));
#6311=CARTESIAN_POINT('Ctrl Pts',(399.863544912911,-59.7570412761625,6.60419996378744));
#6312=CARTESIAN_POINT('Ctrl Pts',(399.793202185477,-60.5993300714267,4.70913744497638));
#6313=CARTESIAN_POINT('Ctrl Pts',(399.695189539167,-61.7266309206806,2.20449429910883));
#6314=CARTESIAN_POINT('Ctrl Pts',(399.664900963624,-62.0034402438342,1.58788289193686));
#6315=CARTESIAN_POINT('Ctrl Pts',(399.559574644049,-62.410411066675,0.644193196905643));
#6316=CARTESIAN_POINT('Ctrl Pts',(399.511662235141,-62.5480783737097,0.317455908316846));
#6317=CARTESIAN_POINT('Ctrl Pts',(399.279020955243,-63.0672228632841,-0.954324277167352));
#6318=CARTESIAN_POINT('Ctrl Pts',(399.019386095772,-63.4168394862234,-1.90100366510553));
#6319=CARTESIAN_POINT('Ctrl Pts',(397.611401738883,-65.0410512444663,-6.64137495197369));
#6320=CARTESIAN_POINT('Ctrl Pts',(396.101036164725,-66.0072763537996,-10.4563710005014));
#6321=CARTESIAN_POINT('Ctrl Pts',(391.577854507423,-68.6453573398863,-21.9386988712354));
#6322=CARTESIAN_POINT('Ctrl Pts',(388.403896644526,-69.9838914301203,-29.642144641725));
#6323=CARTESIAN_POINT('Ctrl Pts',(385.300586875353,-71.1769505315714,-37.3666984612971));
#6324=CARTESIAN_POINT('Ctrl Pts',(258.801694033821,126.426684324273,218.247024068303));
#6325=CARTESIAN_POINT('Ctrl Pts',(259.044257724649,126.082912772753,218.016288561));
#6326=CARTESIAN_POINT('Ctrl Pts',(259.286901906079,125.73937277334,217.785397282685));
#6327=CARTESIAN_POINT('Ctrl Pts',(260.242629725533,124.387598667397,216.875645337073));
#6328=CARTESIAN_POINT('Ctrl Pts',(260.95632634096,123.381136675714,216.195588258999));
#6329=CARTESIAN_POINT('Ctrl Pts',(262.628293255969,121.030322426845,214.600733559642));
#6330=CARTESIAN_POINT('Ctrl Pts',(263.587112781898,119.687582104749,213.684835893794));
#6331=CARTESIAN_POINT('Ctrl Pts',(266.467252573515,115.670402789163,210.929492666814));
#6332=CARTESIAN_POINT('Ctrl Pts',(268.392256235909,113.007005125617,209.082400544499));
#6333=CARTESIAN_POINT('Ctrl Pts',(274.181652026736,105.062078971492,203.50874993923));
#6334=CARTESIAN_POINT('Ctrl Pts',(278.060475241408,99.8258103543058,199.749892297294));
#6335=CARTESIAN_POINT('Ctrl Pts',(289.750416407932,84.3070737258639,188.327404861184));
#6336=CARTESIAN_POINT('Ctrl Pts',(297.616368019709,74.2144677935533,180.519890701648));
#6337=CARTESIAN_POINT('Ctrl Pts',(306.552130108082,63.1358606150045,171.417374520905));
#6338=CARTESIAN_POINT('Ctrl Pts',(307.573328870612,61.8753955466829,170.373631118124));
#6339=CARTESIAN_POINT('Ctrl Pts',(315.50031231079,52.1343969751739,162.242574590722));
#6340=CARTESIAN_POINT('Ctrl Pts',(322.440162355901,43.8635934634728,154.958571686092));
#6341=CARTESIAN_POINT('Ctrl Pts',(337.335885457823,26.6026126146708,138.719488390895));
#6342=CARTESIAN_POINT('Ctrl Pts',(345.297791969229,17.6867049640177,129.683110178402));
#6343=CARTESIAN_POINT('Ctrl Pts',(355.883795457098,6.07733243441493,116.669458823305));
#6344=CARTESIAN_POINT('Ctrl Pts',(358.637453221504,3.07928875034347,113.186525241137));
#6345=CARTESIAN_POINT('Ctrl Pts',(366.296709033066,-5.23393056072036,103.130587746024));
#6346=CARTESIAN_POINT('Ctrl Pts',(371.131460562903,-10.442925419376,96.3586894125214));
#6347=CARTESIAN_POINT('Ctrl Pts',(382.815350787789,-23.3080620310762,78.0385508928155));
#6348=CARTESIAN_POINT('Ctrl Pts',(389.394607998433,-30.7250715877119,65.8764304645114));
#6349=CARTESIAN_POINT('Ctrl Pts',(396.318466216107,-41.2385958726125,45.3951535468454));
#6350=CARTESIAN_POINT('Ctrl Pts',(398.10125051914,-44.6423755937212,38.1945069673057));
#6351=CARTESIAN_POINT('Ctrl Pts',(400.154538349072,-51.2874208386245,23.3002657957327));
#6352=CARTESIAN_POINT('Ctrl Pts',(400.399387814066,-54.5145494027479,15.6227074435652));
#6353=CARTESIAN_POINT('Ctrl Pts',(400.076978894532,-58.6317550395731,6.11656673941687));
#6354=CARTESIAN_POINT('Ctrl Pts',(400.000356567588,-59.4676698735304,4.22063306759463));
#6355=CARTESIAN_POINT('Ctrl Pts',(399.950784670605,-60.598733637488,1.71634849519059));
#6356=CARTESIAN_POINT('Ctrl Pts',(399.940148871556,-60.8780532973123,1.09999644048551));
#6357=CARTESIAN_POINT('Ctrl Pts',(399.876201993909,-61.293338704468,0.157003402142476));
#6358=CARTESIAN_POINT('Ctrl Pts',(399.844038354322,-61.4346409202823,-0.169447448339548));
#6359=CARTESIAN_POINT('Ctrl Pts',(399.667117694085,-61.9698240224349,-1.44009847642551));
#6360=CARTESIAN_POINT('Ctrl Pts',(399.43076704361,-62.3348504522908,-2.38599194948024));
#6361=CARTESIAN_POINT('Ctrl Pts',(398.112030038688,-64.030894063794,-7.12239219233893));
#6362=CARTESIAN_POINT('Ctrl Pts',(396.632571017449,-65.0369641765315,-10.9338606241878));
#6363=CARTESIAN_POINT('Ctrl Pts',(392.177708757014,-67.7643007641695,-22.4073348422278));
#6364=CARTESIAN_POINT('Ctrl Pts',(389.012154151677,-69.1327257380537,-30.106358926029));
#6365=CARTESIAN_POINT('Ctrl Pts',(385.916098840472,-70.3514519248136,-37.8272608852229));
#6366=CARTESIAN_POINT('Ctrl Pts',(259.134995889208,126.859559425446,218.19784686259));
#6367=CARTESIAN_POINT('Ctrl Pts',(259.377571532687,126.515882297885,217.967003504645));
#6368=CARTESIAN_POINT('Ctrl Pts',(259.620227423573,126.172436821947,217.736003974676));
#6369=CARTESIAN_POINT('Ctrl Pts',(260.576000373675,124.821035300728,216.825824188397));
#6370=CARTESIAN_POINT('Ctrl Pts',(261.289728523394,123.814852139851,216.145444424229));
#6371=CARTESIAN_POINT('Ctrl Pts',(262.96176399988,121.464692572761,214.549826005438));
#6372=CARTESIAN_POINT('Ctrl Pts',(263.920618769206,120.122328816891,213.633484414942));
#6373=CARTESIAN_POINT('Ctrl Pts',(266.800851413142,116.106284245367,210.876788883082));
#6374=CARTESIAN_POINT('Ctrl Pts',(268.725899829239,113.44364979897,209.028767871941));
#6375=CARTESIAN_POINT('Ctrl Pts',(274.515371191037,105.501035355819,203.452240065803));
#6376=CARTESIAN_POINT('Ctrl Pts',(278.394167038708,100.266337171024,199.691344020842));
#6377=CARTESIAN_POINT('Ctrl Pts',(290.083719423131,84.7524188251555,188.262298524288));
#6378=CARTESIAN_POINT('Ctrl Pts',(297.94901808929,74.6631650887341,180.449832679447));
#6379=CARTESIAN_POINT('Ctrl Pts',(306.883227501781,63.5885881426336,171.340706997372));
#6380=CARTESIAN_POINT('Ctrl Pts',(307.904236609329,62.3285869790002,170.296193584901));
#6381=CARTESIAN_POINT('Ctrl Pts',(315.82964494233,52.591217177871,162.159038662192));
#6382=CARTESIAN_POINT('Ctrl Pts',(322.767537282875,44.3237499790588,154.868996904429));
#6383=CARTESIAN_POINT('Ctrl Pts',(337.656749276859,27.0704969899457,138.614604356778));
#6384=CARTESIAN_POINT('Ctrl Pts',(345.613828719546,18.1590626626753,129.568600341109));
#6385=CARTESIAN_POINT('Ctrl Pts',(356.189237668713,6.55646920194521,116.538977758743));
#6386=CARTESIAN_POINT('Ctrl Pts',(358.939728789355,3.56026916956401,113.051586182218));
#6387=CARTESIAN_POINT('Ctrl Pts',(366.588605036322,-4.74753988776702,102.982268345037));
#6388=CARTESIAN_POINT('Ctrl Pts',(371.414969013951,-9.95279293540767,96.200727350448));
#6389=CARTESIAN_POINT('Ctrl Pts',(383.07043624107,-22.8075360807612,77.8539624041025));
#6390=CARTESIAN_POINT('Ctrl Pts',(389.624832574624,-30.2176157231118,65.6730082317792));
#6391=CARTESIAN_POINT('Ctrl Pts',(396.49951521214,-40.7177605464027,45.1711436097646));
#6392=CARTESIAN_POINT('Ctrl Pts',(398.264008993001,-44.1164989506343,37.9652930769659));
#6393=CARTESIAN_POINT('Ctrl Pts',(400.280630550344,-50.7487003142247,23.0643222810548));
#6394=CARTESIAN_POINT('Ctrl Pts',(400.50585882864,-53.9680585425097,15.3847669742286));
#6395=CARTESIAN_POINT('Ctrl Pts',(400.152866213338,-58.0683513931141,5.87608243745777));
#6396=CARTESIAN_POINT('Ctrl Pts',(400.0709560497,-58.9004311650187,3.97976075594383));
#6397=CARTESIAN_POINT('Ctrl Pts',(400.011966827338,-60.0266862223852,1.47495364937049));
#6398=CARTESIAN_POINT('Ctrl Pts',(399.99898114861,-60.3049877021719,0.858481415076723));
#6399=CARTESIAN_POINT('Ctrl Pts',(399.945717140983,-60.7222785723628,-0.0844001224016417));
#6400=CARTESIAN_POINT('Ctrl Pts',(399.920193657383,-60.8649801021351,-0.410752546821404));
#6401=CARTESIAN_POINT('Ctrl Pts',(399.776913296404,-61.4079995513592,-1.68083577174984));
#6402=CARTESIAN_POINT('Ctrl Pts',(399.571213797024,-61.7826881240337,-2.62608233240849));
#6403=CARTESIAN_POINT('Ctrl Pts',(398.340784760801,-63.520374844938,-7.35997611007523));
#6404=CARTESIAN_POINT('Ctrl Pts',(396.87112849133,-64.5477616407547,-11.1697884917723));
#6405=CARTESIAN_POINT('Ctrl Pts',(392.461973423525,-67.3234541045805,-22.6387248103011));
#6406=CARTESIAN_POINT('Ctrl Pts',(389.301706990952,-68.7074730679145,-30.3355195446007));
#6407=CARTESIAN_POINT('Ctrl Pts',(386.210829464305,-69.9396503753837,-38.0545732262812));
#6408=CARTESIAN_POINT('Ctrl Pts',(259.478122921111,127.307660810741,218.146359569576));
#6409=CARTESIAN_POINT('Ctrl Pts',(259.720708697608,126.964082376573,217.915403746914));
#6410=CARTESIAN_POINT('Ctrl Pts',(259.963374459183,126.620735701562,217.684291333592));
#6411=CARTESIAN_POINT('Ctrl Pts',(260.919185225363,125.269723636747,216.77366540086));
#6412=CARTESIAN_POINT('Ctrl Pts',(261.632939287015,124.263831959986,216.092949141794));
#6413=CARTESIAN_POINT('Ctrl Pts',(263.305029762296,121.914356851534,214.496534317675));
#6414=CARTESIAN_POINT('Ctrl Pts',(264.263911697233,120.572386839917,213.579729799988));
#6415=CARTESIAN_POINT('Ctrl Pts',(267.144211971062,116.557528935611,210.82162406878));
#6416=CARTESIAN_POINT('Ctrl Pts',(269.069287009452,113.895692839896,208.97263439083));
#6417=CARTESIAN_POINT('Ctrl Pts',(274.858775089413,105.955497206407,203.393106156177));
#6418=CARTESIAN_POINT('Ctrl Pts',(278.737498423,100.722443109889,199.630084381473));
#6419=CARTESIAN_POINT('Ctrl Pts',(290.426503697661,85.2135722004164,188.194200025118));
#6420=CARTESIAN_POINT('Ctrl Pts',(298.291014354255,75.1278341477276,180.3765705311));
#6421=CARTESIAN_POINT('Ctrl Pts',(307.223459771433,64.057490479474,171.260554318713));
#6422=CARTESIAN_POINT('Ctrl Pts',(308.244254203836,62.7979766838352,170.215238183164));
#6423=CARTESIAN_POINT('Ctrl Pts',(316.167885900022,53.0644199271083,162.071726034476));
#6424=CARTESIAN_POINT('Ctrl Pts',(323.103602798702,44.8004626620313,154.775390264952));
#6425=CARTESIAN_POINT('Ctrl Pts',(337.985675957576,27.5553530897165,138.505052149013));
#6426=CARTESIAN_POINT('Ctrl Pts',(345.937498376094,18.6486396967923,129.449026476466));
#6427=CARTESIAN_POINT('Ctrl Pts',(356.501463032505,7.05322084243502,116.40280602358));
#6428=CARTESIAN_POINT('Ctrl Pts',(359.24853922776,4.05897381221512,112.910784050072));
#6429=CARTESIAN_POINT('Ctrl Pts',(366.886243027267,-4.24309683316879,102.827580241832));
#6430=CARTESIAN_POINT('Ctrl Pts',(371.703599708056,-9.44437365112365,96.036044413864));
#6431=CARTESIAN_POINT('Ctrl Pts',(383.328625935004,-22.2880263339873,77.6617597014452));
#6432=CARTESIAN_POINT('Ctrl Pts',(389.856558472519,-29.6906866815363,65.461424008349));
#6433=CARTESIAN_POINT('Ctrl Pts',(396.678439149219,-40.1762568022919,44.9386240415194));
#6434=CARTESIAN_POINT('Ctrl Pts',(398.423267628289,-43.5694758437167,37.7275385601966));
#6435=CARTESIAN_POINT('Ctrl Pts',(400.399394570161,-50.1875168769584,22.8199506401212));
#6436=CARTESIAN_POINT('Ctrl Pts',(400.602107937723,-53.3975895681273,15.1384928070418));
#6437=CARTESIAN_POINT('Ctrl Pts',(400.211961924488,-57.4806508101274,5.62749550452285));
#6438=CARTESIAN_POINT('Ctrl Pts',(400.122061630536,-58.3087630515308,3.73079486420596));
#6439=CARTESIAN_POINT('Ctrl Pts',(400.048707436321,-59.4301612112915,1.22529966444693));
#6440=CARTESIAN_POINT('Ctrl Pts',(400.032405603204,-59.707494724671,0.608662922286748));
#6441=CARTESIAN_POINT('Ctrl Pts',(399.984647781797,-60.1258261227834,-0.334244690098746));
#6442=CARTESIAN_POINT('Ctrl Pts',(399.963182429286,-60.2693832354726,-0.660561129471241));
#6443=CARTESIAN_POINT('Ctrl Pts',(399.843843507558,-60.8178620047329,-1.93031916126019));
#6444=CARTESIAN_POINT('Ctrl Pts',(399.668918094028,-61.2008662417851,-2.87498982934258));
#6445=CARTESIAN_POINT('Ctrl Pts',(398.54537055196,-62.9788363834402,-7.60634993455877));
#6446=CARTESIAN_POINT('Ctrl Pts',(397.0942689566,-64.0315069600384,-11.4143557152757));
#6447=CARTESIAN_POINT('Ctrl Pts',(392.74399353442,-66.8604620555419,-22.8785173905188));
#6448=CARTESIAN_POINT('Ctrl Pts',(389.590656040361,-68.2616731036646,-30.5729579746821));
#6449=CARTESIAN_POINT('Ctrl Pts',(386.506801819225,-69.5085438833211,-38.2900603142063));
#6450=CARTESIAN_POINT('Ctrl Pts',(259.48901469523,127.321887327387,218.144724326346));
#6451=CARTESIAN_POINT('Ctrl Pts',(259.731600791107,126.978312027564,217.913764932253));
#6452=CARTESIAN_POINT('Ctrl Pts',(259.974266863771,126.634968490323,217.682648933963));
#6453=CARTESIAN_POINT('Ctrl Pts',(260.930078821306,125.28396879405,216.772008833397));
#6454=CARTESIAN_POINT('Ctrl Pts',(261.6438336983,124.278086374406,216.091281888596));
#6455=CARTESIAN_POINT('Ctrl Pts',(263.315925903116,121.928633003452,214.49484177381));
#6456=CARTESIAN_POINT('Ctrl Pts',(264.274808691274,120.586675496509,213.578022555189));
#6457=CARTESIAN_POINT('Ctrl Pts',(267.155111082651,116.5718552795,210.819872041638));
#6458=CARTESIAN_POINT('Ctrl Pts',(269.080186945003,113.910044539043,208.970851603053));
#6459=CARTESIAN_POINT('Ctrl Pts',(274.869675491877,105.969925725744,203.391228086629));
#6460=CARTESIAN_POINT('Ctrl Pts',(278.748396477835,100.736923845674,199.628138807083));
#6461=CARTESIAN_POINT('Ctrl Pts',(290.437384232356,85.2282132463531,188.192037275601));
#6462=CARTESIAN_POINT('Ctrl Pts',(298.301869754281,75.1425868583173,180.374243804533));
#6463=CARTESIAN_POINT('Ctrl Pts',(307.234259004685,64.0723776536381,171.258008778206));
#6464=CARTESIAN_POINT('Ctrl Pts',(308.255046602641,62.8128793386099,170.212667151408));
#6465=CARTESIAN_POINT('Ctrl Pts',(316.178621741652,53.0794436988724,162.068953124737));
#6466=CARTESIAN_POINT('Ctrl Pts',(323.114269418827,44.8155979274223,154.77241748575));
#6467=CARTESIAN_POINT('Ctrl Pts',(337.996115516887,27.5707470450677,138.501573021451));
#6468=CARTESIAN_POINT('Ctrl Pts',(345.947770763014,18.6641836278494,129.445229117827));
#6469=CARTESIAN_POINT('Ctrl Pts',(356.511371585749,7.06899271909925,116.398481641226));
#6470=CARTESIAN_POINT('Ctrl Pts',(359.258339220335,4.07480773962893,112.906312643358));
#6471=CARTESIAN_POINT('Ctrl Pts',(366.895687868009,-4.2270805770427,102.822667940985));
#6472=CARTESIAN_POINT('Ctrl Pts',(371.712758244134,-9.42823104898706,96.0308147792537));
#6473=CARTESIAN_POINT('Ctrl Pts',(383.336816960081,-22.2715312829887,77.6556564022509));
#6474=CARTESIAN_POINT('Ctrl Pts',(389.863908557168,-29.6739558244543,65.4547054954141));
#6475=CARTESIAN_POINT('Ctrl Pts',(396.684110887265,-40.1590624694075,44.931241254842));
#6476=CARTESIAN_POINT('Ctrl Pts',(398.428314264479,-43.5521059681138,37.7199897302417));
#6477=CARTESIAN_POINT('Ctrl Pts',(400.403152939194,-50.1696965365925,22.8121920890382));
#6478=CARTESIAN_POINT('Ctrl Pts',(400.605149203324,-53.3794732090692,15.1306740337387));
#6479=CARTESIAN_POINT('Ctrl Pts',(400.213818034967,-57.4619875353455,5.61960361665649));
#6480=CARTESIAN_POINT('Ctrl Pts',(400.123661303038,-58.2899737676357,3.72289095978576));
#6481=CARTESIAN_POINT('Ctrl Pts',(400.049848056223,-59.4112178718151,1.21737379162854));
#6482=CARTESIAN_POINT('Ctrl Pts',(400.033440717099,-59.6885207611878,0.600731795884313));
#6483=CARTESIAN_POINT('Ctrl Pts',(399.985852862073,-60.1068841922691,-0.342176775473784));
#6484=CARTESIAN_POINT('Ctrl Pts',(399.964513739997,-60.2504678909906,-0.668492134402862));
#6485=CARTESIAN_POINT('Ctrl Pts',(399.845924581593,-60.7991174096227,-1.93824009589436));
#6486=CARTESIAN_POINT('Ctrl Pts',(399.671973973135,-61.182383922811,-2.88289259339835));
#6487=CARTESIAN_POINT('Ctrl Pts',(398.551831018339,-62.96162991431,-7.61417238485131));
#6488=CARTESIAN_POINT('Ctrl Pts',(397.101328750857,-64.0151065086827,-11.4221206923487));
#6489=CARTESIAN_POINT('Ctrl Pts',(392.752934488268,-66.8457558897561,-22.8861307025913));
#6490=CARTESIAN_POINT('Ctrl Pts',(389.599818528197,-68.247513855368,-30.5804964981257));
#6491=CARTESIAN_POINT('Ctrl Pts',(386.516189008944,-69.4948519265018,-38.2975368461607));
#6492=CARTESIAN_POINT('Ctrl Pts',(260.186014756699,128.232453237992,218.040022265365));
#6493=CARTESIAN_POINT('Ctrl Pts',(260.428621145659,127.889078614387,217.808834227923));
#6494=CARTESIAN_POINT('Ctrl Pts',(260.671306976967,127.545935972432,217.577488735156));
#6495=CARTESIAN_POINT('Ctrl Pts',(261.627194595526,126.195728172769,216.665941608375));
#6496=CARTESIAN_POINT('Ctrl Pts',(262.341001232205,125.190438442553,215.984530561284));
#6497=CARTESIAN_POINT('Ctrl Pts',(264.013203074196,122.842376824781,214.386471334576));
#6498=CARTESIAN_POINT('Ctrl Pts',(264.972139825809,121.50121994969,213.468710972987));
#6499=CARTESIAN_POINT('Ctrl Pts',(267.852575858051,117.488812699424,210.707693486574));
#6500=CARTESIAN_POINT('Ctrl Pts',(269.77770319912,114.828625351303,208.856703721118));
#6501=CARTESIAN_POINT('Ctrl Pts',(275.567217542228,106.893425114323,203.27098024704));
#6502=CARTESIAN_POINT('Ctrl Pts',(279.445785302765,101.663766556311,199.50356929453));
#6503=CARTESIAN_POINT('Ctrl Pts',(291.133642074465,86.1653205453691,188.053564174341));
#6504=CARTESIAN_POINT('Ctrl Pts',(298.996511419667,76.0868442694052,180.225272870973));
#6505=CARTESIAN_POINT('Ctrl Pts',(307.925295310302,65.0252454526785,171.09502946981));
#6506=CARTESIAN_POINT('Ctrl Pts',(308.945644238187,63.7667384446599,170.048055919071));
#6507=CARTESIAN_POINT('Ctrl Pts',(316.865589735452,54.0410586381972,161.89141778136));
#6508=CARTESIAN_POINT('Ctrl Pts',(323.796797012834,45.7843527139905,154.582086696134));
#6509=CARTESIAN_POINT('Ctrl Pts',(338.664083633479,28.5560687805991,138.278826994571));
#6510=CARTESIAN_POINT('Ctrl Pts',(346.605021753969,19.6591105424203,129.202110944897));
#6511=CARTESIAN_POINT('Ctrl Pts',(357.145303778905,8.0785196753699,116.121627106211));
#6512=CARTESIAN_POINT('Ctrl Pts',(359.885313916731,5.0883092091976,112.620046827201));
#6513=CARTESIAN_POINT('Ctrl Pts',(367.4999027312,-3.20190004636107,102.508180458633));
#6514=CARTESIAN_POINT('Ctrl Pts',(372.298626671733,-8.39495696088459,95.6960155492735));
#6515=CARTESIAN_POINT('Ctrl Pts',(383.860692464544,-21.2156768063324,77.2649413293331));
#6516=CARTESIAN_POINT('Ctrl Pts',(390.333911454981,-28.602992329688,65.0246214180882));
#6517=CARTESIAN_POINT('Ctrl Pts',(397.046566188408,-39.0583864636874,44.4586655038674));
#6518=CARTESIAN_POINT('Ctrl Pts',(398.75071166384,-42.4401744961204,37.2367964947795));
#6519=CARTESIAN_POINT('Ctrl Pts',(400.642928555238,-49.0288765832274,22.315598903058));
#6520=CARTESIAN_POINT('Ctrl Pts',(400.798873448239,-52.2196277958026,14.6302379668936));
#6521=CARTESIAN_POINT('Ctrl Pts',(400.331356990954,-56.2671553070204,5.11450825091145));
#6522=CARTESIAN_POINT('Ctrl Pts',(400.224614130456,-57.0870752359413,3.21702732502906));
#6523=CARTESIAN_POINT('Ctrl Pts',(400.121292052309,-58.1984797486314,0.710097459129833));
#6524=CARTESIAN_POINT('Ctrl Pts',(400.098138521956,-58.4738328936526,0.0931177201543318));
#6525=CARTESIAN_POINT('Ctrl Pts',(400.061133623529,-58.8941850003747,-0.849860323631092));
#6526=CARTESIAN_POINT('Ctrl Pts',(400.047708224021,-59.0394336811556,-1.17611056454095));
#6527=CARTESIAN_POINT('Ctrl Pts',(399.976432913539,-59.5988459300995,-2.44523039149253));
#6528=CARTESIAN_POINT('Ctrl Pts',(399.864687506565,-59.9987824839875,-3.38872775857892));
#6529=CARTESIAN_POINT('Ctrl Pts',(398.963069164176,-61.8594725392104,-8.11487699668923));
#6530=CARTESIAN_POINT('Ctrl Pts',(397.55162064166,-62.9647504585161,-11.9191389373592));
#6531=CARTESIAN_POINT('Ctrl Pts',(393.324382148753,-65.9040488857432,-23.3734369403839));
#6532=CARTESIAN_POINT('Ctrl Pts',(390.185545800461,-67.3408827902623,-31.0630127575336));
#6533=CARTESIAN_POINT('Ctrl Pts',(387.116408521973,-68.6181806305749,-38.7760828519621));
#6534=CARTESIAN_POINT('Ctrl Pts',(260.867567860274,129.133061070068,217.934073504771));
#6535=CARTESIAN_POINT('Ctrl Pts',(261.110185087347,128.78988883325,217.702655943074));
#6536=CARTESIAN_POINT('Ctrl Pts',(261.352881185415,128.446948811831,217.471080070864));
#6537=CARTESIAN_POINT('Ctrl Pts',(262.308806945326,127.097539760988,216.558622415704));
#6538=CARTESIAN_POINT('Ctrl Pts',(263.022637030105,126.092847961132,215.876524616538));
#6539=CARTESIAN_POINT('Ctrl Pts',(264.69488146756,123.746190673229,214.276839989463));
#6540=CARTESIAN_POINT('Ctrl Pts',(265.653833187083,122.405841871759,213.358134816789));
#6541=CARTESIAN_POINT('Ctrl Pts',(268.534283975107,118.395870662822,210.594239148907));
#6542=CARTESIAN_POINT('Ctrl Pts',(270.459381010852,115.737323087752,208.741272312833));
#6543=CARTESIAN_POINT('Ctrl Pts',(276.248667331743,107.807093839584,203.149424831543));
#6544=CARTESIAN_POINT('Ctrl Pts',(280.12690142139,102.580817892588,199.377675070799));
#6545=CARTESIAN_POINT('Ctrl Pts',(291.813043348077,87.0927699791726,187.913711868985));
#6546=CARTESIAN_POINT('Ctrl Pts',(299.673852145818,77.0215533175383,180.074881820436));
#6547=CARTESIAN_POINT('Ctrl Pts',(308.598424196444,65.9687230870479,170.930583252163));
#6548=CARTESIAN_POINT('Ctrl Pts',(309.618263619333,64.7112259687246,169.881972436516));
#6549=CARTESIAN_POINT('Ctrl Pts',(317.53401686484,54.9934503849246,161.712368933505));
#6550=CARTESIAN_POINT('Ctrl Pts',(324.46021866518,46.7440379113356,154.390206261122));
#6551=CARTESIAN_POINT('Ctrl Pts',(339.311461702773,29.5327314961521,138.054483043736));
#6552=CARTESIAN_POINT('Ctrl Pts',(347.240727577408,20.6456449734186,128.957381896088));
#6553=CARTESIAN_POINT('Ctrl Pts',(357.755979637222,9.08014094631744,115.843264196884));
#6554=CARTESIAN_POINT('Ctrl Pts',(360.488544216619,6.09404465035382,112.332311568483));
#6555=CARTESIAN_POINT('Ctrl Pts',(368.078859328073,-2.18404606850936,102.192389000687));
#6556=CARTESIAN_POINT('Ctrl Pts',(372.858099515697,-7.36867502271373,95.3600818083717));
#6557=CARTESIAN_POINT('Ctrl Pts',(384.354656271349,-20.1656986437923,76.873885082114));
#6558=CARTESIAN_POINT('Ctrl Pts',(390.771590117649,-27.5370587060934,64.5951031251546));
#6559=CARTESIAN_POINT('Ctrl Pts',(397.370077495076,-37.9600959756648,43.9886806077519));
#6560=CARTESIAN_POINT('Ctrl Pts',(399.031596248329,-41.3295160199789,36.7569396230227));
#6561=CARTESIAN_POINT('Ctrl Pts',(400.831724662295,-47.8861613273999,21.8239378865426));
#6562=CARTESIAN_POINT('Ctrl Pts',(400.927734928081,-51.0519038367317,14.1354513116391));
#6563=CARTESIAN_POINT('Ctrl Pts',(400.374959307798,-55.0694694922133,4.61662256496));
#6564=CARTESIAN_POINT('Ctrl Pts',(400.246549866177,-55.8830739742498,2.71848951602048));
#6565=CARTESIAN_POINT('Ctrl Pts',(400.131604829298,-56.9905775153561,0.210225118825903));
#6566=CARTESIAN_POINT('Ctrl Pts',(400.10771220175,-57.2654450344869,-0.407078733623295));
#6567=CARTESIAN_POINT('Ctrl Pts',(400.067850997423,-57.6847876837072,-1.35053240384064));
#6568=CARTESIAN_POINT('Ctrl Pts',(400.053187982226,-57.8296597853016,-1.67694227255284));
#6569=CARTESIAN_POINT('Ctrl Pts',(399.984098936928,-58.3892615749281,-2.9464987158589));
#6570=CARTESIAN_POINT('Ctrl Pts',(399.900909127434,-58.7952448917136,-3.88970780201663));
#6571=CARTESIAN_POINT('Ctrl Pts',(399.200530452199,-60.7126975631942,-8.61237350452306));
#6572=CARTESIAN_POINT('Ctrl Pts',(397.89791675212,-61.8854249857471,-12.4120973756098));
#6573=CARTESIAN_POINT('Ctrl Pts',(393.838886419402,-64.9450616112263,-23.8564996022824));
#6574=CARTESIAN_POINT('Ctrl Pts',(390.720251627766,-66.4210928386183,-31.5411405049469));
#6575=CARTESIAN_POINT('Ctrl Pts',(387.672355175695,-67.7312041005816,-39.2501281267311));
#6576=CARTESIAN_POINT('Ctrl Pts',(261.544537852424,130.037886708606,217.825234044036));
#6577=CARTESIAN_POINT('Ctrl Pts',(261.787156752842,129.694921543134,217.593582539496));
#6578=CARTESIAN_POINT('Ctrl Pts',(262.029853908322,129.352188843964,217.361771852074));
#6579=CARTESIAN_POINT('Ctrl Pts',(262.985781367896,128.003597122608,216.448386135968));
#6580=CARTESIAN_POINT('Ctrl Pts',(263.699607322147,126.999517263561,215.76558835712));
#6581=CARTESIAN_POINT('Ctrl Pts',(265.371828853546,124.654297455958,214.164247015151));
#6582=CARTESIAN_POINT('Ctrl Pts',(266.330757292617,123.314775990358,213.244578823075));
#6583=CARTESIAN_POINT('Ctrl Pts',(269.211105767253,119.307299472053,210.477749499643));
#6584=CARTESIAN_POINT('Ctrl Pts',(271.136091354828,116.650431919769,208.622767476949));
#6585=CARTESIAN_POINT('Ctrl Pts',(276.92489582527,108.725298164094,203.024677983625));
#6586=CARTESIAN_POINT('Ctrl Pts',(280.802613228871,103.502492823822,199.248505871243));
#6587=CARTESIAN_POINT('Ctrl Pts',(292.486438845716,88.0251248414581,187.77031720212));
#6588=CARTESIAN_POINT('Ctrl Pts',(300.344718149334,77.9613791303966,179.920747575993));
#6589=CARTESIAN_POINT('Ctrl Pts',(309.264419296685,66.9175948510303,170.762136355872));
#6590=CARTESIAN_POINT('Ctrl Pts',(310.28367200205,65.661139874278,169.711858425074));
#6591=CARTESIAN_POINT('Ctrl Pts',(318.194617802535,55.9515234240429,161.529054524052));
#6592=CARTESIAN_POINT('Ctrl Pts',(325.115185368508,47.7096537732742,154.193833904475));
#6593=CARTESIAN_POINT('Ctrl Pts',(339.948701513804,30.5159468427611,137.825126523147));
#6594=CARTESIAN_POINT('Ctrl Pts',(347.865194900643,21.6391159250719,128.707334844378));
#6595=CARTESIAN_POINT('Ctrl Pts',(358.353425048111,10.0893398281877,115.559221763903));
#6596=CARTESIAN_POINT('Ctrl Pts',(361.077974574739,7.10753721638067,112.038807931172));
#6597=CARTESIAN_POINT('Ctrl Pts',(368.64224960394,-1.15788828824781,101.870618268179));
#6598=CARTESIAN_POINT('Ctrl Pts',(373.400675296752,-6.33368994531674,95.0180751281598));
#6599=CARTESIAN_POINT('Ctrl Pts',(384.82768877741,-19.1057984167091,76.4768563233879));
#6600=CARTESIAN_POINT('Ctrl Pts',(391.185322272013,-26.4602463120464,64.1600654391315));
#6601=CARTESIAN_POINT('Ctrl Pts',(397.663839678844,-36.8490114997938,43.5147370904928));
#6602=CARTESIAN_POINT('Ctrl Pts',(399.280506728026,-40.2052673104731,36.2737547315872));
#6603=CARTESIAN_POINT('Ctrl Pts',(400.984609092173,-46.7293202329793,21.3304255225927));
#6604=CARTESIAN_POINT('Ctrl Pts',(401.009020559442,-49.8689364170528,13.639974943407));
#6605=CARTESIAN_POINT('Ctrl Pts',(400.411460048576,-53.8704858097805,4.11937531669729));
#6606=CARTESIAN_POINT('Ctrl Pts',(400.279487813968,-54.6824272100615,2.22084696913999));
#6607=CARTESIAN_POINT('Ctrl Pts',(400.160625814597,-55.7873493805839,-0.288554723272354));
#6608=CARTESIAN_POINT('Ctrl Pts',(400.13542693646,-56.0614780436617,-0.906175924292301));
#6609=CARTESIAN_POINT('Ctrl Pts',(400.094543386578,-56.4800192771604,-1.8500786877502));
#6610=CARTESIAN_POINT('Ctrl Pts',(400.079789589846,-56.6246943887754,-2.1766356572438));
#6611=CARTESIAN_POINT('Ctrl Pts',(400.013560856828,-57.184456293084,-3.44667017155047));
#6612=CARTESIAN_POINT('Ctrl Pts',(399.941774087716,-57.5931029236144,-4.38998111717922));
#6613=CARTESIAN_POINT('Ctrl Pts',(399.346525664062,-59.5425429573163,-9.11152770819256));
#6614=CARTESIAN_POINT('Ctrl Pts',(398.170950880789,-60.776052738084,-12.907188859744));
#6615=CARTESIAN_POINT('Ctrl Pts',(394.300343289341,-63.9550490173888,-24.3423721291144));
#6616=CARTESIAN_POINT('Ctrl Pts',(391.213980630604,-65.4760676201854,-32.0218886255713));
#6617=CARTESIAN_POINT('Ctrl Pts',(388.193752213883,-66.8216057551798,-39.726722780314));
#6618=CARTESIAN_POINT('',(-1.81632486828676E-11,-69.9651775045618,149.999999999826));
#6619=CARTESIAN_POINT('Ctrl Pts',(399.999999999998,-59.9999999999999,2.73114864057789E-14));
#6620=CARTESIAN_POINT('Ctrl Pts',(400.002865885542,-60.000201382483,0.146478534218185));
#6621=CARTESIAN_POINT('Ctrl Pts',(400.005038831675,-60.0003588400317,0.292887844705061));
#6622=CARTESIAN_POINT('Ctrl Pts',(400.006455885885,-60.000457046236,0.439230611875378));
#6623=CARTESIAN_POINT('Ctrl Pts',(400.00778319481,-60.0005490328167,0.57630515677092));
#6624=CARTESIAN_POINT('Ctrl Pts',(400.008446753747,-60.0005888607871,0.71332131235265));
#6625=CARTESIAN_POINT('Ctrl Pts',(400.008436701435,-60.0005715424204,0.850282134846927));
#6626=CARTESIAN_POINT('Ctrl Pts',(400.008426783888,-60.0005544562292,0.985406816918527));
#6627=CARTESIAN_POINT('Ctrl Pts',(400.007760849452,-60.00048162469,1.12047763455792));
#6628=CARTESIAN_POINT('Ctrl Pts',(400.006478439824,-60.0003580883336,1.25549848009746));
#6629=CARTESIAN_POINT('Ctrl Pts',(400.005185093345,-60.0002334984148,1.39167083200937));
#6630=CARTESIAN_POINT('Ctrl Pts',(400.003264617978,-60.0000572556368,1.52779235493004));
#6631=CARTESIAN_POINT('Ctrl Pts',(400.000811351344,-59.9998461588045,1.66386807201685));
#6632=CARTESIAN_POINT('Ctrl Pts',(399.9983061911,-59.9996305966702,1.80282217993166));
#6633=CARTESIAN_POINT('Ctrl Pts',(399.995245745112,-59.9993786675331,1.94172852937548));
#6634=CARTESIAN_POINT('Ctrl Pts',(399.991785161244,-59.9991211779559,2.08059350794311));
#6635=CARTESIAN_POINT('Ctrl Pts',(399.990157398235,-59.9990000619752,2.14591175597684));
#6636=CARTESIAN_POINT('Ctrl Pts',(399.988436951043,-59.9988756414908,2.21122036624118));
#6637=CARTESIAN_POINT('Ctrl Pts',(399.986666966059,-59.9987625504325,2.27652235751713));
#6638=CARTESIAN_POINT('Ctrl Pts',(399.979354911192,-59.9982953554957,2.546293992556));
#6639=CARTESIAN_POINT('Ctrl Pts',(399.971114490674,-59.9979933860649,2.81594778371568));
#6640=CARTESIAN_POINT('Ctrl Pts',(399.962047131523,-59.9978399397875,3.08548771161819));
#6641=CARTESIAN_POINT('Ctrl Pts',(399.953613684225,-59.9976972211555,3.33618372338857));
#6642=CARTESIAN_POINT('Ctrl Pts',(399.944466361024,-59.997683457241,3.58678122937982));
#6643=CARTESIAN_POINT('Ctrl Pts',(399.934646121541,-59.9977870971957,3.8372812687813));
#6644=CARTESIAN_POINT('Ctrl Pts',(399.926647281533,-59.9978715146294,4.04132005426205));
#6645=CARTESIAN_POINT('Ctrl Pts',(399.918201253244,-59.9980338720003,4.24529413183866));
#6646=CARTESIAN_POINT('Ctrl Pts',(399.909302208447,-59.9982666844346,4.44920299368612));
#6647=CARTESIAN_POINT('Ctrl Pts',(399.903067863336,-59.9984297843061,4.59205407995811));
#6648=CARTESIAN_POINT('Ctrl Pts',(399.896606149476,-59.9986260879226,4.73487304383987));
#6649=CARTESIAN_POINT('Ctrl Pts',(399.889906169545,-59.9988512602182,4.87765923470982));
#6650=CARTESIAN_POINT('Ctrl Pts',(399.878123546017,-59.9992472495219,5.12876385730999));
#6651=CARTESIAN_POINT('Ctrl Pts',(399.865615669713,-59.9997356129308,5.3797673972155));
#6652=CARTESIAN_POINT('Ctrl Pts',(399.852313198658,-60.0003025629917,5.63066620136722));
#6653=CARTESIAN_POINT('Ctrl Pts',(399.83773780609,-60.0009237648472,5.90557366404771));
#6654=CARTESIAN_POINT('Ctrl Pts',(399.822202794516,-60.0016382536848,6.18035524612982));
#6655=CARTESIAN_POINT('Ctrl Pts',(399.805593474033,-60.002429748142,6.45500575393846));
#6656=CARTESIAN_POINT('Ctrl Pts',(399.790644173382,-60.0031421366238,6.70220629531298));
#6657=CARTESIAN_POINT('Ctrl Pts',(399.774822550786,-60.0039165906943,6.94930059751006));
#6658=CARTESIAN_POINT('Ctrl Pts',(399.758080770567,-60.0047520237239,7.19628595484554));
#6659=CARTESIAN_POINT('Ctrl Pts',(399.741819989014,-60.0055634543972,7.43617531485626));
#6660=CARTESIAN_POINT('Ctrl Pts',(399.724690976008,-60.0064323171569,7.67596188120682));
#6661=CARTESIAN_POINT('Ctrl Pts',(399.706699937187,-60.0073711509298,7.91564475849321));
#6662=CARTESIAN_POINT('Ctrl Pts',(399.686931891352,-60.00840271499,8.17900154132742));
#6663=CARTESIAN_POINT('Ctrl Pts',(399.666123846182,-60.0095185709684,8.44223311174836));
#6664=CARTESIAN_POINT('Ctrl Pts',(399.644344461734,-60.0107547439716,8.70534067507151));
#6665=CARTESIAN_POINT('Ctrl Pts',(399.638776858009,-60.0110707548044,8.77260054888401));
#6666=CARTESIAN_POINT('Ctrl Pts',(399.633146003012,-60.0113947238521,8.83985233087193));
#6667=CARTESIAN_POINT('Ctrl Pts',(399.627453380704,-60.0117274361147,8.90709606441916));
#6668=CARTESIAN_POINT('Ctrl Pts',(399.62212773555,-60.0120386999495,8.9700049040389));
#6669=CARTESIAN_POINT('Ctrl Pts',(399.616751520516,-60.0123595079559,9.03290680484433));
#6670=CARTESIAN_POINT('Ctrl Pts',(399.611298280579,-60.0126769290257,9.09580108867738));
#6671=CARTESIAN_POINT('Ctrl Pts',(399.582360877556,-60.0143613114357,9.42954712959835));
#6672=CARTESIAN_POINT('Ctrl Pts',(399.551387952578,-60.0160055975542,9.76308129452541));
#6673=CARTESIAN_POINT('Ctrl Pts',(399.518523523834,-60.017681591417,10.0964039747412));
#6674=CARTESIAN_POINT('Ctrl Pts',(399.484307353399,-60.0194265203219,10.4434364981028));
#6675=CARTESIAN_POINT('Ctrl Pts',(399.448040668467,-60.0212057434429,10.7902397790764));
#6676=CARTESIAN_POINT('Ctrl Pts',(399.409833591392,-60.0230755866801,11.1368123790849));
#6677=CARTESIAN_POINT('Ctrl Pts',(399.369779676958,-60.0250358136004,11.5001374572786));
#6678=CARTESIAN_POINT('Ctrl Pts',(399.327592995527,-60.0270955448257,11.8632090114838));
#6679=CARTESIAN_POINT('Ctrl Pts',(399.283347546536,-60.0292943052562,12.2260234005548));
#6680=CARTESIAN_POINT('Ctrl Pts',(399.236504284476,-60.0316221629997,12.6101399570299));
#6681=CARTESIAN_POINT('Ctrl Pts',(399.187353087545,-60.0341057485418,12.9939682607498));
#6682=CARTESIAN_POINT('Ctrl Pts',(399.135928247222,-60.0367656660139,13.377501859361));
#6683=CARTESIAN_POINT('Ctrl Pts',(399.080646038318,-60.0396251034461,13.7898042483845));
#6684=CARTESIAN_POINT('Ctrl Pts',(399.02273588614,-60.0426881832229,14.2017660602539));
#6685=CARTESIAN_POINT('Ctrl Pts',(398.962185903028,-60.0459527800255,14.6133769166451));
#6686=CARTESIAN_POINT('Ctrl Pts',(398.895305524563,-60.0495586847422,15.0680209717164));
#6687=CARTESIAN_POINT('Ctrl Pts',(398.825203862037,-60.0534102593601,15.5222368518116));
#6688=CARTESIAN_POINT('Ctrl Pts',(398.751808750334,-60.0574743859736,15.9760077873327));
#6689=CARTESIAN_POINT('Ctrl Pts',(398.663337160281,-60.0623733463447,16.5229902123723));
#6690=CARTESIAN_POINT('Ctrl Pts',(398.570078974674,-60.0675809403266,17.0693261508479));
#6691=CARTESIAN_POINT('Ctrl Pts',(398.471842802918,-60.0729995430778,17.6149820325626));
#6692=CARTESIAN_POINT('Ctrl Pts',(398.347271545304,-60.0798707611552,18.3069169705245));
#6693=CARTESIAN_POINT('Ctrl Pts',(398.21468945276,-60.0870793311276,18.9977583557939));
#6694=CARTESIAN_POINT('Ctrl Pts',(398.07366773776,-60.0943833787712,19.6874310362619));
#6695=CARTESIAN_POINT('Ctrl Pts',(397.967313374895,-60.0998918732147,20.2075615602516));
#6696=CARTESIAN_POINT('Ctrl Pts',(397.856157319246,-60.1054533656853,20.7270271774684));
#6697=CARTESIAN_POINT('Ctrl Pts',(397.740044035113,-60.1109673202558,21.2457943401197));
#6698=CARTESIAN_POINT('Ctrl Pts',(397.628201926291,-60.1162784464694,21.745478884324));
#6699=CARTESIAN_POINT('Ctrl Pts',(397.511759773461,-60.121544953561,22.2445153645974));
#6700=CARTESIAN_POINT('Ctrl Pts',(397.390622758862,-60.1266911629888,22.742873702191));
#6701=CARTESIAN_POINT('Ctrl Pts',(397.269958935726,-60.131817270036,23.2392853275284));
#6702=CARTESIAN_POINT('Ctrl Pts',(397.144636413452,-60.1368236675923,23.7350240639211));
#6703=CARTESIAN_POINT('Ctrl Pts',(397.01461561911,-60.1416563150379,24.2300606901993));
#6704=CARTESIAN_POINT('Ctrl Pts',(396.999351595694,-60.1422236523177,24.288176399256));
#6705=CARTESIAN_POINT('Ctrl Pts',(396.984022497953,-60.1427881040385,24.3462848357148));
#6706=CARTESIAN_POINT('Ctrl Pts',(396.968631907548,-60.1433544239834,24.4043634005768));
#6707=CARTESIAN_POINT('Ctrl Pts',(396.900026184085,-60.1458788748657,24.6632567799139));
#6708=CARTESIAN_POINT('Ctrl Pts',(396.830183442457,-60.1484203106501,24.9216513172636));
#6709=CARTESIAN_POINT('Ctrl Pts',(396.759109541847,-60.1509775543897,25.1795488452695));
#6710=CARTESIAN_POINT('Ctrl Pts',(396.716967691357,-60.1524938210138,25.3324640359899));
#6711=CARTESIAN_POINT('Ctrl Pts',(396.674393083206,-60.1540156795054,25.4852044986888));
#6712=CARTESIAN_POINT('Ctrl Pts',(396.631387568638,-60.1555431820316,25.6377706467714));
#6713=CARTESIAN_POINT('Ctrl Pts',(396.598126537798,-60.1567245725844,25.7557673131831));
#6714=CARTESIAN_POINT('Ctrl Pts',(396.564612969261,-60.1579093877709,25.8736593733029));
#6715=CARTESIAN_POINT('Ctrl Pts',(396.530854990833,-60.1590981649188,25.9914465984206));
#6716=CARTESIAN_POINT('Ctrl Pts',(396.359846945732,-60.165120162254,26.5881222301713));
#6717=CARTESIAN_POINT('Ctrl Pts',(396.182502898596,-60.1712411136772,27.1821112254456));
#6718=CARTESIAN_POINT('Ctrl Pts',(395.998922331004,-60.1775349522338,27.7734501452045));
#6719=CARTESIAN_POINT('Ctrl Pts',(395.700918219574,-60.1877516641177,28.7333634500195));
#6720=CARTESIAN_POINT('Ctrl Pts',(395.386488278676,-60.1984251471082,29.6862929443302));
#6721=CARTESIAN_POINT('Ctrl Pts',(395.056174079325,-60.2099435232782,30.6324114183171));
#6722=CARTESIAN_POINT('Ctrl Pts',(394.850156659603,-60.2171275503124,31.2225068097479));
#6723=CARTESIAN_POINT('Ctrl Pts',(394.63796181497,-60.2246415708019,31.8099530748849));
#6724=CARTESIAN_POINT('Ctrl Pts',(394.419691208852,-60.2325747095046,32.3947946433336));
#6725=CARTESIAN_POINT('Ctrl Pts',(394.219450843341,-60.2398525313871,32.9313253815539));
#6726=CARTESIAN_POINT('Ctrl Pts',(394.014097532874,-60.2474833787335,33.4656640234921));
#6727=CARTESIAN_POINT('Ctrl Pts',(393.803669759376,-60.2555236760734,33.9978455534002));
#6728=CARTESIAN_POINT('Ctrl Pts',(393.622941994651,-60.2624291569508,34.4549143933601));
#6729=CARTESIAN_POINT('Ctrl Pts',(393.438470692123,-60.2696365766508,34.9103920869307));
#6730=CARTESIAN_POINT('Ctrl Pts',(393.250250572439,-60.2771714668772,35.3643008699609));
#6731=CARTESIAN_POINT('Ctrl Pts',(393.145530189465,-60.2813636679634,35.6168429556528));
#6732=CARTESIAN_POINT('Ctrl Pts',(393.0396488389,-60.2856570532336,35.8688993851543));
#6733=CARTESIAN_POINT('Ctrl Pts',(392.93260146075,-60.2900545041554,36.1204739673141));
#6734=CARTESIAN_POINT('Ctrl Pts',(392.861314982052,-60.2929829158259,36.2880060115567));
#6735=CARTESIAN_POINT('Ctrl Pts',(392.789513519702,-60.2959626937626,36.4553276627496));
#6736=CARTESIAN_POINT('Ctrl Pts',(392.717182382092,-60.2989662223308,36.6224221010744));
#6737=CARTESIAN_POINT('Ctrl Pts',(392.398944486737,-60.3121809544882,37.3575934827923));
#6738=CARTESIAN_POINT('Ctrl Pts',(392.070505893725,-60.3259335263284,38.0884208553109));
#6739=CARTESIAN_POINT('Ctrl Pts',(391.731950654255,-60.3401683454602,38.8150571400481));
#6740=CARTESIAN_POINT('Ctrl Pts',(391.368616721603,-60.3554450040753,39.5948755807691));
#6741=CARTESIAN_POINT('Ctrl Pts',(390.993630682455,-60.371276816689,40.3698671929092));
#6742=CARTESIAN_POINT('Ctrl Pts',(390.607045998011,-60.3875651600006,41.140209492416));
#6743=CARTESIAN_POINT('Ctrl Pts',(390.174254711643,-60.4058003703913,42.0026270898097));
#6744=CARTESIAN_POINT('Ctrl Pts',(389.726926001408,-60.4246074718751,42.8592179545786));
#6745=CARTESIAN_POINT('Ctrl Pts',(389.265080051547,-60.4438161901186,43.7102120206031));
#6746=CARTESIAN_POINT('Ctrl Pts',(389.035961162359,-60.4533455151848,44.1323848580449));
#6747=CARTESIAN_POINT('Ctrl Pts',(388.803268699119,-60.4629732505482,44.5531799514895));
#6748=CARTESIAN_POINT('Ctrl Pts',(388.567001550376,-60.47267659347,44.9726234386389));
#6749=CARTESIAN_POINT('Ctrl Pts',(388.44932943528,-60.4775093130892,45.1815259566527));
#6750=CARTESIAN_POINT('Ctrl Pts',(388.330770587041,-60.4823607707673,45.3900931875467));
#6751=CARTESIAN_POINT('Ctrl Pts',(388.211324713106,-60.4872280659572,45.5983282392383));
#6752=CARTESIAN_POINT('Ctrl Pts',(388.163077393477,-60.4891940940754,45.6824398352778));
#6753=CARTESIAN_POINT('Ctrl Pts',(388.114685348917,-60.4911627056486,45.7664972332386));
#6754=CARTESIAN_POINT('Ctrl Pts',(388.066148556229,-60.4931337074942,45.8505006341955));
#6755=CARTESIAN_POINT('Ctrl Pts',(388.029028374288,-60.4946410989609,45.9147451249117));
#6756=CARTESIAN_POINT('Ctrl Pts',(387.991820483628,-60.4961493724767,45.9789640589081));
#6757=CARTESIAN_POINT('Ctrl Pts',(387.954541431902,-60.497661240821,46.0431247135845));
#6758=CARTESIAN_POINT('Ctrl Pts',(387.231364773259,-60.5269899883848,47.2877778288509));
#6759=CARTESIAN_POINT('Ctrl Pts',(386.480505021208,-60.5575199548909,48.5123183658092));
#6760=CARTESIAN_POINT('Ctrl Pts',(385.703145864699,-60.5890448627719,49.7170595578305));
#6761=CARTESIAN_POINT('Ctrl Pts',(385.192081778982,-60.6097704798674,50.5091000846204));
#6762=CARTESIAN_POINT('Ctrl Pts',(384.669563049008,-60.6309260687723,51.2925834221987));
#6763=CARTESIAN_POINT('Ctrl Pts',(384.135918121851,-60.652458678604,52.0676060239271));
#6764=CARTESIAN_POINT('Ctrl Pts',(384.030019818366,-60.6567316824962,52.2214041292011));
#6765=CARTESIAN_POINT('Ctrl Pts',(383.923683349946,-60.6610195550948,52.3748690735094));
#6766=CARTESIAN_POINT('Ctrl Pts',(383.816911254356,-60.6653219156747,52.5280016427591));
#6767=CARTESIAN_POINT('Ctrl Pts',(383.722693319778,-60.6691184088071,52.6631290307862));
#6768=CARTESIAN_POINT('Ctrl Pts',(383.628145767039,-60.6729275827781,52.7979957879285));
#6769=CARTESIAN_POINT('Ctrl Pts',(383.533270461296,-60.6767493504729,52.9326026888481));
#6770=CARTESIAN_POINT('Ctrl Pts',(382.926668432122,-60.701184497433,53.7932356912872));
#6771=CARTESIAN_POINT('Ctrl Pts',(382.306660006251,-60.7261314724101,54.6432455446582));
#6772=CARTESIAN_POINT('Ctrl Pts',(381.673682090599,-60.7515740874749,55.4828593686045));
#6773=CARTESIAN_POINT('Ctrl Pts',(380.858996423207,-60.7843204650685,56.5634995167036));
#6774=CARTESIAN_POINT('Ctrl Pts',(380.022831012421,-60.8178891314191,57.6269167526476));
#6775=CARTESIAN_POINT('Ctrl Pts',(379.166165051495,-60.8522875697183,58.6736336343829));
#6776=CARTESIAN_POINT('Ctrl Pts',(378.589943954707,-60.8754250664191,59.3776890972258));
#6777=CARTESIAN_POINT('Ctrl Pts',(378.004448638226,-60.8989388934652,60.0741896510611));
#6778=CARTESIAN_POINT('Ctrl Pts',(377.409963713066,-60.9228316568548,60.7633052133731));
#6779=CARTESIAN_POINT('Ctrl Pts',(377.204464634963,-60.9310908079991,61.0015158168178));
#6780=CARTESIAN_POINT('Ctrl Pts',(376.997891188753,-60.9393952016329,61.2388440503163));
#6781=CARTESIAN_POINT('Ctrl Pts',(376.790254447718,-60.9477447813495,61.4752971710394));
#6782=CARTESIAN_POINT('Ctrl Pts',(376.68544083615,-60.9519595922775,61.5946570946538));
#6783=CARTESIAN_POINT('Ctrl Pts',(376.580356273362,-60.9561859155733,61.7137940273133));
#6784=CARTESIAN_POINT('Ctrl Pts',(376.475002141295,-60.960423731924,61.8327089141794));
#6785=CARTESIAN_POINT('Ctrl Pts',(376.383668155895,-60.9640975950094,61.9357990381997));
#6786=CARTESIAN_POINT('Ctrl Pts',(376.292138831059,-60.9677801966126,62.0387233553895));
#6787=CARTESIAN_POINT('Ctrl Pts',(376.200422018113,-60.9714714890702,62.1414839910948));
#6788=CARTESIAN_POINT('Ctrl Pts',(375.840653110245,-60.9859509744932,62.5445734628286));
#6789=CARTESIAN_POINT('Ctrl Pts',(375.47796398731,-61.0005638068589,62.9451390778079));
#6790=CARTESIAN_POINT('Ctrl Pts',(375.112381298974,-61.0153006124479,63.3432413008034));
#6791=CARTESIAN_POINT('Ctrl Pts',(374.860125573969,-61.0254691562457,63.6179358311838));
#6792=CARTESIAN_POINT('Ctrl Pts',(374.606489599604,-61.0356965585835,63.891460454624));
#6793=CARTESIAN_POINT('Ctrl Pts',(374.351492080055,-61.0459800317655,64.1638227164318));
#6794=CARTESIAN_POINT('Ctrl Pts',(373.549147380758,-61.0783367786567,65.0208052370331));
#6795=CARTESIAN_POINT('Ctrl Pts',(372.733343799268,-61.1112497203912,65.8662492980023));
#6796=CARTESIAN_POINT('Ctrl Pts',(371.904958723666,-61.1446471610371,66.7000908112506));
#6797=CARTESIAN_POINT('Ctrl Pts',(371.046748867438,-61.1792470271854,67.5639535560991));
#6798=CARTESIAN_POINT('Ctrl Pts',(370.175035518523,-61.2143667340041,68.41536335262));
#6799=CARTESIAN_POINT('Ctrl Pts',(369.290817356218,-61.2499294418635,69.2543010153857));
#6800=CARTESIAN_POINT('Ctrl Pts',(368.369110724501,-61.2869999127871,70.1288073762962));
#6801=CARTESIAN_POINT('Ctrl Pts',(367.433816826663,-61.3245515199686,70.9897617604287));
#6802=CARTESIAN_POINT('Ctrl Pts',(366.486086565665,-61.3625034474992,71.837196171116));
#6803=CARTESIAN_POINT('Ctrl Pts',(365.492322272605,-61.4022988112063,72.7257929509256));
#6804=CARTESIAN_POINT('Ctrl Pts',(364.48488466992,-61.4425340419347,73.5995246677982));
#6805=CARTESIAN_POINT('Ctrl Pts',(363.465114868547,-61.483126734923,74.4584833243836));
#6806=CARTESIAN_POINT('Ctrl Pts',(362.394297305889,-61.5257514218954,75.360439838325));
#6807=CARTESIAN_POINT('Ctrl Pts',(361.309882798891,-61.5687699151673,76.246107615681));
#6808=CARTESIAN_POINT('Ctrl Pts',(360.213428849591,-61.6121034097341,77.1156479498674));
#6809=CARTESIAN_POINT('Ctrl Pts',(359.882613008759,-61.625177744913,77.3780007071126));
#6810=CARTESIAN_POINT('Ctrl Pts',(359.550701182133,-61.6382808841404,77.6388856983465));
#6811=CARTESIAN_POINT('Ctrl Pts',(359.217736042559,-61.6514110083371,77.8983081801813));
#6812=CARTESIAN_POINT('Ctrl Pts',(359.038076779716,-61.6584956792347,78.0382857523407));
#6813=CARTESIAN_POINT('Ctrl Pts',(358.85811085401,-61.6655882093957,78.1778375357285));
#6814=CARTESIAN_POINT('Ctrl Pts',(358.677844956506,-61.6726883334849,78.3169643966681));
#6815=CARTESIAN_POINT('Ctrl Pts',(358.592194757727,-61.6760618336755,78.3830680993646));
#6816=CARTESIAN_POINT('Ctrl Pts',(358.506476839885,-61.6794370484134,78.4490758758121));
#6817=CARTESIAN_POINT('Ctrl Pts',(358.420691919841,-61.6828139503889,78.5149878210636));
#6818=CARTESIAN_POINT('Ctrl Pts',(358.376742150273,-61.6845440221032,78.54875616641));
#6819=CARTESIAN_POINT('Ctrl Pts',(358.332774794157,-61.6862745366907,78.5824993582905));
#6820=CARTESIAN_POINT('Ctrl Pts',(358.288789947833,-61.6880054905547,78.6162174096227));
#6821=CARTESIAN_POINT('Ctrl Pts',(358.251170872758,-61.6894859295878,78.6450555666351));
#6822=CARTESIAN_POINT('Ctrl Pts',(358.21353868162,-61.6909667006296,78.6738755879187));
#6823=CARTESIAN_POINT('Ctrl Pts',(358.175882439122,-61.6924481416948,78.7026859668459));
#6824=CARTESIAN_POINT('Ctrl Pts',(357.091151213276,-61.7351227495719,79.5326019536208));
#6825=CARTESIAN_POINT('Ctrl Pts',(355.988796490654,-61.7782794747901,80.3527023054376));
#6826=CARTESIAN_POINT('Ctrl Pts',(354.869618274406,-61.8217895176817,81.1628932315774));
#6827=CARTESIAN_POINT('Ctrl Pts',(353.6735971611,-61.8682869648118,82.0287119541042));
#6828=CARTESIAN_POINT('Ctrl Pts',(352.458363658588,-61.9151876940962,82.8832138360426));
#6829=CARTESIAN_POINT('Ctrl Pts',(351.224930932407,-61.9623451700316,83.7263299787664));
#6830=CARTESIAN_POINT('Ctrl Pts',(350.535914880777,-61.9886881210366,84.1973086899638));
#6831=CARTESIAN_POINT('Ctrl Pts',(349.841220313535,-62.0151114009093,84.6647352454427));
#6832=CARTESIAN_POINT('Ctrl Pts',(349.141026920567,-62.0415910834916,85.1286029735743));
#6833=CARTESIAN_POINT('Ctrl Pts',(348.746786302462,-62.0565003450374,85.3897815303757));
#6834=CARTESIAN_POINT('Ctrl Pts',(348.350802475828,-62.0714275085429,85.6498319316902));
#6835=CARTESIAN_POINT('Ctrl Pts',(347.953107648778,-62.0863684622526,85.908753444103));
#6836=CARTESIAN_POINT('Ctrl Pts',(347.703613494346,-62.095741681009,86.071188053281));
#6837=CARTESIAN_POINT('Ctrl Pts',(347.453445944605,-62.1051203294241,86.2331783731275));
#6838=CARTESIAN_POINT('Ctrl Pts',(347.202612955621,-62.114503414251,86.3947242825878));
#6839=CARTESIAN_POINT('Ctrl Pts',(347.016990236257,-62.1214471329725,86.514272317866));
#6840=CARTESIAN_POINT('Ctrl Pts',(346.831009925651,-62.1283975696794,86.6335824457452));
#6841=CARTESIAN_POINT('Ctrl Pts',(346.644675876948,-62.1353553478346,86.7526557860226));
#6842=CARTESIAN_POINT('Ctrl Pts',(345.394031485367,-62.1820548441869,87.5518570390476));
#6843=CARTESIAN_POINT('Ctrl Pts',(344.127430945983,-62.2290711674668,88.3403742354966));
#6844=CARTESIAN_POINT('Ctrl Pts',(342.845694101354,-62.2763813193666,89.1182709762321));
#6845=CARTESIAN_POINT('Ctrl Pts',(341.356380862197,-62.3313533176096,90.0221475555232));
#6846=CARTESIAN_POINT('Ctrl Pts',(339.846634396696,-62.3867224811888,90.9116847489789));
#6847=CARTESIAN_POINT('Ctrl Pts',(338.317765412322,-62.442493208849,91.7870308593505));
#6848=CARTESIAN_POINT('Ctrl Pts',(336.887800716164,-62.4946560641677,92.6057498258173));
#6849=CARTESIAN_POINT('Ctrl Pts',(335.441110140472,-62.547171662386,93.4120554217398));
#6850=CARTESIAN_POINT('Ctrl Pts',(333.978744549639,-62.6000593391475,94.2061008004192));
#6851=CARTESIAN_POINT('Ctrl Pts',(332.62780254341,-62.6489172886211,94.9396446307954));
#6852=CARTESIAN_POINT('Ctrl Pts',(331.263484124451,-62.6980935074714,95.6627260251018));
#6853=CARTESIAN_POINT('Ctrl Pts',(329.886576318097,-62.7476026573826,96.3754825351842));
#6854=CARTESIAN_POINT('Ctrl Pts',(328.579074333441,-62.794616198499,97.0523111123841));
#6855=CARTESIAN_POINT('Ctrl Pts',(327.260220445904,-62.8419302960782,97.7198298137116));
#6856=CARTESIAN_POINT('Ctrl Pts',(325.930641550368,-62.889549725986,98.3781655177147));
#6857=CARTESIAN_POINT('Ctrl Pts',(324.620406626402,-62.9364763433789,99.0269231311017));
#6858=CARTESIAN_POINT('Ctrl Pts',(323.299756580484,-62.9836996613947,99.6667632151203));
#6859=CARTESIAN_POINT('Ctrl Pts',(321.969241519232,-63.0312126206562,100.297812341133));
#6860=CARTESIAN_POINT('Ctrl Pts',(321.565564221605,-63.0456280177874,100.489272184977));
#6861=CARTESIAN_POINT('Ctrl Pts',(321.160978486465,-63.0600699855665,100.679922836475));
#6862=CARTESIAN_POINT('Ctrl Pts',(320.755498767881,-63.074538082937,100.869767886209));
#6863=CARTESIAN_POINT('Ctrl Pts',(320.488139089334,-63.0840778593668,100.994945322081));
#6864=CARTESIAN_POINT('Ctrl Pts',(320.220391234568,-63.0936289664679,101.119772253111));
#6865=CARTESIAN_POINT('Ctrl Pts',(319.952245259522,-63.1031918006553,101.244257689267));
#6866=CARTESIAN_POINT('Ctrl Pts',(318.501075779383,-63.154944556273,101.917955907711));
#6867=CARTESIAN_POINT('Ctrl Pts',(317.038341783754,-63.207037140499,102.581594841816));
#6868=CARTESIAN_POINT('Ctrl Pts',(315.564640242922,-63.2594575363539,103.235334146265));
#6869=CARTESIAN_POINT('Ctrl Pts',(314.936475990599,-63.2818016934687,103.513990068115));
#6870=CARTESIAN_POINT('Ctrl Pts',(314.306316994488,-63.3042063918517,103.790847574402));
#6871=CARTESIAN_POINT('Ctrl Pts',(313.674217163694,-63.3266675376658,104.065919021617));
#6872=CARTESIAN_POINT('Ctrl Pts',(312.224329991801,-63.3781880817244,104.696867715543));
#6873=CARTESIAN_POINT('Ctrl Pts',(310.764255798926,-63.4299937151296,105.318416864054));
#6874=CARTESIAN_POINT('Ctrl Pts',(309.294932770179,-63.4819179274901,105.930709509336));
#6875=CARTESIAN_POINT('Ctrl Pts',(308.823141442562,-63.4985904988755,106.127313220267));
#6876=CARTESIAN_POINT('Ctrl Pts',(308.350396997638,-63.5152761782762,106.322963343935));
#6877=CARTESIAN_POINT('Ctrl Pts',(307.876714391132,-63.531979931224,106.517666844771));
#6878=CARTESIAN_POINT('Ctrl Pts',(306.364608125862,-63.5853022384799,107.139206203489));
#6879=CARTESIAN_POINT('Ctrl Pts',(304.842959722598,-63.6387789174306,107.751085229803));
#6880=CARTESIAN_POINT('Ctrl Pts',(303.312516556693,-63.6922790062567,108.353406324338));
#6881=CARTESIAN_POINT('Ctrl Pts',(301.740385447211,-63.7472363910701,108.972134122737));
#6882=CARTESIAN_POINT('Ctrl Pts',(300.158973876973,-63.8022187747535,109.580776036034));
#6883=CARTESIAN_POINT('Ctrl Pts',(298.5691189137,-63.8571250337461,110.179472376284));
#6884=CARTESIAN_POINT('Ctrl Pts',(296.915499038564,-63.9142334387497,110.802180856164));
#6885=CARTESIAN_POINT('Ctrl Pts',(295.252744926661,-63.9712597976456,111.414129886521));
#6886=CARTESIAN_POINT('Ctrl Pts',(293.581827583607,-64.0281293133154,112.01551085532));
#6887=CARTESIAN_POINT('Ctrl Pts',(291.804332782694,-64.0886261828068,112.65525018764));
#6888=CARTESIAN_POINT('Ctrl Pts',(290.01760032018,-64.1489458665686,113.283030338186));
#6889=CARTESIAN_POINT('Ctrl Pts',(288.222830443089,-64.2090369247684,113.899119947511));
#6890=CARTESIAN_POINT('Ctrl Pts',(286.21764819127,-64.276172842823,114.587437690034));
#6891=CARTESIAN_POINT('Ctrl Pts',(284.202433960467,-64.3430236306554,115.261163406387));
#6892=CARTESIAN_POINT('Ctrl Pts',(282.178895533263,-64.4095602335432,115.920716645714));
#6893=CARTESIAN_POINT('Ctrl Pts',(279.643523174907,-64.4929266087565,116.747097320958));
#6894=CARTESIAN_POINT('Ctrl Pts',(277.095085680982,-64.575799717948,117.551231775373));
#6895=CARTESIAN_POINT('Ctrl Pts',(274.536971432799,-64.6581858315499,118.333994788527));
#6896=CARTESIAN_POINT('Ctrl Pts',(273.951603670595,-64.6770380681105,118.51311275938));
#6897=CARTESIAN_POINT('Ctrl Pts',(273.365729179659,-64.6958650098777,118.691111706081));
#6898=CARTESIAN_POINT('Ctrl Pts',(272.779388373382,-64.7146670498656,118.868002009236));
#6899=CARTESIAN_POINT('Ctrl Pts',(272.458898530631,-64.7249441153104,118.964689029541));
#6900=CARTESIAN_POINT('Ctrl Pts',(272.138268402695,-64.7352126837883,119.061044444518));
#6901=CARTESIAN_POINT('Ctrl Pts',(271.817513074321,-64.7454802872887,119.157073543315));
#6902=CARTESIAN_POINT('Ctrl Pts',(270.028961152198,-64.8027330913786,119.692537849095));
#6903=CARTESIAN_POINT('Ctrl Pts',(268.236393083812,-64.8599023290818,120.217797041609));
#6904=CARTESIAN_POINT('Ctrl Pts',(266.440573885833,-64.9169101980469,120.732916975638));
#6905=CARTESIAN_POINT('Ctrl Pts',(265.778249966025,-64.9379355191234,120.922900607766));
#6906=CARTESIAN_POINT('Ctrl Pts',(265.115483998842,-64.95893938084,121.111505062148));
#6907=CARTESIAN_POINT('Ctrl Pts',(264.452314984427,-64.9799195458281,121.298733693235));
#6908=CARTESIAN_POINT('Ctrl Pts',(264.123320981182,-64.9903276745527,121.391616646939));
#6909=CARTESIAN_POINT('Ctrl Pts',(263.794227789315,-65.0007299846601,121.484160998864));
#6910=CARTESIAN_POINT('Ctrl Pts',(263.465040198917,-65.0111262804202,121.576367163676));
#6911=CARTESIAN_POINT('Ctrl Pts',(263.272014041319,-65.017222369952,121.630434213042));
#6912=CARTESIAN_POINT('Ctrl Pts',(263.078955426899,-65.0233163925166,121.68438498316));
#6913=CARTESIAN_POINT('Ctrl Pts',(262.885865324319,-65.0294083166571,121.738219558283));
#6914=CARTESIAN_POINT('Ctrl Pts',(262.763140412771,-65.0332802440179,121.772435933861));
#6915=CARTESIAN_POINT('Ctrl Pts',(262.640407585858,-65.0371511796556,121.806604032098));
#6916=CARTESIAN_POINT('Ctrl Pts',(262.517637744245,-65.0410220100508,121.840732051084));
#6917=CARTESIAN_POINT('Ctrl Pts',(260.632357266541,-65.1004633262627,122.364809357783));
#6918=CARTESIAN_POINT('Ctrl Pts',(258.739516761303,-65.1598378859111,122.879108582825));
#6919=CARTESIAN_POINT('Ctrl Pts',(256.839758927177,-65.2189783493476,123.383777518104));
#6920=CARTESIAN_POINT('Ctrl Pts',(254.89886872981,-65.2793992849476,123.899373228147));
#6921=CARTESIAN_POINT('Ctrl Pts',(252.950758454661,-65.3395760579962,124.404916842131));
#6922=CARTESIAN_POINT('Ctrl Pts',(250.996138584002,-65.399377752714,124.900576044875));
#6923=CARTESIAN_POINT('Ctrl Pts',(248.995898449508,-65.4605752017325,125.407803790403));
#6924=CARTESIAN_POINT('Ctrl Pts',(246.988841347198,-65.5213800721511,125.904680092959));
#6925=CARTESIAN_POINT('Ctrl Pts',(244.975754169566,-65.5816982990776,126.391399164987));
#6926=CARTESIAN_POINT('Ctrl Pts',(243.917242435271,-65.6134145365575,126.647323426376));
#6927=CARTESIAN_POINT('Ctrl Pts',(242.857063913401,-65.6449969691907,126.900439665065));
#6928=CARTESIAN_POINT('Ctrl Pts',(241.795335667091,-65.6764365460123,127.150777979218));
#6929=CARTESIAN_POINT('Ctrl Pts',(240.950339407888,-65.7014583205553,127.350014403161));
#6930=CARTESIAN_POINT('Ctrl Pts',(240.104362260106,-65.7263899278971,127.547491760786));
#6931=CARTESIAN_POINT('Ctrl Pts',(239.257471650257,-65.7512313462836,127.743232441169));
#6932=CARTESIAN_POINT('Ctrl Pts',(237.223200906339,-65.810901591854,128.213410684811));
#6933=CARTESIAN_POINT('Ctrl Pts',(235.183642085545,-65.8700424414739,128.673555054847));
#6934=CARTESIAN_POINT('Ctrl Pts',(233.139606500277,-65.9286244492182,129.123874549101));
#6935=CARTESIAN_POINT('Ctrl Pts',(231.042568008652,-65.988725518907,129.585871062169));
#6936=CARTESIAN_POINT('Ctrl Pts',(228.940817561225,-66.0482386382045,130.037526480857));
#6937=CARTESIAN_POINT('Ctrl Pts',(226.835262512125,-66.1071721205713,130.479086658506));
#6938=CARTESIAN_POINT('Ctrl Pts',(224.666478378291,-66.1678753548863,130.93390673449));
#6939=CARTESIAN_POINT('Ctrl Pts',(222.493657734303,-66.2279638809109,131.378016086074));
#6940=CARTESIAN_POINT('Ctrl Pts',(220.317824871522,-66.2874848455859,131.811705724965));
#6941=CARTESIAN_POINT('Ctrl Pts',(218.017799600806,-66.3504031538951,132.270149544873));
#6942=CARTESIAN_POINT('Ctrl Pts',(215.714408390053,-66.4126874282485,132.716950100992));
#6943=CARTESIAN_POINT('Ctrl Pts',(213.408897547672,-66.474432072127,133.1524774569));
#6944=CARTESIAN_POINT('Ctrl Pts',(211.204398810422,-66.5334714776071,133.56892290946));
#6945=CARTESIAN_POINT('Ctrl Pts',(208.99796262467,-66.5920181319401,133.975061665144));
#6946=CARTESIAN_POINT('Ctrl Pts',(206.790706436278,-66.6501820476394,134.371238576825));
#6947=CARTESIAN_POINT('Ctrl Pts',(206.170778367736,-66.666517914816,134.482508482398));
#6948=CARTESIAN_POINT('Ctrl Pts',(205.55078576595,-66.682823733798,134.592992697959));
#6949=CARTESIAN_POINT('Ctrl Pts',(204.930753724436,-66.699102260033,134.702699133552));
#6950=CARTESIAN_POINT('Ctrl Pts',(204.538242100836,-66.7094073899851,134.772148852712));
#6951=CARTESIAN_POINT('Ctrl Pts',(204.145715038859,-66.719701761768,134.841287062993));
#6952=CARTESIAN_POINT('Ctrl Pts',(203.753163865546,-66.7299860364095,134.910106643176));
#6953=CARTESIAN_POINT('Ctrl Pts',(201.511662062384,-66.7887101511753,135.303072512498));
#6954=CARTESIAN_POINT('Ctrl Pts',(199.269473131646,-66.8470914272745,135.685711889773));
#6955=CARTESIAN_POINT('Ctrl Pts',(197.027298020146,-66.9050744422601,136.058146272765));
#6956=CARTESIAN_POINT('Ctrl Pts',(194.989524650749,-66.9577715947746,136.396628697093));
#6957=CARTESIAN_POINT('Ctrl Pts',(192.951762929594,-67.0101405403579,136.726682011473));
#6958=CARTESIAN_POINT('Ctrl Pts',(190.914550988966,-67.0621747192264,137.048401699012));
#6959=CARTESIAN_POINT('Ctrl Pts',(189.758270047699,-67.0917082832705,137.231003388955));
#6960=CARTESIAN_POINT('Ctrl Pts',(188.602159308004,-67.1211394518027,137.410916773026));
#6961=CARTESIAN_POINT('Ctrl Pts',(187.446413225378,-67.1504058560965,137.588209031663));
#6962=CARTESIAN_POINT('Ctrl Pts',(185.369159122378,-67.2030071664648,137.906861266112));
#6963=CARTESIAN_POINT('Ctrl Pts',(183.293084963509,-67.2550716087558,138.217047050462));
#6964=CARTESIAN_POINT('Ctrl Pts',(181.219336699025,-67.3062707534348,138.519168229611));
#6965=CARTESIAN_POINT('Ctrl Pts',(179.101697456879,-67.3585535303723,138.82768381745));
#6966=CARTESIAN_POINT('Ctrl Pts',(176.986483661528,-67.4099340960184,139.127789836525));
#6967=CARTESIAN_POINT('Ctrl Pts',(174.874920756567,-67.4601178418569,139.419920918595));
#6968=CARTESIAN_POINT('Ctrl Pts',(173.077822249715,-67.5028279759015,139.668546394141));
#6969=CARTESIAN_POINT('Ctrl Pts',(171.283368309604,-67.5446722560732,139.911395527818));
#6970=CARTESIAN_POINT('Ctrl Pts',(169.492316661253,-67.5854983169043,140.148739691244));
#6971=CARTESIAN_POINT('Ctrl Pts',(168.624776019084,-67.6052734401194,140.263703270403));
#6972=CARTESIAN_POINT('Ctrl Pts',(167.758033646684,-67.6248100569365,140.377375322725));
#6973=CARTESIAN_POINT('Ctrl Pts',(166.892175780203,-67.6440929551133,140.489786922833));
#6974=CARTESIAN_POINT('Ctrl Pts',(166.734562800013,-67.6476030405049,140.510249319707));
#6975=CARTESIAN_POINT('Ctrl Pts',(166.576979128352,-67.6511047223772,140.530669951515));
#6976=CARTESIAN_POINT('Ctrl Pts',(166.419425285579,-67.6545979136397,140.551049006186));
#6977=CARTESIAN_POINT('Ctrl Pts',(166.356824870919,-67.6559858532651,140.559146157296));
#6978=CARTESIAN_POINT('Ctrl Pts',(166.294226764178,-67.6573727299794,140.56723682915));
#6979=CARTESIAN_POINT('Ctrl Pts',(166.231622298385,-67.6587595454036,140.575321329462));
#6980=CARTESIAN_POINT('Ctrl Pts',(163.890022994901,-67.7106307017221,140.877706471816));
#6981=CARTESIAN_POINT('Ctrl Pts',(161.543019121941,-67.7620085607044,141.171334880758));
#6982=CARTESIAN_POINT('Ctrl Pts',(159.191170399676,-67.812832370916,141.456479602381));
#6983=CARTESIAN_POINT('Ctrl Pts',(156.829081842209,-67.8638774655308,141.742865830285));
#6984=CARTESIAN_POINT('Ctrl Pts',(154.462106095104,-67.9143637588829,142.020694283862));
#6985=CARTESIAN_POINT('Ctrl Pts',(152.090838080377,-67.9642727841756,142.290253501934));
#6986=CARTESIAN_POINT('Ctrl Pts',(149.708722334547,-68.0144101259988,142.561045860206));
#6987=CARTESIAN_POINT('Ctrl Pts',(147.322274900349,-68.0639649932091,142.823493106237));
#6988=CARTESIAN_POINT('Ctrl Pts',(144.932127859575,-68.1129607676385,143.077900483623));
#6989=CARTESIAN_POINT('Ctrl Pts',(144.308243188875,-68.1257498187196,143.144306800956));
#6990=CARTESIAN_POINT('Ctrl Pts',(143.684106607016,-68.1385009948802,143.210165404605));
#6991=CARTESIAN_POINT('Ctrl Pts',(143.059729685451,-68.1512151694038,143.275481870602));
#6992=CARTESIAN_POINT('Ctrl Pts',(142.601635121016,-68.1605433396794,143.323403433696));
#6993=CARTESIAN_POINT('Ctrl Pts',(142.143411194771,-68.1698504972947,143.371033486915));
#6994=CARTESIAN_POINT('Ctrl Pts',(141.685065447055,-68.1791544154322,143.418371424337));
#6995=CARTESIAN_POINT('Ctrl Pts',(139.544854912617,-68.2225983520427,143.639412315088));
#6996=CARTESIAN_POINT('Ctrl Pts',(137.40196098299,-68.2658723374451,143.854092519058));
#6997=CARTESIAN_POINT('Ctrl Pts',(135.256608492539,-68.308794922896,144.062528597929));
#6998=CARTESIAN_POINT('Ctrl Pts',(133.200291601575,-68.3499361516028,144.262314242281));
#6999=CARTESIAN_POINT('Ctrl Pts',(131.141716229721,-68.3907544211917,144.456363664586));
#7000=CARTESIAN_POINT('Ctrl Pts',(129.081072530965,-68.4311154373033,144.644762130664));
#7001=CARTESIAN_POINT('Ctrl Pts',(126.406734593615,-68.4834966406342,144.889268818296));
#7002=CARTESIAN_POINT('Ctrl Pts',(123.728915546406,-68.5351038823104,145.124262581745));
#7003=CARTESIAN_POINT('Ctrl Pts',(121.048054998147,-68.5856812356172,145.349951790008));
#7004=CARTESIAN_POINT('Ctrl Pts',(118.410666124634,-68.6354384484456,145.571981319716));
#7005=CARTESIAN_POINT('Ctrl Pts',(115.770333497657,-68.6841990357206,145.785005388517));
#7006=CARTESIAN_POINT('Ctrl Pts',(113.127486107996,-68.7317705831339,145.989220533985));
#7007=CARTESIAN_POINT('Ctrl Pts',(110.484086694191,-68.7793520670433,146.193478334846));
#7008=CARTESIAN_POINT('Ctrl Pts',(107.838171370997,-68.8257440325581,146.388923363994));
#7009=CARTESIAN_POINT('Ctrl Pts',(105.190181351286,-68.8708047300353,146.575753259086));
#7010=CARTESIAN_POINT('Ctrl Pts',(102.537688509465,-68.9159420517835,146.762900852425));
#7011=CARTESIAN_POINT('Ctrl Pts',(99.8831138306142,-68.95974360535,146.941403854492));
#7012=CARTESIAN_POINT('Ctrl Pts',(97.2269140908409,-69.0021175151284,147.111464152524));
#7013=CARTESIAN_POINT('Ctrl Pts',(94.5618227308996,-69.0446332714349,147.282093726862));
#7014=CARTESIAN_POINT('Ctrl Pts',(91.8950953489198,-69.0857118518039,147.444223878247));
#7015=CARTESIAN_POINT('Ctrl Pts',(89.2272077821929,-69.12531081836,147.598063543232));
#7016=CARTESIAN_POINT('Ctrl Pts',(86.5496056284003,-69.1650539767528,147.752463385054));
#7017=CARTESIAN_POINT('Ctrl Pts',(83.8708351980537,-69.203308948939,147.898509876075));
#7018=CARTESIAN_POINT('Ctrl Pts',(81.1913914862086,-69.2400753738163,148.03642838517));
#7019=CARTESIAN_POINT('Ctrl Pts',(78.4975524511958,-69.2770393264736,148.175087862064));
#7020=CARTESIAN_POINT('Ctrl Pts',(75.8030317317667,-69.3124930927314,148.305537790312));
#7021=CARTESIAN_POINT('Ctrl Pts',(73.1083425843162,-69.3464544719481,148.428047918291));
#7022=CARTESIAN_POINT('Ctrl Pts',(70.3886034205813,-69.3807315584897,148.551696908875));
#7023=CARTESIAN_POINT('Ctrl Pts',(67.6686926595471,-69.4134884524883,148.667257775582));
#7024=CARTESIAN_POINT('Ctrl Pts',(64.9491551708511,-69.4447931460781,148.775015298787));
#7025=CARTESIAN_POINT('Ctrl Pts',(62.1788995506616,-69.476681657899,148.884782450561));
#7026=CARTESIAN_POINT('Ctrl Pts',(59.4090312220178,-69.5070633212183,148.986452483999));
#7027=CARTESIAN_POINT('Ctrl Pts',(56.6401443156539,-69.5360607335325,149.080334290178));
#7028=CARTESIAN_POINT('Ctrl Pts',(53.8324498812055,-69.5654645611071,149.175531903376));
#7029=CARTESIAN_POINT('Ctrl Pts',(51.025764571741,-69.5934451565187,149.262721479144));
#7030=CARTESIAN_POINT('Ctrl Pts',(48.2207266386543,-69.6201810907063,149.342232875698));
#7031=CARTESIAN_POINT('Ctrl Pts',(45.3696756188109,-69.6473555939574,149.423048555786));
#7032=CARTESIAN_POINT('Ctrl Pts',(42.5203264781659,-69.6732443746771,149.49593214999));
#7033=CARTESIAN_POINT('Ctrl Pts',(39.6733685859398,-69.6980854969118,149.561237307622));
#7034=CARTESIAN_POINT('Ctrl Pts',(38.0120586560162,-69.7125812515387,149.59934539034));
#7035=CARTESIAN_POINT('Ctrl Pts',(36.3515633454528,-69.726721196001,149.634873016259));
#7036=CARTESIAN_POINT('Ctrl Pts',(34.6920225277295,-69.7405601283221,149.667891424917));
#7037=CARTESIAN_POINT('Ctrl Pts',(33.2251873341787,-69.7527920859533,149.697075741047));
#7038=CARTESIAN_POINT('Ctrl Pts',(31.7590978655225,-69.7647889657197,149.724299759308));
#7039=CARTESIAN_POINT('Ctrl Pts',(30.2938520271011,-69.7765919915206,149.749613052427));
#7040=CARTESIAN_POINT('Ctrl Pts',(30.0149308785648,-69.7788387909492,149.754431638226));
#7041=CARTESIAN_POINT('Ctrl Pts',(29.7360368773169,-69.7810738230401,149.759175681852));
#7042=CARTESIAN_POINT('Ctrl Pts',(29.457167106182,-69.7832923678719,149.763840562955));
#7043=CARTESIAN_POINT('Ctrl Pts',(27.159443797226,-69.8015718757261,149.802276446486));
#7044=CARTESIAN_POINT('Ctrl Pts',(24.8634370834265,-69.8188304820762,149.835446008789));
#7045=CARTESIAN_POINT('Ctrl Pts',(22.5694283813425,-69.8350892027398,149.863726748325));
#7046=CARTESIAN_POINT('Ctrl Pts',(20.3563441750309,-69.8507743733682,149.891009843613));
#7047=CARTESIAN_POINT('Ctrl Pts',(18.1451195317751,-69.8655289910468,149.913742846224));
#7048=CARTESIAN_POINT('Ctrl Pts',(15.9360151714564,-69.8793948858941,149.932306609804));
#7049=CARTESIAN_POINT('Ctrl Pts',(13.7668273481443,-69.8930102364417,149.950534942804));
#7050=CARTESIAN_POINT('Ctrl Pts',(11.5996838904742,-69.905768660903,149.964743155127));
#7051=CARTESIAN_POINT('Ctrl Pts',(9.4348392507346,-69.9177323926675,149.975335311832));
#7052=CARTESIAN_POINT('Ctrl Pts',(7.32107330841796,-69.9294138446676,149.985677550571));
#7053=CARTESIAN_POINT('Ctrl Pts',(5.20949900954174,-69.9403376619084,149.99257225407));
#7054=CARTESIAN_POINT('Ctrl Pts',(3.1003602423557,-69.9505837385178,149.996439475945));
#7055=CARTESIAN_POINT('Ctrl Pts',(2.06631152129743,-69.9556070886067,149.998335461119));
#7056=CARTESIAN_POINT('Ctrl Pts',(1.03284832337583,-69.9604678718292,149.999504431349));
#7057=CARTESIAN_POINT('Ctrl Pts',(-3.90340285134162E-12,-69.9651775045822,
149.999999999804));
#7058=CARTESIAN_POINT('',(-400.000000000495,-59.999999999899,150.000000000058));
#7059=CARTESIAN_POINT('Ctrl Pts',(-1.86614162631685E-11,-69.9651775043978,
150.000000000004));
#7060=CARTESIAN_POINT('Ctrl Pts',(-1.08691288046174,-69.9696962659828,150.000995932009));
#7061=CARTESIAN_POINT('Ctrl Pts',(-2.49002543584086,-69.9752559755674,150.001958535551));
#7062=CARTESIAN_POINT('Ctrl Pts',(-5.60222848135713,-69.9860901462639,150.002877794376));
#7063=CARTESIAN_POINT('Ctrl Pts',(-7.00253835801688,-69.9905072909488,150.002933277577));
#7064=CARTESIAN_POINT('Ctrl Pts',(-11.1965659362619,-70.0024643073481,150.002468071967));
#7065=CARTESIAN_POINT('Ctrl Pts',(-13.9999453657675,-70.0087616042831,150.00131514884));
#7066=CARTESIAN_POINT('Ctrl Pts',(-22.7155041769471,-70.0237125750664,149.998766428279));
#7067=CARTESIAN_POINT('Ctrl Pts',(-28.0170573181758,-70.0264485209696,150.000236674019));
#7068=CARTESIAN_POINT('Ctrl Pts',(-37.2348474220294,-70.0217236476369,150.000604740318));
#7069=CARTESIAN_POINT('Ctrl Pts',(-40.9371945268251,-70.0170577267631,150.000644753122));
#7070=CARTESIAN_POINT('Ctrl Pts',(-59.5048370527593,-69.9791112183426,150.000535975697));
#7071=CARTESIAN_POINT('Ctrl Pts',(-74.1630743524724,-69.9025916064222,150.000000364098));
#7072=CARTESIAN_POINT('Ctrl Pts',(-98.5442942433505,-69.700352901197,150.000052383326));
#7073=CARTESIAN_POINT('Ctrl Pts',(-108.304154895022,-69.5984661153491,150.000057375359));
#7074=CARTESIAN_POINT('Ctrl Pts',(-123.405832484081,-69.4104737590625,150.000053878592));
#7075=CARTESIAN_POINT('Ctrl Pts',(-128.89803284,-69.335637173925,150.000050145648));
#7076=CARTESIAN_POINT('Ctrl Pts',(-149.182951228928,-69.034287874007,150.000031202738));
#7077=CARTESIAN_POINT('Ctrl Pts',(-163.951836516474,-68.7630072249721,150.000006244947));
#7078=CARTESIAN_POINT('Ctrl Pts',(-186.21652331107,-68.2931523854675,150.000000123348));
#7079=CARTESIAN_POINT('Ctrl Pts',(-194.344864717226,-68.1076717137996,150.000004453094));
#7080=CARTESIAN_POINT('Ctrl Pts',(-219.741762680404,-67.4774018454088,150.000007907868));
#7081=CARTESIAN_POINT('Ctrl Pts',(-236.517616055569,-66.9891904337411,150.000002703568));
#7082=CARTESIAN_POINT('Ctrl Pts',(-256.651514543705,-66.3293777943915,150.000000183898));
#7083=CARTESIAN_POINT('Ctrl Pts',(-259.798157081042,-66.2238542917222,149.99999966441));
#7084=CARTESIAN_POINT('Ctrl Pts',(-284.432311602493,-65.3868367613802,150.000002061676));
#7085=CARTESIAN_POINT('Ctrl Pts',(-285.701624450873,-65.3357946111703,150.00001946952));
#7086=CARTESIAN_POINT('Ctrl Pts',(-306.763453688277,-64.5056839244088,150.000018881187));
#7087=CARTESIAN_POINT('Ctrl Pts',(-315.31037175535,-64.144512524336,150.000013339205));
#7088=CARTESIAN_POINT('Ctrl Pts',(-327.206988830227,-63.6209195406804,150.000008275567));
#7089=CARTESIAN_POINT('Ctrl Pts',(-330.468981454014,-63.4753108459355,150.000007189768));
#7090=CARTESIAN_POINT('Ctrl Pts',(-348.315828056511,-62.668257360126,150.000002781857));
#7091=CARTESIAN_POINT('Ctrl Pts',(-357.121395928229,-62.2224627661786,150.000000610576));
#7092=CARTESIAN_POINT('Ctrl Pts',(-372.619410192943,-61.4641162895021,150.000040667507));
#7093=CARTESIAN_POINT('Ctrl Pts',(-378.127795812712,-61.2103364149745,150.00005635574));
#7094=CARTESIAN_POINT('Ctrl Pts',(-384.314028242495,-60.8494177653176,150.000047064563));
#7095=CARTESIAN_POINT('Ctrl Pts',(-385.003859016011,-60.8087664789485,150.00004586052));
#7096=CARTESIAN_POINT('Ctrl Pts',(-386.873063471218,-60.6984322366697,150.000042286477));
#7097=CARTESIAN_POINT('Ctrl Pts',(-388.067225806523,-60.6235609016976,150.000039041526));
#7098=CARTESIAN_POINT('Ctrl Pts',(-392.506940082924,-60.4211466028003,150.000037288603));
#7099=CARTESIAN_POINT('Ctrl Pts',(-396.452436200721,-60.3424957876456,150.000039244925));
#7100=CARTESIAN_POINT('Ctrl Pts',(-400.000000000514,-60.0000000000994,149.999999999999));
#7101=CARTESIAN_POINT('Ctrl Pts',(-400.,-59.9999999999492,150.000000000133));
#7102=CARTESIAN_POINT('Ctrl Pts',(-400.,-60.9265074802838,149.378881102005));
#7103=CARTESIAN_POINT('Ctrl Pts',(-400.,-61.7967017085177,148.759105586847));
#7104=CARTESIAN_POINT('Ctrl Pts',(-400.,-62.6598273890797,148.022339926475));
#7105=CARTESIAN_POINT('Ctrl Pts',(-400.,-63.3212632069161,147.457737102001));
#7106=CARTESIAN_POINT('Ctrl Pts',(-400.000000000001,-63.9494362395038,146.830708765758));
#7107=CARTESIAN_POINT('Ctrl Pts',(-400.000000000001,-64.460848301942,146.269316520296));
#7108=CARTESIAN_POINT('Ctrl Pts',(-400.000000000001,-64.9771340153253,145.702574323105));
#7109=CARTESIAN_POINT('Ctrl Pts',(-400.000000000001,-65.3962159732904,145.186822885521));
#7110=CARTESIAN_POINT('Ctrl Pts',(-400.000000000001,-65.7055893148914,144.792271327304));
#7111=CARTESIAN_POINT('Ctrl Pts',(-400.000000000001,-65.9717358542931,144.452847990788));
#7112=CARTESIAN_POINT('Ctrl Pts',(-400.,-66.2080109563298,144.140837157873));
#7113=CARTESIAN_POINT('Ctrl Pts',(-400.,-66.450944853721,143.81045639789));
#7114=CARTESIAN_POINT('Ctrl Pts',(-400.,-67.962004079525,141.75547394891));
#7115=CARTESIAN_POINT('Ctrl Pts',(-400.,-69.2880367394096,139.551012906867));
#7116=CARTESIAN_POINT('Ctrl Pts',(-400.,-70.4728812635203,137.293069516143));
#7117=CARTESIAN_POINT('Ctrl Pts',(-400.,-72.1358939220975,134.123887092025));
#7118=CARTESIAN_POINT('Ctrl Pts',(-400.000000000001,-73.5021685973057,130.889753835976));
#7119=CARTESIAN_POINT('Ctrl Pts',(-400.000000000001,-74.5703713541678,128.071117499399));
#7120=CARTESIAN_POINT('Ctrl Pts',(-400.000000000001,-75.0769778247116,126.734349365216));
#7121=CARTESIAN_POINT('Ctrl Pts',(-400.000000000001,-75.517698339579,125.491518903078));
#7122=CARTESIAN_POINT('Ctrl Pts',(-400.000000000001,-75.8931297869626,124.394112101179));
#7123=CARTESIAN_POINT('Ctrl Pts',(-400.000000000001,-76.1492269874025,123.645525876799));
#7124=CARTESIAN_POINT('Ctrl Pts',(-400.000000000001,-76.3719672944225,122.975850735198));
#7125=CARTESIAN_POINT('Ctrl Pts',(-400.000000000001,-76.6161425473145,122.22367027948));
#7126=CARTESIAN_POINT('Ctrl Pts',(-400.000000000001,-76.7687757864292,121.753484468284));
#7127=CARTESIAN_POINT('Ctrl Pts',(-400.000000000001,-76.9247018399074,121.265599881464));
#7128=CARTESIAN_POINT('Ctrl Pts',(-400.000000000001,-77.083812499221,120.759619851383));
#7129=CARTESIAN_POINT('Ctrl Pts',(-400.000000000001,-78.0657901241096,117.636880807228));
#7130=CARTESIAN_POINT('Ctrl Pts',(-400.000000000001,-79.1636388062283,113.82309891363));
#7131=CARTESIAN_POINT('Ctrl Pts',(-400.000000000001,-80.2887398840636,109.205156317595));
#7132=CARTESIAN_POINT('Ctrl Pts',(-400.000000000001,-81.1152926418425,105.81259607282));
#7133=CARTESIAN_POINT('Ctrl Pts',(-400.000000000001,-81.955353566144,101.985764936058));
#7134=CARTESIAN_POINT('Ctrl Pts',(-400.000000000001,-82.7747291671388,97.6803712871071));
#7135=CARTESIAN_POINT('Ctrl Pts',(-400.000000000001,-83.3477564032035,94.6694104776398));
#7136=CARTESIAN_POINT('Ctrl Pts',(-400.000000000001,-83.9201775774132,91.3501891816146));
#7137=CARTESIAN_POINT('Ctrl Pts',(-400.000000000001,-84.427040027276,88.1239158540838));
#7138=CARTESIAN_POINT('Ctrl Pts',(-400.000000000001,-84.5482938801149,87.3521126333472));
#7139=CARTESIAN_POINT('Ctrl Pts',(-400.000000000001,-84.6665540699332,86.5824922548794));
#7140=CARTESIAN_POINT('Ctrl Pts',(-400.000000000001,-84.7820032085244,85.8156264992174));
#7141=CARTESIAN_POINT('Ctrl Pts',(-400.000000000001,-85.0143118883187,84.2725264514286));
#7142=CARTESIAN_POINT('Ctrl Pts',(-400.000000000001,-85.2339626048085,82.7403882132779));
#7143=CARTESIAN_POINT('Ctrl Pts',(-400.000000000001,-85.4416043790009,81.2237892490015));
#7144=CARTESIAN_POINT('Ctrl Pts',(-400.000000000001,-86.1309983491853,76.1885106533213));
#7145=CARTESIAN_POINT('Ctrl Pts',(-400.000000000001,-86.6892857373668,71.3247096735489));
#7146=CARTESIAN_POINT('Ctrl Pts',(-400.000000000001,-87.1422113970802,66.7999512565515));
#7147=CARTESIAN_POINT('Ctrl Pts',(-400.000000000001,-87.7947712365065,60.2808336867793));
#7148=CARTESIAN_POINT('Ctrl Pts',(-400.000000000001,-88.231024285509,54.4657899809971));
#7149=CARTESIAN_POINT('Ctrl Pts',(-400.000000000001,-88.5340835066102,49.8556074511853));
#7150=CARTESIAN_POINT('Ctrl Pts',(-400.000000000001,-88.6640257482826,47.8789064939742));
#7151=CARTESIAN_POINT('Ctrl Pts',(-400.000000000001,-88.7661831820958,46.1915412126178));
#7152=CARTESIAN_POINT('Ctrl Pts',(-400.000000000001,-88.8648236577845,44.4544289740229));
#7153=CARTESIAN_POINT('Ctrl Pts',(-400.000000000001,-89.2548973316701,37.5850201625869));
#7154=CARTESIAN_POINT('Ctrl Pts',(-400.000000000001,-89.528484120898,30.7407670418566));
#7155=CARTESIAN_POINT('Ctrl Pts',(-400.000000000001,-89.7072217403418,23.8394955907276));
#7156=CARTESIAN_POINT('Ctrl Pts',(-400.000000000001,-89.794872524904,20.4551948539812));
#7157=CARTESIAN_POINT('Ctrl Pts',(-400.000000000001,-89.857439237872,17.1524483296592));
#7158=CARTESIAN_POINT('Ctrl Pts',(-400.000000000001,-89.9014311826375,13.8809241056117));
#7159=CARTESIAN_POINT('Ctrl Pts',(-400.000000000001,-89.9045263813824,13.6507452006765));
#7160=CARTESIAN_POINT('Ctrl Pts',(-400.000000000001,-89.9075291451203,13.420701156169));
#7161=CARTESIAN_POINT('Ctrl Pts',(-400.000000000001,-89.9104414455795,13.190770246695));
#7162=CARTESIAN_POINT('Ctrl Pts',(-400.000000000001,-89.9660175263504,8.80294729510518));
#7163=CARTESIAN_POINT('Ctrl Pts',(-400.000000000001,-89.9881762966635,4.45634373603736));
#7164=CARTESIAN_POINT('Ctrl Pts',(-400.000000000001,-90.0000000030432,-1.31962495097364E-10));
#7165=CARTESIAN_POINT('Ctrl Pts',(-403.448146387781,-60.0601027628955,149.999995510484));
#7166=CARTESIAN_POINT('Ctrl Pts',(-402.29870001401,-60.1192388386359,150.000012116009));
#7167=CARTESIAN_POINT('Ctrl Pts',(-401.149293231853,-60.179448047872,150.000022595989));
#7168=CARTESIAN_POINT('Ctrl Pts',(-383.046530161842,-61.1415544294707,150.000136094163));
#7169=CARTESIAN_POINT('Ctrl Pts',(-366.091972362476,-62.0540079205714,150.00010299884));
#7170=CARTESIAN_POINT('Ctrl Pts',(-331.02416702733,-63.7189073954285,150.000179843205));
#7171=CARTESIAN_POINT('Ctrl Pts',(-312.911870571991,-64.5042973679208,150.000201555388));
#7172=CARTESIAN_POINT('Ctrl Pts',(-258.56604987975,-66.6299003763725,150.000259198693));
#7173=CARTESIAN_POINT('Ctrl Pts',(-222.323784120904,-67.7432501181312,150.000280135232));
#7174=CARTESIAN_POINT('Ctrl Pts',(-149.82600610041,-69.3796380778966,150.00029835128));
#7175=CARTESIAN_POINT('Ctrl Pts',(-113.570541965748,-69.9028116621562,150.000443033978));
#7176=CARTESIAN_POINT('Ctrl Pts',(-59.1846182706897,-70.2665695570889,150.000099065367));
#7177=CARTESIAN_POINT('Ctrl Pts',(-41.0555244714639,-70.3177437415911,150.001712378713));
#7178=CARTESIAN_POINT('Ctrl Pts',(-15.2968109628507,-70.2939908325089,149.998546976303));
#7179=CARTESIAN_POINT('Ctrl Pts',(-7.66715129276199,-70.2749646718394,150.006448467213));
#7180=CARTESIAN_POINT('Ctrl Pts',(-0.0245736091395368,-70.2440019868829,
149.99934735044));
#7181=CARTESIAN_POINT('Ctrl Pts',(-0.0116020450332646,-70.2439494003338,
149.99933523011));
#7182=CARTESIAN_POINT('Ctrl Pts',(10.487680234621,-70.2013576675486,149.989469824748));
#7183=CARTESIAN_POINT('Ctrl Pts',(20.9739529556126,-70.1363099756465,149.910257268059));
#7184=CARTESIAN_POINT('Ctrl Pts',(67.7093220789851,-69.7550744027678,149.06977851757));
#7185=CARTESIAN_POINT('Ctrl Pts',(103.95088259738,-69.2185486392254,147.246357493305));
#7186=CARTESIAN_POINT('Ctrl Pts',(176.080969956686,-67.7603032645278,139.917535607905));
#7187=CARTESIAN_POINT('Ctrl Pts',(212.015910183748,-66.8291686008551,134.492830685779));
#7188=CARTESIAN_POINT('Ctrl Pts',(264.805825443829,-65.2385370836439,121.508125560223));
#7189=CARTESIAN_POINT('Ctrl Pts',(282.216783799964,-64.6721785666879,116.365173702967));
#7190=CARTESIAN_POINT('Ctrl Pts',(316.104788919031,-63.5052133790466,103.527342583571));
#7191=CARTESIAN_POINT('Ctrl Pts',(332.639950972071,-62.9036073047535,95.8482484578093));
#7192=CARTESIAN_POINT('Ctrl Pts',(355.414940910204,-62.0380576883758,81.0184131908588));
#7193=CARTESIAN_POINT('Ctrl Pts',(362.653831008183,-61.7557647145132,75.5097542001722));
#7194=CARTESIAN_POINT('Ctrl Pts',(375.815610996609,-61.2337156545965,63.0554295682452));
#7195=CARTESIAN_POINT('Ctrl Pts',(381.726387157249,-60.9946976507664,56.0936687686089));
#7196=CARTESIAN_POINT('Ctrl Pts',(391.314126589782,-60.60250376112,40.7101992499663));
#7197=CARTESIAN_POINT('Ctrl Pts',(394.923051240645,-60.4527519316958,32.2917083395667));
#7198=CARTESIAN_POINT('Ctrl Pts',(399.127780500955,-60.2768401460521,15.8324941122153));
#7199=CARTESIAN_POINT('Ctrl Pts',(399.874632522622,-60.2474891616022,7.9292370127134));
#7200=CARTESIAN_POINT('Ctrl Pts',(400.016534609185,-60.2392643686825,-1.15380445172096));
#7201=CARTESIAN_POINT('Ctrl Pts',(400.024392173171,-60.2385244247202,-2.30842420238015));
#7202=CARTESIAN_POINT('Ctrl Pts',(400.024760042487,-60.2379532786516,-3.46407158871628));
#7203=CARTESIAN_POINT('Ctrl Pts',(-403.448179245052,-59.9800934272039,149.999985469779));
#7204=CARTESIAN_POINT('Ctrl Pts',(-402.298731702048,-60.0391737310136,150.000002134284));
#7205=CARTESIAN_POINT('Ctrl Pts',(-401.149324077967,-60.0993251779179,150.00001255932));
#7206=CARTESIAN_POINT('Ctrl Pts',(-383.046553244168,-61.0604908442906,150.000123297881));
#7207=CARTESIAN_POINT('Ctrl Pts',(-366.092045870023,-61.9717264716127,150.000067620905));
#7208=CARTESIAN_POINT('Ctrl Pts',(-331.024285594725,-63.6345081585581,150.000120462026));
#7209=CARTESIAN_POINT('Ctrl Pts',(-312.912003330891,-64.4188922357951,150.000134086749));
#7210=CARTESIAN_POINT('Ctrl Pts',(-258.566222945478,-66.5417552102833,150.000172522628));
#7211=CARTESIAN_POINT('Ctrl Pts',(-222.323982640608,-67.6536520977349,150.000186422844));
#7212=CARTESIAN_POINT('Ctrl Pts',(-149.826274029361,-69.2878987765311,150.000198572974));
#7213=CARTESIAN_POINT('Ctrl Pts',(-113.570852178189,-69.8103824199187,150.00033703455));
#7214=CARTESIAN_POINT('Ctrl Pts',(-59.1849987109735,-70.1736538658106,150.000044738025));
#7215=CARTESIAN_POINT('Ctrl Pts',(-41.0559294964358,-70.2247571690355,150.001686892199));
#7216=CARTESIAN_POINT('Ctrl Pts',(-15.29724994465,-70.2010279284196,149.998659324941));
#7217=CARTESIAN_POINT('Ctrl Pts',(-7.66760017467235,-70.1820242652808,150.006615416776));
#7218=CARTESIAN_POINT('Ctrl Pts',(-0.0250320254789087,-70.1510991490399,
149.999573741468));
#7219=CARTESIAN_POINT('Ctrl Pts',(-0.0120604775541071,-70.1510466262986,
149.999561722034));
#7220=CARTESIAN_POINT('Ctrl Pts',(10.487208705576,-70.108506575112,149.989777989642));
#7221=CARTESIAN_POINT('Ctrl Pts',(20.9734690827593,-70.0435388591312,149.910645838749));
#7222=CARTESIAN_POINT('Ctrl Pts',(67.7087871257794,-69.6627791960976,149.070446675983));
#7223=CARTESIAN_POINT('Ctrl Pts',(103.950314459213,-69.1269409312881,147.247120015951));
#7224=CARTESIAN_POINT('Ctrl Pts',(176.080401344206,-67.6705725321769,139.918667708624));
#7225=CARTESIAN_POINT('Ctrl Pts',(212.015349810592,-66.7406334920421,134.494193232132));
#7226=CARTESIAN_POINT('Ctrl Pts',(264.805606450965,-65.1520318849828,121.510183902853));
#7227=CARTESIAN_POINT('Ctrl Pts',(282.216736944575,-64.586389588252,116.367531434521));
#7228=CARTESIAN_POINT('Ctrl Pts',(316.105434481824,-63.4208782695439,103.530457817261));
#7229=CARTESIAN_POINT('Ctrl Pts',(332.641153382123,-62.8200115287186,95.8518618299263));
#7230=CARTESIAN_POINT('Ctrl Pts',(355.417371612158,-61.9554916403958,81.0224806495273));
#7231=CARTESIAN_POINT('Ctrl Pts',(362.656734347992,-61.6735276752853,75.5139104939213));
#7232=CARTESIAN_POINT('Ctrl Pts',(375.819345231898,-61.1520848304862,63.0594421588615));
#7233=CARTESIAN_POINT('Ctrl Pts',(381.730473678218,-60.9133433999055,56.0974375820725));
#7234=CARTESIAN_POINT('Ctrl Pts',(391.318270660394,-60.5216351640669,40.7130923606069));
#7235=CARTESIAN_POINT('Ctrl Pts',(394.926850210823,-60.3720937123762,32.293968251744));
#7236=CARTESIAN_POINT('Ctrl Pts',(399.1301203271,-60.1965183741712,15.8335449486515));
#7237=CARTESIAN_POINT('Ctrl Pts',(399.875929084253,-60.1673046187786,7.92973242064657));
#7238=CARTESIAN_POINT('Ctrl Pts',(400.016928833439,-60.1591701966131,-1.15371831912381));
#7239=CARTESIAN_POINT('Ctrl Pts',(400.024677550426,-60.1584405331037,-2.30838624425922));
#7240=CARTESIAN_POINT('Ctrl Pts',(400.024942883381,-60.1578785635991,-3.46407807465277));
#7241=CARTESIAN_POINT('Ctrl Pts',(-403.448211300358,-59.9000892193862,149.999975701485));
#7242=CARTESIAN_POINT('Ctrl Pts',(-402.298762573445,-59.9591136072285,149.999992428117));
#7243=CARTESIAN_POINT('Ctrl Pts',(-401.14935409408,-60.0192071026386,150.000002800595));
#7244=CARTESIAN_POINT('Ctrl Pts',(-383.046575319273,-60.979428364565,150.000110801543));
#7245=CARTESIAN_POINT('Ctrl Pts',(-366.092118555708,-61.8894442859741,150.000032468584));
#7246=CARTESIAN_POINT('Ctrl Pts',(-331.024403236947,-63.5501071117357,150.000061324719));
#7247=CARTESIAN_POINT('Ctrl Pts',(-312.912135070815,-64.3334848125651,150.000066885427));
#7248=CARTESIAN_POINT('Ctrl Pts',(-258.566394777291,-66.4536068329678,150.000086163542));
#7249=CARTESIAN_POINT('Ctrl Pts',(-222.324179820452,-67.5640505782148,150.000093048814));
#7250=CARTESIAN_POINT('Ctrl Pts',(-149.826540418125,-69.1961556142797,150.000099126351));
#7251=CARTESIAN_POINT('Ctrl Pts',(-113.571160756136,-69.7179492584385,150.000231345518));
#7252=CARTESIAN_POINT('Ctrl Pts',(-59.1853773700447,-70.0807342855238,149.999990478151));
#7253=CARTESIAN_POINT('Ctrl Pts',(-41.0563326905814,-70.131766737102,150.00166104583));
#7254=CARTESIAN_POINT('Ctrl Pts',(-15.2976870260633,-70.108061244468,149.998771700046));
#7255=CARTESIAN_POINT('Ctrl Pts',(-7.66804713307282,-70.0890801027031,150.006782140756));
#7256=CARTESIAN_POINT('Ctrl Pts',(-0.0254885001608506,-70.0581925897829,
149.999799194152));
#7257=CARTESIAN_POINT('Ctrl Pts',(-0.0125169683892936,-70.0581401309086,
149.999787274405));
#7258=CARTESIAN_POINT('Ctrl Pts',(10.486739143118,-70.0156518089216,149.990084235546));
#7259=CARTESIAN_POINT('Ctrl Pts',(20.9729871925878,-69.9507641376476,149.911032600624));
#7260=CARTESIAN_POINT('Ctrl Pts',(67.7082542317883,-69.5704806878426,149.071112369272));
#7261=CARTESIAN_POINT('Ctrl Pts',(103.949748422401,-69.0353301829278,147.247879439744));
#7262=CARTESIAN_POINT('Ctrl Pts',(176.079834644067,-67.5808393920736,139.919795239196));
#7263=CARTESIAN_POINT('Ctrl Pts',(212.014791182049,-66.6520964196501,134.495550197908));
#7264=CARTESIAN_POINT('Ctrl Pts',(264.805387735352,-65.0655255706774,121.512234153148));
#7265=CARTESIAN_POINT('Ctrl Pts',(282.216689649652,-64.5005998636708,116.369879999874));
#7266=CARTESIAN_POINT('Ctrl Pts',(316.106077157802,-63.3365433436319,103.533561261303));
#7267=CARTESIAN_POINT('Ctrl Pts',(332.642351314381,-62.7364164851507,95.8554619562727));
#7268=CARTESIAN_POINT('Ctrl Pts',(355.41979384818,-61.8729273734188,81.0265324699182));
#7269=CARTESIAN_POINT('Ctrl Pts',(362.659627597376,-61.5912928303191,75.5180501883611));
#7270=CARTESIAN_POINT('Ctrl Pts',(375.823064896906,-61.0704570222964,63.0634371131346));
#7271=CARTESIAN_POINT('Ctrl Pts',(381.734543192162,-60.8319925418171,56.1011885906453));
#7272=CARTESIAN_POINT('Ctrl Pts',(391.322391477906,-60.4407705485112,40.7159704553631));
#7273=CARTESIAN_POINT('Ctrl Pts',(394.930626270549,-60.2914394253621,32.2962158081274));
#7274=CARTESIAN_POINT('Ctrl Pts',(399.132430500494,-60.1162006598995,15.8345897070673));
#7275=CARTESIAN_POINT('Ctrl Pts',(399.877202085425,-60.0871236328696,7.93022316474037));
#7276=CARTESIAN_POINT('Ctrl Pts',(400.017310456298,-60.0790786383531,-1.15363610385719));
#7277=CARTESIAN_POINT('Ctrl Pts',(400.02495160932,-60.0783591388938,-2.30835209627443));
#7278=CARTESIAN_POINT('Ctrl Pts',(400.025115549406,-60.0778062360125,-3.46408824908676));
#7279=CARTESIAN_POINT('Ctrl Pts',(-403.448703767339,-58.6401028516917,149.999826069667));
#7280=CARTESIAN_POINT('Ctrl Pts',(-402.299236164768,-58.6982442893251,149.999843823762));
#7281=CARTESIAN_POINT('Ctrl Pts',(-401.149814005502,-58.7574220671323,149.999853405851));
#7282=CARTESIAN_POINT('Ctrl Pts',(-383.046907368521,-59.7027108648719,149.99991863631));
#7283=CARTESIAN_POINT('Ctrl Pts',(-366.093250501069,-60.5934880195434,149.999482348314));
#7284=CARTESIAN_POINT('Ctrl Pts',(-331.026241561864,-62.2207621836791,149.999133750183));
#7285=CARTESIAN_POINT('Ctrl Pts',(-312.914193949546,-62.9882819167608,149.999012675454));
#7286=CARTESIAN_POINT('Ctrl Pts',(-258.569081698369,-65.0652195496201,149.998731010201));
#7287=CARTESIAN_POINT('Ctrl Pts',(-222.327264302347,-66.1527718030959,149.998627749429));
#7288=CARTESIAN_POINT('Ctrl Pts',(-149.83071177668,-67.7511403164327,149.998538089601));
#7289=CARTESIAN_POINT('Ctrl Pts',(-113.575995104522,-68.2620655628078,149.998571666682));
#7290=CARTESIAN_POINT('Ctrl Pts',(-59.1913131760771,-68.6171899701031,149.999136999659));
#7291=CARTESIAN_POINT('Ctrl Pts',(-41.0626541390289,-68.6671069724864,150.001248335404));
#7292=CARTESIAN_POINT('Ctrl Pts',(-15.3045410978222,-68.6437767563002,150.000542058404));
#7293=CARTESIAN_POINT('Ctrl Pts',(-7.67505640155032,-68.6251506992628,150.00940452543));
#7294=CARTESIAN_POINT('Ctrl Pts',(-0.0326473623557924,-68.594855980914,
150.003335328477));
#7295=CARTESIAN_POINT('Ctrl Pts',(-0.0196760844695142,-68.5948045288593,
150.003324959737));
#7296=CARTESIAN_POINT('Ctrl Pts',(10.4793745437713,-68.5531316876809,149.994877415899));
#7297=CARTESIAN_POINT('Ctrl Pts',(20.9654286881559,-68.4895057995104,149.917095647397));
#7298=CARTESIAN_POINT('Ctrl Pts',(67.6998936364326,-68.11672746348,149.081558209376));
#7299=CARTESIAN_POINT('Ctrl Pts',(103.940866504745,-67.5924132652862,147.25979158188));
#7300=CARTESIAN_POINT('Ctrl Pts',(176.070939351759,-66.1675047032755,139.937481910513));
#7301=CARTESIAN_POINT('Ctrl Pts',(212.006020417446,-65.257606752439,134.516834574701));
#7302=CARTESIAN_POINT('Ctrl Pts',(264.801947563573,-63.7030336121752,121.544398158528));
#7303=CARTESIAN_POINT('Ctrl Pts',(282.215938092617,-63.1493999799264,116.406725524692));
#7304=CARTESIAN_POINT('Ctrl Pts',(316.116154087974,-62.0082711072441,103.58225469238));
#7305=CARTESIAN_POINT('Ctrl Pts',(332.661148406877,-61.4198059980431,95.9119551011186));
#7306=CARTESIAN_POINT('Ctrl Pts',(355.457810801407,-60.5725680713676,81.0901020989235));
#7307=CARTESIAN_POINT('Ctrl Pts',(362.705037392832,-60.2961284149138,75.5829887191167));
#7308=CARTESIAN_POINT('Ctrl Pts',(375.881420273341,-59.7848663383931,63.126079785449));
#7309=CARTESIAN_POINT('Ctrl Pts',(381.798370447963,-59.5507697383894,56.1599865678087));
#7310=CARTESIAN_POINT('Ctrl Pts',(391.386929024767,-59.16721527033,40.7610642530915));
#7311=CARTESIAN_POINT('Ctrl Pts',(394.989739883309,-59.0211959882479,32.3314206930898));
#7312=CARTESIAN_POINT('Ctrl Pts',(399.168351709104,-58.8512600143498,15.8509499052336));
#7313=CARTESIAN_POINT('Ctrl Pts',(399.896884863848,-58.8243284275883,7.93788022012063));
#7314=CARTESIAN_POINT('Ctrl Pts',(400.023126678989,-58.8176770642718,-1.15240156263226));
#7315=CARTESIAN_POINT('Ctrl Pts',(400.029093891555,-58.8171158179166,-2.30787292364964));
#7316=CARTESIAN_POINT('Ctrl Pts',(400.027678868354,-58.8167039882845,-3.4643052404432));
#7317=CARTESIAN_POINT('Ctrl Pts',(-403.448992584354,-57.4612296417265,149.999744619012));
#7318=CARTESIAN_POINT('Ctrl Pts',(-402.299504080325,-57.5185128173699,149.999764029877));
#7319=CARTESIAN_POINT('Ctrl Pts',(-401.150066173045,-57.5767915963731,149.999773399592));
#7320=CARTESIAN_POINT('Ctrl Pts',(-383.047000822421,-58.5072844922878,149.999803421977));
#7321=CARTESIAN_POINT('Ctrl Pts',(-366.094132936148,-59.3796490583913,149.999015918805));
#7322=CARTESIAN_POINT('Ctrl Pts',(-331.02776237681,-60.9754273716486,149.998318077894));
#7323=CARTESIAN_POINT('Ctrl Pts',(-312.915900737133,-61.7279908414711,149.998083571054));
#7324=CARTESIAN_POINT('Ctrl Pts',(-258.571329595114,-63.7642877245251,149.997531015316));
#7325=CARTESIAN_POINT('Ctrl Pts',(-222.329861445042,-64.8303396930417,149.997329294762));
#7326=CARTESIAN_POINT('Ctrl Pts',(-149.834283070147,-66.3970356628904,149.997148695959));
#7327=CARTESIAN_POINT('Ctrl Pts',(-113.580166716259,-66.8977700135737,149.997085318215));
#7328=CARTESIAN_POINT('Ctrl Pts',(-59.1964842568542,-67.2457267949093,149.998353204956));
#7329=CARTESIAN_POINT('Ctrl Pts',(-41.068175525407,-67.2946055773524,150.00078104397));
#7330=CARTESIAN_POINT('Ctrl Pts',(-15.310546072813,-67.2716440507265,150.002208593495));
#7331=CARTESIAN_POINT('Ctrl Pts',(-7.68120164101708,-67.2533556636282,150.011814361092));
#7332=CARTESIAN_POINT('Ctrl Pts',(-0.0389287176180701,-67.2236235966076,
150.006443530328));
#7333=CARTESIAN_POINT('Ctrl Pts',(-0.0259576707380758,-67.2235731001763,
150.006434346986));
#7334=CARTESIAN_POINT('Ctrl Pts',(10.4729059817398,-67.1826742725532,149.998946337664));
#7335=CARTESIAN_POINT('Ctrl Pts',(20.95878205435,-67.1202450129226,149.922381114077));
#7336=CARTESIAN_POINT('Ctrl Pts',(67.6925126966654,-66.7545610471657,149.090803547013));
#7337=CARTESIAN_POINT('Ctrl Pts',(103.933006722796,-66.240451643689,147.270273580356));
#7338=CARTESIAN_POINT('Ctrl Pts',(176.063026713236,-64.8433838589278,139.953052108473));
#7339=CARTESIAN_POINT('Ctrl Pts',(211.998188586482,-63.9512305895373,134.535554464002));
#7340=CARTESIAN_POINT('Ctrl Pts',(264.798789926709,-62.4268069180795,121.572759976877));
#7341=CARTESIAN_POINT('Ctrl Pts',(282.215142992401,-61.8838283917957,116.439237744319));
#7342=CARTESIAN_POINT('Ctrl Pts',(316.124968096977,-60.7643728656415,103.625290400347));
#7343=CARTESIAN_POINT('Ctrl Pts',(332.677782881085,-60.1869479949965,95.9619776852999));
#7344=CARTESIAN_POINT('Ctrl Pts',(355.491577511691,-59.3551568928795,81.146229536264));
#7345=CARTESIAN_POINT('Ctrl Pts',(362.745374489738,-59.0836721372999,75.6401875569146));
#7346=CARTESIAN_POINT('Ctrl Pts',(375.932905006639,-58.5815546434059,63.1809010693328));
#7347=CARTESIAN_POINT('Ctrl Pts',(381.854452309583,-58.351630342019,56.2111687190532));
#7348=CARTESIAN_POINT('Ctrl Pts',(391.442309521824,-57.9753846946492,40.8000240527724));
#7349=CARTESIAN_POINT('Ctrl Pts',(395.040146142724,-57.8324540373374,32.3617007960016));
#7350=CARTESIAN_POINT('Ctrl Pts',(399.195531166813,-57.6675125195769,15.8649666260212));
#7351=CARTESIAN_POINT('Ctrl Pts',(399.910208767511,-57.6424795367317,7.94405497169285));
#7352=CARTESIAN_POINT('Ctrl Pts',(400.025883112421,-57.6369259186656,-1.15208202152358));
#7353=CARTESIAN_POINT('Ctrl Pts',(400.030564919658,-57.6364873312335,-2.30823768684751));
#7354=CARTESIAN_POINT('Ctrl Pts',(400.027921952315,-57.6361835402024,-3.46529560383492));
#7355=CARTESIAN_POINT('Ctrl Pts',(-403.449343623041,-55.0253598123864,149.999661770975));
#7356=CARTESIAN_POINT('Ctrl Pts',(-402.299806894482,-55.0808006190709,149.999685528968));
#7357=CARTESIAN_POINT('Ctrl Pts',(-401.150331411421,-55.1371369767263,149.999695257174));
#7358=CARTESIAN_POINT('Ctrl Pts',(-383.046862931045,-56.0354849296178,149.999661953097));
#7359=CARTESIAN_POINT('Ctrl Pts',(-366.095629628437,-56.869260657614,149.998141705621));
#7360=CARTESIAN_POINT('Ctrl Pts',(-331.030504502798,-58.3995417559603,149.996739980717));
#7361=CARTESIAN_POINT('Ctrl Pts',(-312.918982389832,-59.1209916600594,149.996282848429));
#7362=CARTESIAN_POINT('Ctrl Pts',(-258.575424846994,-61.0728952339186,149.995196511291));
#7363=CARTESIAN_POINT('Ctrl Pts',(-222.334630271589,-62.0943743791115,149.994801896336));
#7364=CARTESIAN_POINT('Ctrl Pts',(-149.840972377974,-63.5954366243509,149.994435038897));
#7365=CARTESIAN_POINT('Ctrl Pts',(-113.588052970341,-64.0750759990998,149.994167786148));
#7366=CARTESIAN_POINT('Ctrl Pts',(-59.2063670911817,-64.408225011875,149.996785062987));
#7367=CARTESIAN_POINT('Ctrl Pts',(-41.0787588788291,-64.4549692764471,149.999705582923));
#7368=CARTESIAN_POINT('Ctrl Pts',(-15.322095651764,-64.4328025285558,150.005654457351));
#7369=CARTESIAN_POINT('Ctrl Pts',(-7.69303034067832,-64.4152222789884,150.016682134616));
#7370=CARTESIAN_POINT('Ctrl Pts',(-0.0510299273894516,-64.386667942546,
150.012460473408));
#7371=CARTESIAN_POINT('Ctrl Pts',(-0.038059343017695,-64.3866194464043,
150.012453240624));
#7372=CARTESIAN_POINT('Ctrl Pts',(10.4604299652709,-64.3473407655989,150.006544111996));
#7373=CARTESIAN_POINT('Ctrl Pts',(20.9459465608564,-64.2874142303893,149.932507544609));
#7374=CARTESIAN_POINT('Ctrl Pts',(67.6781992902589,-63.9365252428865,149.108822288237));
#7375=CARTESIAN_POINT('Ctrl Pts',(103.917727881429,-63.4436231619093,147.290564621609));
#7376=CARTESIAN_POINT('Ctrl Pts',(176.047574741104,-62.1043789319143,139.983210323179));
#7377=CARTESIAN_POINT('Ctrl Pts',(211.98284589543,-61.2490985742958,134.571777464563));
#7378=CARTESIAN_POINT('Ctrl Pts',(264.79248337002,-59.7873597393946,121.627770197324));
#7379=CARTESIAN_POINT('Ctrl Pts',(282.213409799324,-59.2665645553429,116.502331972748));
#7380=CARTESIAN_POINT('Ctrl Pts',(316.141991016702,-58.1923075257104,103.708911673154));
#7381=CARTESIAN_POINT('Ctrl Pts',(332.710219853782,-57.637938471745,96.059340779296));
#7382=CARTESIAN_POINT('Ctrl Pts',(355.557574916688,-56.8385307278046,81.2551512781666));
#7383=CARTESIAN_POINT('Ctrl Pts',(362.824203353338,-56.5774667710988,75.7509229549788));
#7384=CARTESIAN_POINT('Ctrl Pts',(376.03284146655,-56.094605077986,63.2863553881275));
#7385=CARTESIAN_POINT('Ctrl Pts',(381.962848165822,-55.87346922905,56.3091076634387));
#7386=CARTESIAN_POINT('Ctrl Pts',(391.546922416945,-55.5125600916086,40.8740619930915));
#7387=CARTESIAN_POINT('Ctrl Pts',(395.134630608345,-55.3759844101348,32.4190629199471));
#7388=CARTESIAN_POINT('Ctrl Pts',(399.24034595662,-55.2212892675332,15.8916129165708));
#7389=CARTESIAN_POINT('Ctrl Pts',(399.929464373603,-55.1998877868417,7.95530077478453));
#7390=CARTESIAN_POINT('Ctrl Pts',(400.027848545066,-55.1962051929549,-1.15253920444127));
#7391=CARTESIAN_POINT('Ctrl Pts',(400.030404419289,-55.195972091304,-2.31005747571585));
#7392=CARTESIAN_POINT('Ctrl Pts',(400.025692727844,-55.1958473867147,-3.46835420354736));
#7393=CARTESIAN_POINT('Ctrl Pts',(-403.449390015314,-53.7684796375936,149.999665872473));
#7394=CARTESIAN_POINT('Ctrl Pts',(-402.299825652231,-53.8229315718306,149.999692373449));
#7395=CARTESIAN_POINT('Ctrl Pts',(-401.150328021912,-53.878218834352,149.999702720348));
#7396=CARTESIAN_POINT('Ctrl Pts',(-383.046610209026,-54.759116341547,149.999641919609));
#7397=CARTESIAN_POINT('Ctrl Pts',(-366.096221736872,-55.5726832323222,149.997740018203));
#7398=CARTESIAN_POINT('Ctrl Pts',(-331.031698489801,-57.0689367660738,149.995984918414));
#7399=CARTESIAN_POINT('Ctrl Pts',(-312.920326911851,-57.774217524692,149.995419397411));
#7400=CARTESIAN_POINT('Ctrl Pts',(-258.577234714648,-59.682344369318,149.99407196092));
#7401=CARTESIAN_POINT('Ctrl Pts',(-222.336761166861,-60.6807432146321,149.993583637416));
#7402=CARTESIAN_POINT('Ctrl Pts',(-149.844043246876,-62.1478347060438,149.993121585778));
#7403=CARTESIAN_POINT('Ctrl Pts',(-113.591717453106,-62.6165684875949,149.992747274008));
#7404=CARTESIAN_POINT('Ctrl Pts',(-59.2110239277458,-62.9420782666884,149.9960042788));
#7405=CARTESIAN_POINT('Ctrl Pts',(-41.0837643181456,-62.9877270828771,149.999092409037));
#7406=CARTESIAN_POINT('Ctrl Pts',(-15.3275814301458,-62.9659886002797,150.007432942117));
#7407=CARTESIAN_POINT('Ctrl Pts',(-7.69865424641014,-62.9487795082165,150.019131185246));
#7408=CARTESIAN_POINT('Ctrl Pts',(-0.0567896212724233,-62.9208412217582,
150.015341332735));
#7409=CARTESIAN_POINT('Ctrl Pts',(-0.0438192673639098,-62.9207937719309,
150.015334832868));
#7410=CARTESIAN_POINT('Ctrl Pts',(10.4544835045932,-62.8823625593668,150.010018950223));
#7411=CARTESIAN_POINT('Ctrl Pts',(20.9398192994469,-62.8237440221716,149.937293139609));
#7412=CARTESIAN_POINT('Ctrl Pts',(67.6713311706221,-62.4805641347343,149.117523171549));
#7413=CARTESIAN_POINT('Ctrl Pts',(103.910374847876,-61.9986717626604,147.300279871663));
#7414=CARTESIAN_POINT('Ctrl Pts',(176.040097126186,-60.6894275674339,139.997660196395));
#7415=CARTESIAN_POINT('Ctrl Pts',(211.975392796589,-59.8532876958848,134.589111959572));
#7416=CARTESIAN_POINT('Ctrl Pts',(264.789349644437,-58.4241073752539,121.654172101129));
#7417=CARTESIAN_POINT('Ctrl Pts',(282.21246571709,-57.9148506703951,116.532633600627));
#7418=CARTESIAN_POINT('Ctrl Pts',(316.150118345582,-56.8641447140242,103.749133129968));
#7419=CARTESIAN_POINT('Ctrl Pts',(332.725889346966,-56.3218066116828,96.1062692212115));
#7420=CARTESIAN_POINT('Ctrl Pts',(355.589545391247,-55.5393654991049,81.3074612675197));
#7421=CARTESIAN_POINT('Ctrl Pts',(362.862383296193,-55.2837792834559,75.8039484766618));
#7422=CARTESIAN_POINT('Ctrl Pts',(376.080850073165,-54.811052250982,63.3364534427335));
#7423=CARTESIAN_POINT('Ctrl Pts',(382.01464545054,-54.5945436386968,56.3553315755625));
#7424=CARTESIAN_POINT('Ctrl Pts',(391.595487202792,-54.24167683535,40.9087000669283));
#7425=CARTESIAN_POINT('Ctrl Pts',(395.178029936286,-54.1083665317358,32.4457932339022));
#7426=CARTESIAN_POINT('Ctrl Pts',(399.25723288262,-53.9589148477634,15.9040837831433));
#7427=CARTESIAN_POINT('Ctrl Pts',(399.934852186887,-53.9392260505671,7.96027111730395));
#7428=CARTESIAN_POINT('Ctrl Pts',(400.026809117411,-53.9362905307384,-1.15338740722256));
#7429=CARTESIAN_POINT('Ctrl Pts',(400.028559682488,-53.9361370628607,-2.31158035999975));
#7430=CARTESIAN_POINT('Ctrl Pts',(400.023038828267,-53.9360804513194,-3.470486629947));
#7431=CARTESIAN_POINT('Ctrl Pts',(-403.449359108709,-51.2558967584306,149.999718971826));
#7432=CARTESIAN_POINT('Ctrl Pts',(-402.299737249387,-51.3082945470927,149.999750975682));
#7433=CARTESIAN_POINT('Ctrl Pts',(-401.150192082078,-51.3614011389316,149.999762834238));
#7434=CARTESIAN_POINT('Ctrl Pts',(-383.04590913212,-52.2060470578823,149.999655579427));
#7435=CARTESIAN_POINT('Ctrl Pts',(-366.097091536073,-52.979037448975,149.997023646179));
#7436=CARTESIAN_POINT('Ctrl Pts',(-331.033656073279,-54.4068973331931,149.994593459364));
#7437=CARTESIAN_POINT('Ctrl Pts',(-312.922534298769,-55.0796865018498,149.993825453685));
#7438=CARTESIAN_POINT('Ctrl Pts',(-258.580247974915,-56.8999255132709,149.991988865158));
#7439=CARTESIAN_POINT('Ctrl Pts',(-222.340361814104,-57.8520547389156,149.991325924952));
#7440=CARTESIAN_POINT('Ctrl Pts',(-149.849416553202,-59.2510716619215,149.990680089391));
#7441=CARTESIAN_POINT('Ctrl Pts',(-113.598226889144,-59.6979736710354,149.990096626587));
#7442=CARTESIAN_POINT('Ctrl Pts',(-59.2194364492857,-60.0082188459654,149.994522141923));
#7443=CARTESIAN_POINT('Ctrl Pts',(-41.0928462440427,-60.0516891865996,149.997866619999));
#7444=CARTESIAN_POINT('Ctrl Pts',(-15.3375844821746,-60.0308385339838,150.010912918154));
#7445=CARTESIAN_POINT('Ctrl Pts',(-7.70892155200641,-60.0143822625449,150.023820502119));
#7446=CARTESIAN_POINT('Ctrl Pts',(-0.0673179348354916,-59.987690255455,
150.020656352289));
#7447=CARTESIAN_POINT('Ctrl Pts',(-0.0543480239241133,-59.9876449223343,
150.020650914409));
#7448=CARTESIAN_POINT('Ctrl Pts',(10.4435961871901,-59.9509281426844,150.016194619673));
#7449=CARTESIAN_POINT('Ctrl Pts',(20.9285821217701,-59.8949525284679,149.94599101063));
#7450=CARTESIAN_POINT('Ctrl Pts',(67.6586630219925,-59.5673140301651,149.133725443764));
#7451=CARTESIAN_POINT('Ctrl Pts',(103.896769600623,-59.1075439786967,147.318194697169));
#7452=CARTESIAN_POINT('Ctrl Pts',(176.026192148463,-57.8585457042048,140.024327356593));
#7453=CARTESIAN_POINT('Ctrl Pts',(211.96148993251,-57.0608614001619,134.621061505507));
#7454=CARTESIAN_POINT('Ctrl Pts',(264.783416617715,-55.6971296753846,121.70296014466));
#7455=CARTESIAN_POINT('Ctrl Pts',(282.210574453177,-55.2110970630562,116.588651498363));
#7456=CARTESIAN_POINT('Ctrl Pts',(316.165106700496,-54.2078697864792,103.823568029416));
#7457=CARTESIAN_POINT('Ctrl Pts',(332.755050678643,-53.6898189465186,96.193268523412));
#7458=CARTESIAN_POINT('Ctrl Pts',(355.649123181324,-52.9417599522256,81.4041128315311));
#7459=CARTESIAN_POINT('Ctrl Pts',(362.933501140137,-52.6973044021542,75.9016715725328));
#7460=CARTESIAN_POINT('Ctrl Pts',(376.169637997629,-52.2451893134629,63.4281369131292));
#7461=CARTESIAN_POINT('Ctrl Pts',(382.109917475464,-52.0381005516022,56.4394568365423));
#7462=CARTESIAN_POINT('Ctrl Pts',(391.682669089172,-51.7014952994528,40.9712688390687));
#7463=CARTESIAN_POINT('Ctrl Pts',(395.254644361542,-51.5746997285117,32.4939947642098));
#7464=CARTESIAN_POINT('Ctrl Pts',(399.281904494696,-51.4354108022533,15.9267583682639));
#7465=CARTESIAN_POINT('Ctrl Pts',(399.940036773083,-51.4187383304491,7.96911195906098));
#7466=CARTESIAN_POINT('Ctrl Pts',(400.022876580169,-51.4169439733854,-1.15556934522399));
#7467=CARTESIAN_POINT('Ctrl Pts',(400.023458345071,-51.4169086394849,-2.3150420193802));
#7468=CARTESIAN_POINT('Ctrl Pts',(400.016713425388,-51.4169518602589,-3.47510372500333));
#7469=CARTESIAN_POINT('Ctrl Pts',(-403.449283130543,-50.0001862824706,149.999767509481));
#7470=CARTESIAN_POINT('Ctrl Pts',(-402.299631460463,-50.0515187443759,149.99980225738));
#7471=CARTESIAN_POINT('Ctrl Pts',(-401.15006093838,-50.1034938891878,149.999814999332));
#7472=CARTESIAN_POINT('Ctrl Pts',(-383.045462418991,-50.9293438385912,149.999688756556));
#7473=CARTESIAN_POINT('Ctrl Pts',(-366.097369324708,-51.6819696581912,149.996708936462));
#7474=CARTESIAN_POINT('Ctrl Pts',(-331.034419646721,-53.0754624534432,149.993957066875));
#7475=CARTESIAN_POINT('Ctrl Pts',(-312.923397172424,-53.73192978399,149.993094959819));
#7476=CARTESIAN_POINT('Ctrl Pts',(-258.581451371555,-55.5080576510254,149.99103032028));
#7477=CARTESIAN_POINT('Ctrl Pts',(-222.34183156739,-56.4369975763363,149.990286471657));
#7478=CARTESIAN_POINT('Ctrl Pts',(-149.851718995174,-57.8019106784199,149.989552047577));
#7479=CARTESIAN_POINT('Ctrl Pts',(-113.601071844462,-58.2378865062871,149.988866566473));
#7480=CARTESIAN_POINT('Ctrl Pts',(-59.2231921336291,-58.5405063057159,149.993820777888));
#7481=CARTESIAN_POINT('Ctrl Pts',(-41.0969227320192,-58.5828936233943,149.997255874157));
#7482=CARTESIAN_POINT('Ctrl Pts',(-15.3421017545064,-58.5625025248764,150.012613199087));
#7483=CARTESIAN_POINT('Ctrl Pts',(-7.71356496242753,-58.5464279312691,150.026059313664));
#7484=CARTESIAN_POINT('Ctrl Pts',(-0.0720865665650475,-58.5203661547016,
150.023090410678));
#7485=CARTESIAN_POINT('Ctrl Pts',(-0.0591168681909334,-58.5203218919749,
150.023085304167));
#7486=CARTESIAN_POINT('Ctrl Pts',(10.438655316442,-58.4844720784532,150.018897210632));
#7487=CARTESIAN_POINT('Ctrl Pts',(20.923472204787,-58.4298313638942,149.949902993867));
#7488=CARTESIAN_POINT('Ctrl Pts',(67.6528629933996,-58.1100251384951,149.141227199624));
#7489=CARTESIAN_POINT('Ctrl Pts',(103.890517387749,-57.6613676950996,147.326394279471));
#7490=CARTESIAN_POINT('Ctrl Pts',(176.019764782741,-56.4426152953301,140.036544610988));
#7491=CARTESIAN_POINT('Ctrl Pts',(211.955040149062,-55.6642460479457,134.635676516469));
#7492=CARTESIAN_POINT('Ctrl Pts',(264.78061726998,-54.33340440264,121.725346185567));
#7493=CARTESIAN_POINT('Ctrl Pts',(282.209627161505,-53.8590573950518,116.614367564202));
#7494=CARTESIAN_POINT('Ctrl Pts',(316.171967337863,-52.8797576936663,103.857781101817));
#7495=CARTESIAN_POINT('Ctrl Pts',(332.768541649248,-52.3739631571539,96.2333386660773));
#7496=CARTESIAN_POINT('Ctrl Pts',(355.676728657664,-51.6433196769652,81.4484542326422));
#7497=CARTESIAN_POINT('Ctrl Pts',(362.966436630387,-51.4045169967683,75.9463697960577));
#7498=CARTESIAN_POINT('Ctrl Pts',(376.210416107482,-50.9628790246321,63.4697247092549));
#7499=CARTESIAN_POINT('Ctrl Pts',(382.15338990865,-50.7605829395988,56.4773623400298));
#7500=CARTESIAN_POINT('Ctrl Pts',(391.721292969539,-50.4321963013325,40.9992035245057));
#7501=CARTESIAN_POINT('Ctrl Pts',(395.287851873421,-50.3086508714917,32.5154703155152));
#7502=CARTESIAN_POINT('Ctrl Pts',(399.289722574443,-50.1742781280225,15.9369612211306));
#7503=CARTESIAN_POINT('Ctrl Pts',(399.93986984901,-50.1589081129374,7.97298543723777));
#7504=CARTESIAN_POINT('Ctrl Pts',(400.020000338174,-50.157509064433,-1.15689775542938));
#7505=CARTESIAN_POINT('Ctrl Pts',(400.020216451984,-50.1575123939873,-2.31697532715755));
#7506=CARTESIAN_POINT('Ctrl Pts',(400.013054836631,-50.1575875176064,-3.47758292886063));
#7507=CARTESIAN_POINT('Ctrl Pts',(-403.449137111236,-47.4891532976403,149.999865375625));
#7508=CARTESIAN_POINT('Ctrl Pts',(-402.299426897181,-47.5382828315937,149.999904671552));
#7509=CARTESIAN_POINT('Ctrl Pts',(-401.149804801951,-47.5879272929607,149.99991886017));
#7510=CARTESIAN_POINT('Ctrl Pts',(-383.044527128765,-48.3752402392651,149.999760929992));
#7511=CARTESIAN_POINT('Ctrl Pts',(-366.09765564607,-49.0873497932637,149.996154673172));
#7512=CARTESIAN_POINT('Ctrl Pts',(-331.03552981718,-50.4118334201085,149.99280197229));
#7513=CARTESIAN_POINT('Ctrl Pts',(-312.92465314127,-51.0355463566932,149.991766934372));
#7514=CARTESIAN_POINT('Ctrl Pts',(-258.583255726255,-52.7231730498306,149.989282706509));
#7515=CARTESIAN_POINT('Ctrl Pts',(-222.344113036503,-53.6056430433916,149.988390667852));
#7516=CARTESIAN_POINT('Ctrl Pts',(-149.855554872104,-54.9022374581459,149.987489650247));
#7517=CARTESIAN_POINT('Ctrl Pts',(-113.605939661166,-55.3163440615359,149.986612297037));
#7518=CARTESIAN_POINT('Ctrl Pts',(-59.2297958118211,-55.6037254960224,149.992516556149));
#7519=CARTESIAN_POINT('Ctrl Pts',(-41.1041386899561,-55.6439576078266,149.996128352347));
#7520=CARTESIAN_POINT('Ctrl Pts',(-15.3501579612497,-55.6245124927639,150.015841549243));
#7521=CARTESIAN_POINT('Ctrl Pts',(-7.72186157774435,-55.6092111362488,150.030234501421));
#7522=CARTESIAN_POINT('Ctrl Pts',(-0.0806224649899646,-55.5844222279695,
150.027514166461));
#7523=CARTESIAN_POINT('Ctrl Pts',(-0.067653172745404,-55.5843801270944,
150.027509481786));
#7524=CARTESIAN_POINT('Ctrl Pts',(10.4297902874963,-55.5502813003892,150.023662794238));
#7525=CARTESIAN_POINT('Ctrl Pts',(20.9142828568029,-55.4983325372289,149.956891749278));
#7526=CARTESIAN_POINT('Ctrl Pts',(67.642349680477,-55.1942971333575,149.154993032589));
#7527=CARTESIAN_POINT('Ctrl Pts',(103.879137094747,-54.7679530299623,147.341286421558));
#7528=CARTESIAN_POINT('Ctrl Pts',(176.008000041021,-53.6099021806187,140.058756858858));
#7529=CARTESIAN_POINT('Ctrl Pts',(211.943199398523,-52.8703103686933,134.662207235633));
#7530=CARTESIAN_POINT('Ctrl Pts',(264.775423938233,-51.6055342660289,121.766088638161));
#7531=CARTESIAN_POINT('Ctrl Pts',(282.207804166667,-51.1546843390195,116.661181129335));
#7532=CARTESIAN_POINT('Ctrl Pts',(316.184449659571,-50.2235668281115,103.920104873596));
#7533=CARTESIAN_POINT('Ctrl Pts',(332.793279177177,-49.7424834385154,96.3064496534287));
#7534=CARTESIAN_POINT('Ctrl Pts',(355.727369404913,-49.047072292959,81.5290978774193));
#7535=CARTESIAN_POINT('Ctrl Pts',(363.026812761983,-48.8197289712421,76.02747060669));
#7536=CARTESIAN_POINT('Ctrl Pts',(376.284684810938,-48.3993396340466,63.5446860805116));
#7537=CARTESIAN_POINT('Ctrl Pts',(382.232097329898,-48.2067749854755,56.5453439123354));
#7538=CARTESIAN_POINT('Ctrl Pts',(391.789693998372,-47.8949323859408,41.0489446149215));
#7539=CARTESIAN_POINT('Ctrl Pts',(395.345129259398,-47.7778768275594,32.5537005815417));
#7540=CARTESIAN_POINT('Ctrl Pts',(399.299834951135,-47.6528163386607,15.9553222741667));
#7541=CARTESIAN_POINT('Ctrl Pts',(399.937476495311,-47.6395711357286,7.9800718975718));
#7542=CARTESIAN_POINT('Ctrl Pts',(400.014460967728,-47.6387108158378,-1.15942727469406));
#7543=CARTESIAN_POINT('Ctrl Pts',(400.014210169661,-47.6387647223288,-2.32063056048848));
#7544=CARTESIAN_POINT('Ctrl Pts',(400.006449888776,-47.6388823768487,-3.48225947415364));
#7545=CARTESIAN_POINT('Ctrl Pts',(-403.44906803675,-46.2338261122041,149.999914375847));
#7546=CARTESIAN_POINT('Ctrl Pts',(-402.299329132913,-46.2818180708992,149.999955462809));
#7547=CARTESIAN_POINT('Ctrl Pts',(-401.149680847123,-46.3302633840993,149.999970206967));
#7548=CARTESIAN_POINT('Ctrl Pts',(-383.044039688383,-47.097837376553,149.999799563753));
#7549=CARTESIAN_POINT('Ctrl Pts',(-366.097664249529,-47.7897978344867,149.995915098871));
#7550=CARTESIAN_POINT('Ctrl Pts',(-331.035876422148,-49.079639560067,149.992283270664));
#7551=CARTESIAN_POINT('Ctrl Pts',(-312.925046246593,-49.6869198046321,149.991169401708));
#7552=CARTESIAN_POINT('Ctrl Pts',(-258.583856686727,-51.3301564395208,149.988493638098));
#7553=CARTESIAN_POINT('Ctrl Pts',(-222.344924757074,-52.189345808779,149.987534317612));
#7554=CARTESIAN_POINT('Ctrl Pts',(-149.857088308029,-53.4517253487251,149.986555295894));
#7555=CARTESIAN_POINT('Ctrl Pts',(-113.60796252385,-53.8548889077003,149.985588085782));
#7556=CARTESIAN_POINT('Ctrl Pts',(-59.2326438053319,-54.134657348889,149.991913710923));
#7557=CARTESIAN_POINT('Ctrl Pts',(-41.1072781560571,-54.1738172719522,149.995611519093));
#7558=CARTESIAN_POINT('Ctrl Pts',(-15.3536968973449,-54.1548585906727,150.017369027712));
#7559=CARTESIAN_POINT('Ctrl Pts',(-7.72551478704395,-54.1399487950839,150.032170322256));
#7560=CARTESIAN_POINT('Ctrl Pts',(-0.0843897366757411,-54.1158025238945,
150.02950382191));
#7561=CARTESIAN_POINT('Ctrl Pts',(-0.0714206380295288,-54.115761514476,
150.029499228573));
#7562=CARTESIAN_POINT('Ctrl Pts',(10.4258661234914,-54.0825467075513,150.025726451088));
#7563=CARTESIAN_POINT('Ctrl Pts',(20.9102034246425,-54.031954986034,149.959969034462));
#7564=CARTESIAN_POINT('Ctrl Pts',(67.6376363971643,-53.7358581138115,149.161255966382));
#7565=CARTESIAN_POINT('Ctrl Pts',(103.874009015999,-53.320714736524,147.347978985516));
#7566=CARTESIAN_POINT('Ctrl Pts',(176.002662659185,-52.1931195589188,140.068751818775));
#7567=CARTESIAN_POINT('Ctrl Pts',(211.937808453646,-51.4729900834477,134.674122983072));
#7568=CARTESIAN_POINT('Ctrl Pts',(264.773029888605,-50.24138947157,121.784444910589));
#7569=CARTESIAN_POINT('Ctrl Pts',(282.206928372115,-49.8023509934003,116.682278457679));
#7570=CARTESIAN_POINT('Ctrl Pts',(316.190070989727,-48.8954880767692,103.948215258943));
#7571=CARTESIAN_POINT('Ctrl Pts',(332.804524921049,-48.4268595349556,96.3394898852625));
#7572=CARTESIAN_POINT('Ctrl Pts',(355.750403313648,-47.7492651753853,81.5654002089086));
#7573=CARTESIAN_POINT('Ctrl Pts',(363.054251874309,-47.5277283090675,76.0638738013038));
#7574=CARTESIAN_POINT('Ctrl Pts',(376.318174834919,-47.1181103716351,63.5780616315321));
#7575=CARTESIAN_POINT('Ctrl Pts',(382.267333232715,-46.93048439264,56.5754227165058));
#7576=CARTESIAN_POINT('Ctrl Pts',(391.819475765782,-46.6269669610702,41.0707538640097));
#7577=CARTESIAN_POINT('Ctrl Pts',(395.369208091535,-46.5131508601859,32.5704566455589));
#7578=CARTESIAN_POINT('Ctrl Pts',(399.302147005551,-46.3924853280192,15.9634804997253));
#7579=CARTESIAN_POINT('Ctrl Pts',(399.935277914244,-46.3800610534185,7.98328744852597));
#7580=CARTESIAN_POINT('Ctrl Pts',(400.011817587783,-46.3793446745558,-1.16062500228226));
#7581=CARTESIAN_POINT('Ctrl Pts',(400.011463977692,-46.3794106141225,-2.32234906850605));
#7582=CARTESIAN_POINT('Ctrl Pts',(400.003519950813,-46.3795390471724,-3.48445343165719));
#7583=CARTESIAN_POINT('Ctrl Pts',(-403.44898088327,-42.4675705873894,150.000023751838));
#7584=CARTESIAN_POINT('Ctrl Pts',(-402.299160210599,-42.5120565718649,150.00006812445));
#7585=CARTESIAN_POINT('Ctrl Pts',(-401.14943424711,-42.5568266805735,150.000083594862));
#7586=CARTESIAN_POINT('Ctrl Pts',(-383.042653506578,-43.2642665621714,149.999881445402));
#7587=CARTESIAN_POINT('Ctrl Pts',(-366.097346776162,-43.896465645073,149.995293445168));
#7588=CARTESIAN_POINT('Ctrl Pts',(-331.036310985361,-45.0820756076568,149.990902216253));
#7589=CARTESIAN_POINT('Ctrl Pts',(-312.925538090572,-45.639928996135,149.989576166539));
#7590=CARTESIAN_POINT('Ctrl Pts',(-258.584762894812,-47.1496571918897,149.986384944798));
#7591=CARTESIAN_POINT('Ctrl Pts',(-222.346378668186,-47.9388940065207,149.985245211778));
#7592=CARTESIAN_POINT('Ctrl Pts',(-149.860535547969,-49.098494588487,149.984052997736));
#7593=CARTESIAN_POINT('Ctrl Pts',(-113.612795706743,-49.4688089844069,149.982841311687));
#7594=CARTESIAN_POINT('Ctrl Pts',(-59.239818602609,-49.7257542182027,149.990278069772));
#7595=CARTESIAN_POINT('Ctrl Pts',(-41.1152811068478,-49.7617108975005,149.99425855032));
#7596=CARTESIAN_POINT('Ctrl Pts',(-15.3628344113354,-49.7442453173898,150.021566372112));
#7597=CARTESIAN_POINT('Ctrl Pts',(-7.73497731211726,-49.7305234039381,150.037415055008));
#7598=CARTESIAN_POINT('Ctrl Pts',(-0.0941769314698222,-49.7083206837754,
150.03480823762));
#7599=CARTESIAN_POINT('Ctrl Pts',(-0.0812083838796709,-49.7082829752775,
150.034803745483));
#7600=CARTESIAN_POINT('Ctrl Pts',(10.4156323471377,-49.6777417213313,150.03111281694));
#7601=CARTESIAN_POINT('Ctrl Pts',(20.8995270145638,-49.6312473742594,149.968037633973));
#7602=CARTESIAN_POINT('Ctrl Pts',(67.6251501500653,-49.3590979904717,149.178079126826));
#7603=CARTESIAN_POINT('Ctrl Pts',(103.860340213818,-48.9776656628333,147.36580658805));
#7604=CARTESIAN_POINT('Ctrl Pts',(175.988334593746,-47.9416966910379,140.095413901747));
#7605=CARTESIAN_POINT('Ctrl Pts',(211.923294568425,-47.2801317786727,134.705848516224));
#7606=CARTESIAN_POINT('Ctrl Pts',(264.766538491751,-46.1484146238261,121.833442026522));
#7607=CARTESIAN_POINT('Ctrl Pts',(282.204494864242,-45.7449650896965,116.738590803249));
#7608=CARTESIAN_POINT('Ctrl Pts',(316.205086668828,-44.9112771175803,104.023258611267));
#7609=CARTESIAN_POINT('Ctrl Pts',(332.834760924328,-44.4802677531774,96.4278232271334));
#7610=CARTESIAN_POINT('Ctrl Pts',(355.812322439028,-43.8566420175014,81.6621824540882));
#7611=CARTESIAN_POINT('Ctrl Pts',(363.127950575768,-43.6527191885743,76.1607257093933));
#7612=CARTESIAN_POINT('Ctrl Pts',(376.407634447275,-43.2757788894323,63.6663499809071));
#7613=CARTESIAN_POINT('Ctrl Pts',(382.360934022695,-43.1031491577454,56.6546523767363));
#7614=CARTESIAN_POINT('Ctrl Pts',(391.897118458243,-42.824682099388,41.1278329236514));
#7615=CARTESIAN_POINT('Ctrl Pts',(395.429984768671,-42.7205455039752,32.6143273155546));
#7616=CARTESIAN_POINT('Ctrl Pts',(399.305103883654,-42.6121502676286,15.985111902826));
#7617=CARTESIAN_POINT('Ctrl Pts',(399.929267021826,-42.6014469533279,7.99225908787921));
#7618=CARTESIAN_POINT('Ctrl Pts',(400.006102564835,-42.6009146806144,-1.16352141904391));
#7619=CARTESIAN_POINT('Ctrl Pts',(400.005614786856,-42.6009947927223,-2.3266608552988));
#7620=CARTESIAN_POINT('Ctrl Pts',(399.997269245423,-42.6011423249215,-3.49006962082006));
#7621=CARTESIAN_POINT('Ctrl Pts',(-403.449108767431,-39.9562317306511,150.000037801802));
#7622=CARTESIAN_POINT('Ctrl Pts',(-402.299240154687,-39.9982553727333,150.000081323175));
#7623=CARTESIAN_POINT('Ctrl Pts',(-401.149464120413,-40.0404725440801,150.000095873256));
#7624=CARTESIAN_POINT('Ctrl Pts',(-383.041859972624,-40.7066368102006,149.999881311107));
#7625=CARTESIAN_POINT('Ctrl Pts',(-366.096681303036,-41.299994938809,149.995007251399));
#7626=CARTESIAN_POINT('Ctrl Pts',(-331.035794342994,-42.4157204575973,149.990214841302));
#7627=CARTESIAN_POINT('Ctrl Pts',(-312.924949860829,-42.9404496558786,149.988779823306));
#7628=CARTESIAN_POINT('Ctrl Pts',(-258.584171234024,-44.3607217878562,149.985324148843));
#7629=CARTESIAN_POINT('Ctrl Pts',(-222.34603938113,-45.1031759662094,149.984092792936));
#7630=CARTESIAN_POINT('Ctrl Pts',(-149.861295859779,-46.1940782235279,149.982786575969));
#7631=CARTESIAN_POINT('Ctrl Pts',(-113.614370123242,-46.5424665247163,149.981445810962));
#7632=CARTESIAN_POINT('Ctrl Pts',(-59.2427754986762,-46.7842174084883,149.989420029491));
#7633=CARTESIAN_POINT('Ctrl Pts',(-41.118728296061,-46.8180563521153,149.993625529274));
#7634=CARTESIAN_POINT('Ctrl Pts',(-15.3669527898292,-46.8016313810545,150.02384017028));
#7635=CARTESIAN_POINT('Ctrl Pts',(-7.73928865078935,-46.7887191162075,150.040151136392));
#7636=CARTESIAN_POINT('Ctrl Pts',(-0.0986813242796061,-46.7678330032824,
150.037458553522));
#7637=CARTESIAN_POINT('Ctrl Pts',(-0.0857131043575679,-46.7677975308892,
150.037453915754));
#7638=CARTESIAN_POINT('Ctrl Pts',(10.4108624099366,-46.7390673770268,150.033645069229));
#7639=CARTESIAN_POINT('Ctrl Pts',(20.8944930592548,-46.6953394983021,149.971873256708));
#7640=CARTESIAN_POINT('Ctrl Pts',(67.6190323505527,-46.4393311640538,149.186660747667));
#7641=CARTESIAN_POINT('Ctrl Pts',(103.853516869046,-46.0805182014628,147.374692364171));
#7642=CARTESIAN_POINT('Ctrl Pts',(175.981031348036,-45.105979464331,140.10875907286));
#7643=CARTESIAN_POINT('Ctrl Pts',(211.915835567667,-44.483694054972,134.72163881143));
#7644=CARTESIAN_POINT('Ctrl Pts',(264.763137925419,-43.4190430295013,121.858009359232));
#7645=CARTESIAN_POINT('Ctrl Pts',(282.203137365932,-43.039525588738,116.766822580233));
#7646=CARTESIAN_POINT('Ctrl Pts',(316.212633696317,-42.255170194259,104.060893688208));
#7647=CARTESIAN_POINT('Ctrl Pts',(332.85024075639,-41.8495808720997,96.4723105130603));
#7648=CARTESIAN_POINT('Ctrl Pts',(355.844000684106,-41.2626275707172,81.7105312810393));
#7649=CARTESIAN_POINT('Ctrl Pts',(363.165563025419,-41.0707074264653,76.2088218712651));
#7650=CARTESIAN_POINT('Ctrl Pts',(376.452585613655,-40.7160364369688,63.7094597888874));
#7651=CARTESIAN_POINT('Ctrl Pts',(382.40720940865,-40.5536441471331,56.6928516499913));
#7652=CARTESIAN_POINT('Ctrl Pts',(391.933393328284,-40.2919691676398,41.1548191182076));
#7653=CARTESIAN_POINT('Ctrl Pts',(395.455383658734,-40.194227677291,32.6350931755534));
#7654=CARTESIAN_POINT('Ctrl Pts',(399.302220170268,-40.0927469948654,15.9957739682689));
#7655=CARTESIAN_POINT('Ctrl Pts',(399.926682841659,-40.0821679658238,7.99743017286841));
#7656=CARTESIAN_POINT('Ctrl Pts',(400.005730273821,-40.0814368652333,-1.16441515701813));
#7657=CARTESIAN_POINT('Ctrl Pts',(400.005358618916,-40.0814990906372,-2.3283014215004));
#7658=CARTESIAN_POINT('Ctrl Pts',(399.996914914859,-40.0816441670856,-3.49241786856429));
#7659=CARTESIAN_POINT('Ctrl Pts',(-403.449545919747,-34.9314851799387,150.000001502382));
#7660=CARTESIAN_POINT('Ctrl Pts',(-402.299583438003,-34.9684585415235,150.000041662368));
#7661=CARTESIAN_POINT('Ctrl Pts',(-401.149706666525,-35.0054814101228,150.000053770644));
#7662=CARTESIAN_POINT('Ctrl Pts',(-383.040400303966,-35.5883235426907,149.999823244685));
#7663=CARTESIAN_POINT('Ctrl Pts',(-366.09468382128,-36.1058193705331,149.994632508331));
#7664=CARTESIAN_POINT('Ctrl Pts',(-331.033247745868,-37.0814154400117,149.989299519755));
#7665=CARTESIAN_POINT('Ctrl Pts',(-312.922023325595,-37.5396849175438,149.987718131332));
#7666=CARTESIAN_POINT('Ctrl Pts',(-258.580639922432,-38.7805541507845,149.983907994931));
#7667=CARTESIAN_POINT('Ctrl Pts',(-222.342781436553,-39.4292869780603,149.982554124457));
#7668=CARTESIAN_POINT('Ctrl Pts',(-149.859753449377,-40.3826030897347,149.981093964762));
#7669=CARTESIAN_POINT('Ctrl Pts',(-113.614223669498,-40.6871121182404,149.97957979752));
#7670=CARTESIAN_POINT('Ctrl Pts',(-59.2450132689116,-40.89849846085,149.988265000923));
#7671=CARTESIAN_POINT('Ctrl Pts',(-41.1218129381927,-40.9281203424014,149.992828301029));
#7672=CARTESIAN_POINT('Ctrl Pts',(-15.3712025940996,-40.9138303154567,150.026914455017));
#7673=CARTESIAN_POINT('Ctrl Pts',(-7.74387553813064,-40.9025598387149,150.043817552388));
#7674=CARTESIAN_POINT('Ctrl Pts',(-0.103604195440971,-40.8843310860469,
150.040994079101));
#7675=CARTESIAN_POINT('Ctrl Pts',(-0.0906365457730175,-40.884300126846,
150.040989219077));
#7676=CARTESIAN_POINT('Ctrl Pts',(10.4054774031361,-40.8592253472525,150.037000411118));
#7677=CARTESIAN_POINT('Ctrl Pts',(20.8886508783124,-40.8210659425693,149.976907053036));
#7678=CARTESIAN_POINT('Ctrl Pts',(67.6112979565565,-40.5975357062843,149.198077228095));
#7679=CARTESIAN_POINT('Ctrl Pts',(103.84455805094,-40.2841217419138,147.386500451301));
#7680=CARTESIAN_POINT('Ctrl Pts',(175.971102629815,-39.4328279698264,140.126620631659));
#7681=CARTESIAN_POINT('Ctrl Pts',(211.905615711849,-38.8893409031029,134.742600175607));
#7682=CARTESIAN_POINT('Ctrl Pts',(264.758471679853,-37.9593720208184,121.890814390738));
#7683=CARTESIAN_POINT('Ctrl Pts',(282.201243977653,-37.6279424588766,116.804442093452));
#7684=CARTESIAN_POINT('Ctrl Pts',(316.222753832146,-36.9428954945408,104.110841180218));
#7685=CARTESIAN_POINT('Ctrl Pts',(332.87118009896,-36.5885716029886,96.5315237165973));
#7686=CARTESIAN_POINT('Ctrl Pts',(355.886766736772,-36.075829833322,81.7747588064945));
#7687=CARTESIAN_POINT('Ctrl Pts',(363.216239721924,-35.9082285234506,76.2725586487843));
#7688=CARTESIAN_POINT('Ctrl Pts',(376.512871449496,-35.5986404099371,63.7662814207872));
#7689=CARTESIAN_POINT('Ctrl Pts',(382.468979574776,-35.4569720249242,56.7430114184548));
#7690=CARTESIAN_POINT('Ctrl Pts',(391.981153836085,-35.2288084131095,41.189998102898));
#7691=CARTESIAN_POINT('Ctrl Pts',(395.487556496192,-35.143608870654,32.6621397659534));
#7692=CARTESIAN_POINT('Ctrl Pts',(399.298136951185,-35.0540150184319,16.0098960623305));
#7693=CARTESIAN_POINT('Ctrl Pts',(399.926043541919,-35.0424817898157,8.00494426883656));
#7694=CARTESIAN_POINT('Ctrl Pts',(400.008386747603,-35.041164331607,-1.16489442347431));
#7695=CARTESIAN_POINT('Ctrl Pts',(400.008152092871,-35.0411821896564,-2.32978156097615));
#7696=CARTESIAN_POINT('Ctrl Pts',(399.99950870034,-35.0413265488947,-3.49486061504133));
#7697=CARTESIAN_POINT('Ctrl Pts',(-403.4498095549,-32.4181725866644,149.999965808618));
#7698=CARTESIAN_POINT('Ctrl Pts',(-402.299799510199,-32.4525594266833,150.000003971515));
#7699=CARTESIAN_POINT('Ctrl Pts',(-401.149871137809,-32.4869408083402,150.00001484431));
#7700=CARTESIAN_POINT('Ctrl Pts',(-383.039684900084,-33.0277088409624,149.999780875416));
#7701=CARTESIAN_POINT('Ctrl Pts',(-366.093352319894,-33.5081230980726,149.994543833983));
#7702=CARTESIAN_POINT('Ctrl Pts',(-331.031218366288,-34.4134699984905,149.989071446096));
#7703=CARTESIAN_POINT('Ctrl Pts',(-312.919685201169,-34.8384026765935,149.987452763605));
#7704=CARTESIAN_POINT('Ctrl Pts',(-258.577700348683,-35.9893246565181,149.983552645425));
#7705=CARTESIAN_POINT('Ctrl Pts',(-222.339862865195,-36.5911187299657,149.982167877352));
#7706=CARTESIAN_POINT('Ctrl Pts',(-149.857450764076,-37.4755469391136,149.980667790891));
#7707=CARTESIAN_POINT('Ctrl Pts',(-113.612502824243,-37.758102743773,149.979109053076));
#7708=CARTESIAN_POINT('Ctrl Pts',(-59.2442941458251,-37.9543188139062,149.987968325859));
#7709=CARTESIAN_POINT('Ctrl Pts',(-41.1214503759187,-37.9818413263924,149.992650820904));
#7710=CARTESIAN_POINT('Ctrl Pts',(-15.3713340614348,-37.9686456210606,150.027717419969));
#7711=CARTESIAN_POINT('Ctrl Pts',(-7.74415108238586,-37.9582071839885,150.044754109677));
#7712=CARTESIAN_POINT('Ctrl Pts',(-0.104022663124471,-37.9413191387445,
150.041879333087));
#7713=CARTESIAN_POINT('Ctrl Pts',(-0.0910552560326431,-37.9412904565544,
150.041874385951));
#7714=CARTESIAN_POINT('Ctrl Pts',(10.4048623525169,-37.9180598888872,150.037815044095));
#7715=CARTESIAN_POINT('Ctrl Pts',(20.8878426200498,-37.8827025514881,149.978110319044));
#7716=CARTESIAN_POINT('Ctrl Pts',(67.609681422841,-37.6755090701422,149.200912293158));
#7717=CARTESIAN_POINT('Ctrl Pts',(103.842422589083,-37.3848745917677,147.389422613582));
#7718=CARTESIAN_POINT('Ctrl Pts',(175.968477140903,-36.5953953804061,140.131136835976));
#7719=CARTESIAN_POINT('Ctrl Pts',(211.902855040059,-36.091426940832,134.747771019771));
#7720=CARTESIAN_POINT('Ctrl Pts',(264.757205239403,-35.2290735892743,121.899050556943));
#7721=CARTESIAN_POINT('Ctrl Pts',(282.200707166447,-34.921799602304,116.813827895885));
#7722=CARTESIAN_POINT('Ctrl Pts',(316.225322606567,-34.2867277552523,104.123150444967));
#7723=CARTESIAN_POINT('Ctrl Pts',(332.8766303536,-33.9582489229927,96.5462455261029));
#7724=CARTESIAN_POINT('Ctrl Pts',(355.897844343075,-33.4830446828614,81.7906434881073));
#7725=CARTESIAN_POINT('Ctrl Pts',(363.229297168568,-33.3277591618275,76.2882091221275));
#7726=CARTESIAN_POINT('Ctrl Pts',(376.528210644777,-33.0409840458142,63.7800112747032));
#7727=CARTESIAN_POINT('Ctrl Pts',(382.484501990056,-32.9098010948389,56.7549890733209));
#7728=CARTESIAN_POINT('Ctrl Pts',(391.992669962609,-32.6983603651015,41.1982042679843));
#7729=CARTESIAN_POINT('Ctrl Pts',(395.494501227131,-32.6193052841641,32.6684248323001));
#7730=CARTESIAN_POINT('Ctrl Pts',(399.296632359239,-32.5347213297071,16.0133165537436));
#7731=CARTESIAN_POINT('Ctrl Pts',(399.927098675764,-32.5221492864786,8.00711316608321));
#7732=CARTESIAN_POINT('Ctrl Pts',(400.010599004474,-32.5204388411069,-1.16466773908007));
#7733=CARTESIAN_POINT('Ctrl Pts',(400.010407343459,-32.5204285912448,-2.32980700867938));
#7734=CARTESIAN_POINT('Ctrl Pts',(400.001693746173,-32.5205723841152,-3.49513592254327));
#7735=CARTESIAN_POINT('Ctrl Pts',(-403.450107127346,-27.3914199640484,149.999965829164));
#7736=CARTESIAN_POINT('Ctrl Pts',(-402.299988413083,-27.4206320658517,150.000003993113));
#7737=CARTESIAN_POINT('Ctrl Pts',(-401.149948429981,-27.4497308973781,150.000014866322));
#7738=CARTESIAN_POINT('Ctrl Pts',(-383.03797647563,-27.9063834997263,149.99978089283));
#7739=CARTESIAN_POINT('Ctrl Pts',(-366.090136480749,-28.3124530353131,149.994543764362));
#7740=CARTESIAN_POINT('Ctrl Pts',(-331.025718627175,-29.077070505495,149.989071361408));
#7741=CARTESIAN_POINT('Ctrl Pts',(-312.913323290196,-29.4352936543434,149.987452686223));
#7742=CARTESIAN_POINT('Ctrl Pts',(-258.569523552867,-30.4062252005932,149.983552597396));
#7743=CARTESIAN_POINT('Ctrl Pts',(-222.331490628816,-30.9141263455444,149.982167860371));
#7744=CARTESIAN_POINT('Ctrl Pts',(-149.849808178997,-31.6607554481366,149.980667985784));
#7745=CARTESIAN_POINT('Ctrl Pts',(-113.60578169013,-31.8994026880483,149.97910922822));
#7746=CARTESIAN_POINT('Ctrl Pts',(-59.2391796050661,-32.0652821254749,149.987969906202));
#7747=CARTESIAN_POINT('Ctrl Pts',(-41.1169090660403,-32.0886074336217,149.992651184461));
#7748=CARTESIAN_POINT('Ctrl Pts',(-15.3675982586314,-32.0776133237714,150.027726543203));
#7749=CARTESIAN_POINT('Ctrl Pts',(-7.74065277008722,-32.0688455062094,150.044769849873));
#7750=CARTESIAN_POINT('Ctrl Pts',(-0.100757968063051,-32.0546441206969,
150.041886425641));
#7751=CARTESIAN_POINT('Ctrl Pts',(-0.0877909574721603,-32.0546200014264,
150.041881463784));
#7752=CARTESIAN_POINT('Ctrl Pts',(10.4078057299474,-32.0350850557554,150.037810172193));
#7753=CARTESIAN_POINT('Ctrl Pts',(20.8904742514709,-32.0053357794263,149.978059889459));
#7754=CARTESIAN_POINT('Ctrl Pts',(67.6109874024496,-31.8308519714749,149.20069349357));
#7755=CARTESIAN_POINT('Ctrl Pts',(103.84288674542,-31.5858022833572,147.389314054252));
#7756=CARTESIAN_POINT('Ctrl Pts',(175.967976588299,-30.9200144293675,140.131344485309));
#7757=CARTESIAN_POINT('Ctrl Pts',(211.902135737088,-30.4950982481484,134.74752876901));
#7758=CARTESIAN_POINT('Ctrl Pts',(264.756901189608,-29.7680907669632,121.899128100769));
#7759=CARTESIAN_POINT('Ctrl Pts',(282.200551596904,-29.5091640055288,116.81366244969));
#7760=CARTESIAN_POINT('Ctrl Pts',(316.225444460075,-28.9742039128716,104.122258516348));
#7761=CARTESIAN_POINT('Ctrl Pts',(332.877216408669,-28.6975540174012,96.5455838780327));
#7762=CARTESIAN_POINT('Ctrl Pts',(355.898867862244,-28.2977127762425,81.7899547063138));
#7763=CARTESIAN_POINT('Ctrl Pts',(363.230291301413,-28.1671548235242,76.2872852250663));
#7764=CARTESIAN_POINT('Ctrl Pts',(376.529212579444,-27.9261397548248,63.7789099347771));
#7765=CARTESIAN_POINT('Ctrl Pts',(382.485430361402,-27.8159641052091,56.7538424467486));
#7766=CARTESIAN_POINT('Ctrl Pts',(391.993177373252,-27.6378492455806,41.197036792653));
#7767=CARTESIAN_POINT('Ctrl Pts',(395.494790126679,-27.5709073455478,32.6673951439201));
#7768=CARTESIAN_POINT('Ctrl Pts',(399.296672162559,-27.495999869625,16.0127466589773));
#7769=CARTESIAN_POINT('Ctrl Pts',(399.927109845691,-27.4814657353527,8.00684831448986));
#7770=CARTESIAN_POINT('Ctrl Pts',(400.010607028779,-27.4790353375359,-1.16463574899971));
#7771=CARTESIAN_POINT('Ctrl Pts',(400.010415206444,-27.4789728134896,-2.32973842964957));
#7772=CARTESIAN_POINT('Ctrl Pts',(400.001701443285,-27.4791146241502,-3.49503220402524));
#7773=CARTESIAN_POINT('Ctrl Pts',(-403.450142309176,-24.8780661781963,150.000001542776));
#7774=CARTESIAN_POINT('Ctrl Pts',(-402.299962460427,-24.9046889320982,150.000041704869));
#7775=CARTESIAN_POINT('Ctrl Pts',(-401.149862434017,-24.9311453107632,150.000053813975));
#7776=CARTESIAN_POINT('Ctrl Pts',(-383.036984123881,-25.3457360931751,149.999823278822));
#7777=CARTESIAN_POINT('Ctrl Pts',(-366.088252395564,-25.714493868464,149.994632368967));
#7778=CARTESIAN_POINT('Ctrl Pts',(-331.022248329961,-26.4086164360127,149.989299350395));
#7779=CARTESIAN_POINT('Ctrl Pts',(-312.909299605823,-26.7334698463228,149.987717976561));
#7780=CARTESIAN_POINT('Ctrl Pts',(-258.564286414428,-27.614357571963,149.983907898869));
#7781=CARTESIAN_POINT('Ctrl Pts',(-222.326037027558,-28.0753046709985,149.98255409049));
#7782=CARTESIAN_POINT('Ctrl Pts',(-149.844468324412,-28.7530224948126,149.981094354517));
#7783=CARTESIAN_POINT('Ctrl Pts',(-113.600781429863,-28.9697143563676,149.979580146823));
#7784=CARTESIAN_POINT('Ctrl Pts',(-59.2347841976751,-29.1204273578874,149.988268161673));
#7785=CARTESIAN_POINT('Ctrl Pts',(-41.1127303243429,-29.1416548268631,149.992829004534));
#7786=CARTESIAN_POINT('Ctrl Pts',(-15.363730985452,-29.1317678911721,150.026932687339));
#7787=CARTESIAN_POINT('Ctrl Pts',(-7.73687890981622,-29.1238386004007,150.043849045852));
#7788=CARTESIAN_POINT('Ctrl Pts',(-0.0970748000789169,-29.1109831362145,
150.041008284832));
#7789=CARTESIAN_POINT('Ctrl Pts',(-0.0841079434068806,-29.1109613028002,
150.041003395379));
#7790=CARTESIAN_POINT('Ctrl Pts',(10.4113641653482,-29.0932777247062,150.036990698197));
#7791=CARTESIAN_POINT('Ctrl Pts',(20.8939141513571,-29.0663344584728,149.976806183844));
#7792=CARTESIAN_POINT('Ctrl Pts',(67.6139099423853,-28.9082234095334,149.197639633466));
#7793=CARTESIAN_POINT('Ctrl Pts',(103.845486377693,-28.6859789035059,147.386283240024));
#7794=CARTESIAN_POINT('Ctrl Pts',(175.970101568217,-28.0820674678556,140.127036032458));
#7795=CARTESIAN_POINT('Ctrl Pts',(211.904177023203,-27.6966849705057,134.742115236027));
#7796=CARTESIAN_POINT('Ctrl Pts',(264.757863610556,-27.0374070929487,121.890969550856));
#7797=CARTESIAN_POINT('Ctrl Pts',(282.200932875058,-26.802671901971,116.80411119276));
#7798=CARTESIAN_POINT('Ctrl Pts',(316.222997511778,-26.317847710205,104.109057225494));
#7799=CARTESIAN_POINT('Ctrl Pts',(332.872352253009,-26.0671810363036,96.5302006381712));
#7800=CARTESIAN_POINT('Ctrl Pts',(355.888813954924,-25.7051639902661,81.7733815837886));
#7801=CARTESIAN_POINT('Ctrl Pts',(363.218227707462,-25.5870174982619,76.2707106349792));
#7802=CARTESIAN_POINT('Ctrl Pts',(376.514875349704,-25.3689494979614,63.7640787609635));
#7803=CARTESIAN_POINT('Ctrl Pts',(382.470836555387,-25.2692959684406,56.7407183818561));
#7804=CARTESIAN_POINT('Ctrl Pts',(391.982168515102,-25.1077891390281,41.1876630596017));
#7805=CARTESIAN_POINT('Ctrl Pts',(395.488134169734,-25.046823523245,32.6600803570056));
#7806=CARTESIAN_POINT('Ctrl Pts',(399.298216219346,-24.9766125454692,16.0087563133003));
#7807=CARTESIAN_POINT('Ctrl Pts',(399.926065514269,-24.9611611610117,8.00441469996352));
#7808=CARTESIAN_POINT('Ctrl Pts',(400.008402504479,-24.9584004904216,-1.16483024508823));
#7809=CARTESIAN_POINT('Ctrl Pts',(400.008167536174,-24.9583134661759,-2.32964419762676));
#7810=CARTESIAN_POINT('Ctrl Pts',(399.999523820271,-24.9584535505387,-3.49465296776228));
#7811=CARTESIAN_POINT('Ctrl Pts',(-403.450352007255,-19.8532822072366,150.000037846886));
#7812=CARTESIAN_POINT('Ctrl Pts',(-402.30005366486,-19.8748463221787,150.000081371381));
#7813=CARTESIAN_POINT('Ctrl Pts',(-401.149835079975,-19.8961051084234,150.000095922514));
#7814=CARTESIAN_POINT('Ctrl Pts',(-383.035131991961,-20.2273876961002,149.999881340825));
#7815=CARTESIAN_POINT('Ctrl Pts',(-366.083905503495,-20.5192373320384,149.995006995573));
#7816=CARTESIAN_POINT('Ctrl Pts',(-331.013899971315,-21.0722754439513,149.990214535119));
#7817=CARTESIAN_POINT('Ctrl Pts',(-312.899608502585,-21.3305380489219,149.988779542991));
#7818=CARTESIAN_POINT('Ctrl Pts',(-258.551569046328,-22.0316387416459,149.985323974875));
#7819=CARTESIAN_POINT('Ctrl Pts',(-222.312643147212,-22.3988030347503,149.98409273132));
#7820=CARTESIAN_POINT('Ctrl Pts',(-149.830789055837,-22.9388413371709,149.982787280025));
#7821=CARTESIAN_POINT('Ctrl Pts',(-113.587532182102,-23.1116453629174,149.981446469791));
#7822=CARTESIAN_POINT('Ctrl Pts',(-59.2223397814971,-23.2320095041816,149.989425708111));
#7823=CARTESIAN_POINT('Ctrl Pts',(-41.1005773523439,-23.2490268745514,149.993626504443));
#7824=CARTESIAN_POINT('Ctrl Pts',(-15.3520137664939,-23.241324173938,150.023872016944));
#7825=CARTESIAN_POINT('Ctrl Pts',(-7.72529648069621,-23.2350620730884,150.040210455423));
#7826=CARTESIAN_POINT('Ctrl Pts',(-0.085620796292981,-23.2248848097858,
150.037483920276));
#7827=CARTESIAN_POINT('Ctrl Pts',(-0.0726541575747554,-23.224867524919,
150.037479224706));
#7828=CARTESIAN_POINT('Ctrl Pts',(10.4226415534499,-23.2108679238694,150.033623452963));
#7829=CARTESIAN_POINT('Ctrl Pts',(20.9050290226032,-23.1895102051661,149.971669890376));
#7830=CARTESIAN_POINT('Ctrl Pts',(67.6242797675756,-23.0640246511369,149.185798746234));
#7831=CARTESIAN_POINT('Ctrl Pts',(103.855405272038,-22.8872820836524,147.374258965696));
#7832=CARTESIAN_POINT('Ctrl Pts',(175.979066745139,-22.406857466187,140.109573879484));
#7833=CARTESIAN_POINT('Ctrl Pts',(211.913003441281,-22.1003445775138,134.720685857414));
#7834=CARTESIAN_POINT('Ctrl Pts',(264.7619379084,-21.576194891941,121.85828897279));
#7835=CARTESIAN_POINT('Ctrl Pts',(282.20253141717,-21.3896966368481,116.766146735554));
#7836=CARTESIAN_POINT('Ctrl Pts',(316.213133790481,-21.0048211661453,104.057363746215));
#7837=CARTESIAN_POINT('Ctrl Pts',(332.852561009913,-20.8059577055966,96.4696692038023));
#7838=CARTESIAN_POINT('Ctrl Pts',(355.84806394574,-20.5192854091213,81.7078047833105));
#7839=CARTESIAN_POINT('Ctrl Pts',(363.169466558414,-20.4258400373906,76.2051218329618));
#7840=CARTESIAN_POINT('Ctrl Pts',(376.456542133792,-20.253413252867,63.7050962620204));
#7841=CARTESIAN_POINT('Ctrl Pts',(382.410888157858,-20.1746586686637,56.688323817288));
#7842=CARTESIAN_POINT('Ctrl Pts',(391.935390216373,-20.0462720642657,41.1501974974392));
#7843=CARTESIAN_POINT('Ctrl Pts',(395.456539799653,-19.9972801617091,32.6310364673054));
#7844=CARTESIAN_POINT('Ctrl Pts',(399.30237255845,-19.9375931138504,15.9935263730575));
#7845=CARTESIAN_POINT('Ctrl Pts',(399.926712145864,-19.9213957031531,7.99639312688452));
#7846=CARTESIAN_POINT('Ctrl Pts',(400.005747084496,-19.9182421331647,-1.16427872058084));
#7847=CARTESIAN_POINT('Ctrl Pts',(400.005374880796,-19.9181232876537,-2.32802052739082));
#7848=CARTESIAN_POINT('Ctrl Pts',(399.996930680707,-19.918260814407,-3.49199842448985));
#7849=CARTESIAN_POINT('Ctrl Pts',(-403.450575165419,-17.3419634423155,150.000023780087));
#7850=CARTESIAN_POINT('Ctrl Pts',(-402.300221126872,-17.3610603417774,150.000068155741));
#7851=CARTESIAN_POINT('Ctrl Pts',(-401.149944934433,-17.3797643187885,150.00008362699));
#7852=CARTESIAN_POINT('Ctrl Pts',(-383.034323180749,-17.6697756513917,149.999881452224));
#7853=CARTESIAN_POINT('Ctrl Pts',(-366.081442502065,-17.9219483562281,149.99529314247));
#7854=CARTESIAN_POINT('Ctrl Pts',(-331.009021652314,-18.4043926288835,149.990901857926));
#7855=CARTESIAN_POINT('Ctrl Pts',(-312.893941132563,-18.6294332250793,149.989575838056));
#7856=CARTESIAN_POINT('Ctrl Pts',(-258.544088925513,-19.240790258264,149.986384740949));
#7857=CARTESIAN_POINT('Ctrl Pts',(-222.304702937007,-19.5611257722936,149.985245139491));
#7858=CARTESIAN_POINT('Ctrl Pts',(-149.82244969109,-20.0323957503986,149.984053821175));
#7859=CARTESIAN_POINT('Ctrl Pts',(-113.579283228773,-20.1832672749598,149.982842106831));
#7860=CARTESIAN_POINT('Ctrl Pts',(-59.2142907935434,-20.288448910136,149.990284684086));
#7861=CARTESIAN_POINT('Ctrl Pts',(-41.0926031359365,-20.3033540095004,149.99425946358));
#7862=CARTESIAN_POINT('Ctrl Pts',(-15.3441637747123,-20.296728257913,150.021602662134));
#7863=CARTESIAN_POINT('Ctrl Pts',(-7.71748790245544,-20.2912947863335,150.037486472786));
#7864=CARTESIAN_POINT('Ctrl Pts',(-0.0778499544088001,-20.2824497736225,
150.034837699356));
#7865=CARTESIAN_POINT('Ctrl Pts',(-0.0648833797269988,-20.2824347513976,
150.034833135789));
#7866=CARTESIAN_POINT('Ctrl Pts',(10.4303605079119,-20.2702677199949,150.031084213531));
#7867=CARTESIAN_POINT('Ctrl Pts',(20.9127040611442,-20.2516895166919,149.967782174207));
#7868=CARTESIAN_POINT('Ctrl Pts',(67.6317270202166,-20.1424565354681,149.177011609726));
#7869=CARTESIAN_POINT('Ctrl Pts',(103.862724564797,-19.9884105842062,147.36526552445));
#7870=CARTESIAN_POINT('Ctrl Pts',(175.985907036064,-19.569595953056,140.096420449275));
#7871=CARTESIAN_POINT('Ctrl Pts',(211.919788478287,-19.3024189818753,134.7046699355));
#7872=CARTESIAN_POINT('Ctrl Pts',(264.765050480677,-18.8456671986146,121.83376828222));
#7873=CARTESIAN_POINT('Ctrl Pts',(282.203749705712,-18.6832141767969,116.737735425933));
#7874=CARTESIAN_POINT('Ctrl Pts',(316.205721311386,-18.3481507549012,104.018874670476));
#7875=CARTESIAN_POINT('Ctrl Pts',(332.837642810704,-18.1751064909231,96.4245250669439));
#7876=CARTESIAN_POINT('Ctrl Pts',(355.817378718002,-17.9259534162236,81.6587962275001));
#7877=CARTESIAN_POINT('Ctrl Pts',(363.132774582745,-17.8447972454145,76.1560966584802));
#7878=CARTESIAN_POINT('Ctrl Pts',(376.412541470929,-17.6950645130455,63.6609269792037));
#7879=CARTESIAN_POINT('Ctrl Pts',(382.365506279692,-17.6266868807757,56.6490365693076));
#7880=CARTESIAN_POINT('Ctrl Pts',(391.899589479117,-17.5148162154087,41.1220917064886));
#7881=CARTESIAN_POINT('Ctrl Pts',(395.431430656497,-17.4718251303489,32.6093032361178));
#7882=CARTESIAN_POINT('Ctrl Pts',(399.305289332109,-17.4179836676406,15.9823262311262));
#7883=CARTESIAN_POINT('Ctrl Pts',(399.929292026383,-17.4019736808554,7.99097961154244));
#7884=CARTESIAN_POINT('Ctrl Pts',(400.006112042187,-17.3987550860683,-1.16334445306344));
#7885=CARTESIAN_POINT('Ctrl Pts',(400.005623661221,-17.3986281920227,-2.32630474866781));
#7886=CARTESIAN_POINT('Ctrl Pts',(399.997277640661,-17.3987638470741,-3.48954184674859));
#7887=CARTESIAN_POINT('Ctrl Pts',(-403.451413246595,-12.3204890949031,149.999877885634));
#7888=CARTESIAN_POINT('Ctrl Pts',(-402.300971836369,-12.334896807166,149.999917878486));
#7889=CARTESIAN_POINT('Ctrl Pts',(-401.150593421503,-12.3486898493009,149.999932379942));
#7890=CARTESIAN_POINT('Ctrl Pts',(-383.033130710775,-12.5583782720693,149.999772199727));
#7891=CARTESIAN_POINT('Ctrl Pts',(-366.075769591114,-12.7285622773115,149.996121972577));
#7892=CARTESIAN_POINT('Ctrl Pts',(-330.997855771124,-13.0702320557829,149.99274322372));
#7893=CARTESIAN_POINT('Ctrl Pts',(-312.880979950553,-13.2291081077406,149.991700114149));
#7894=CARTESIAN_POINT('Ctrl Pts',(-258.526941547228,-13.6616944500059,149.989196308756));
#7895=CARTESIAN_POINT('Ctrl Pts',(-222.286386493892,-13.8886356434345,149.988297272191));
#7896=CARTESIAN_POINT('Ctrl Pts',(-149.802819479558,-14.2226807760943,149.987390308382));
#7897=CARTESIAN_POINT('Ctrl Pts',(-113.559581254801,-14.3297364916901,149.986504700757));
#7898=CARTESIAN_POINT('Ctrl Pts',(-59.1945844193997,-14.4045198826186,149.992466136824));
#7899=CARTESIAN_POINT('Ctrl Pts',(-41.0729068093799,-14.4151711045821,149.996063379801));
#7900=CARTESIAN_POINT('Ctrl Pts',(-15.3245257518677,-14.4106271610621,150.016007011838));
#7901=CARTESIAN_POINT('Ctrl Pts',(-7.69787917573061,-14.4068254328581,150.030509561284));
#7902=CARTESIAN_POINT('Ctrl Pts',(-0.0582643580297128,-14.4006132573457,
150.027765940901));
#7903=CARTESIAN_POINT('Ctrl Pts',(-0.0452978225856673,-14.4006027066462,
150.027761216396));
#7904=CARTESIAN_POINT('Ctrl Pts',(10.4499143226047,-14.3920572878076,150.023882042397));
#7905=CARTESIAN_POINT('Ctrl Pts',(20.9322395388057,-14.3789825788252,149.956917358545));
#7906=CARTESIAN_POINT('Ctrl Pts',(67.6510797654805,-14.301986502506,149.154194992964));
#7907=CARTESIAN_POINT('Ctrl Pts',(103.882004065253,-14.1930951246657,147.341287205583));
#7908=CARTESIAN_POINT('Ctrl Pts',(176.004157721384,-13.8969126298625,140.061217403346));
#7909=CARTESIAN_POINT('Ctrl Pts',(211.937885640682,-13.7080068991193,134.661973108837));
#7910=CARTESIAN_POINT('Ctrl Pts',(264.773161251588,-13.3852854295997,121.768469378239));
#7911=CARTESIAN_POINT('Ctrl Pts',(282.206746035039,-13.2706024218894,116.662265940079));
#7912=CARTESIAN_POINT('Ctrl Pts',(316.185996454154,-13.0343749431249,103.917189193327));
#7913=CARTESIAN_POINT('Ctrl Pts',(332.798404867415,-12.9125107267542,96.3054345606408));
#7914=CARTESIAN_POINT('Ctrl Pts',(355.736729730079,-12.7375256173517,81.5284651919373));
#7915=CARTESIAN_POINT('Ctrl Pts',(363.036228788701,-12.6806188418137,76.0251142681093));
#7916=CARTESIAN_POINT('Ctrl Pts',(376.295060318949,-12.5756558049738,63.5411721785041));
#7917=CARTESIAN_POINT('Ctrl Pts',(382.24240839016,-12.5277253397903,56.5413245169442));
#7918=CARTESIAN_POINT('Ctrl Pts',(391.796962631291,-12.4487431451449,41.0438533766743));
#7919=CARTESIAN_POINT('Ctrl Pts',(395.350980796693,-12.417881628957,32.5489979018099));
#7920=CARTESIAN_POINT('Ctrl Pts',(399.301420321557,-12.3774821366255,15.9524711333246));
#7921=CARTESIAN_POINT('Ctrl Pts',(399.937292108788,-12.3634088875231,7.97856799699582));
#7922=CARTESIAN_POINT('Ctrl Pts',(400.013706640123,-12.3605572736764,-1.15939800471088));
#7923=CARTESIAN_POINT('Ctrl Pts',(400.013396541653,-12.3604541154518,-2.32040595534135));
#7924=CARTESIAN_POINT('Ctrl Pts',(400.005585543182,-12.3606041561506,-3.48184182077127));
#7925=CARTESIAN_POINT('Ctrl Pts',(-403.452030033769,-9.81030774354982,149.999745447219));
#7926=CARTESIAN_POINT('Ctrl Pts',(-402.301557006441,-9.82249544549456,149.999780201753));
#7927=CARTESIAN_POINT('Ctrl Pts',(-401.151134003379,-9.83393367196618,149.999792814269));
#7928=CARTESIAN_POINT('Ctrl Pts',(-383.032748856508,-10.004571998355,149.99966228527));
#7929=CARTESIAN_POINT('Ctrl Pts',(-366.072558331418,-10.1324644154397,149.99666512139));
#7930=CARTESIAN_POINT('Ctrl Pts',(-330.991568295934,-10.4039668554017,149.993897343417));
#7931=CARTESIAN_POINT('Ctrl Pts',(-312.873686185506,-10.5298919659347,149.993028126566));
#7932=CARTESIAN_POINT('Ctrl Pts',(-258.517274435176,-10.8734508031969,149.99094709678));
#7933=CARTESIAN_POINT('Ctrl Pts',(-222.276010354674,-11.0538263809909,149.99019699028));
#7934=CARTESIAN_POINT('Ctrl Pts',(-149.791528696254,-11.3194148301289,149.989460224551));
#7935=CARTESIAN_POINT('Ctrl Pts',(-113.548128279562,-11.4045871887742,149.988772430946));
#7936=CARTESIAN_POINT('Ctrl Pts',(-59.1829270672984,-11.4641547402403,149.993787940545));
#7937=CARTESIAN_POINT('Ctrl Pts',(-41.0611847824788,-11.4726643147421,149.997254775846));
#7938=CARTESIAN_POINT('Ctrl Pts',(-15.3127376400882,-11.4691251490782,150.012686271455));
#7939=CARTESIAN_POINT('Ctrl Pts',(-7.68607895054676,-11.4661264954343,150.026256585835));
#7940=CARTESIAN_POINT('Ctrl Pts',(-0.0464495205584673,-11.4612148679513,
150.023340804342));
#7941=CARTESIAN_POINT('Ctrl Pts',(-0.0334829603012565,-11.4612065260701,
150.023335787661));
#7942=CARTESIAN_POINT('Ctrl Pts',(10.4617492748144,-11.45445009727,150.019220133906));
#7943=CARTESIAN_POINT('Ctrl Pts',(20.9441000977175,-11.444099305264,149.949923197513));
#7944=CARTESIAN_POINT('Ctrl Pts',(67.6629851602483,-11.3830872832622,149.140193305228));
#7945=CARTESIAN_POINT('Ctrl Pts',(103.893964349424,-11.2966536852692,147.326302510549));
#7946=CARTESIAN_POINT('Ctrl Pts',(176.015568301903,-11.0614929166097,140.039168211663));
#7947=CARTESIAN_POINT('Ctrl Pts',(211.94919783294,-10.9115223089166,134.63529275284));
#7948=CARTESIAN_POINT('Ctrl Pts',(264.778160946294,-10.6554326750136,121.727694037037));
#7949=CARTESIAN_POINT('Ctrl Pts',(282.20852634293,-10.5644742143046,116.615211859323));
#7950=CARTESIAN_POINT('Ctrl Pts',(316.173693074075,-10.3772697028671,103.854000561922));
#7951=CARTESIAN_POINT('Ctrl Pts',(332.774104116079,-10.2807655631387,96.2315002339532));
#7952=CARTESIAN_POINT('Ctrl Pts',(355.686795388696,-10.1424273051517,81.4471369600896));
#7953=CARTESIAN_POINT('Ctrl Pts',(362.976400547597,-10.0974799134038,75.9431390094083));
#7954=CARTESIAN_POINT('Ctrl Pts',(376.221583963516,-10.0145913036834,63.4655408617219));
#7955=CARTESIAN_POINT('Ctrl Pts',(382.164637547111,-9.97673022875686,56.4728462494183));
#7956=CARTESIAN_POINT('Ctrl Pts',(391.730049299107,-9.91412052330336,40.9936652139269));
#7957=CARTESIAN_POINT('Ctrl Pts',(395.295279500609,-9.88938404066943,32.5104172701345));
#7958=CARTESIAN_POINT('Ctrl Pts',(399.294539840412,-9.85657598107884,15.9338214882846));
#7959=CARTESIAN_POINT('Ctrl Pts',(399.942629916461,-9.84424762636798,7.97159654079362));
#7960=CARTESIAN_POINT('Ctrl Pts',(400.020876677533,-9.84182871554353,-1.15635480361561));
#7961=CARTESIAN_POINT('Ctrl Pts',(400.020872264342,-9.84175755869011,-2.31619253924419));
#7962=CARTESIAN_POINT('Ctrl Pts',(400.013514133481,-9.8419241809064,-3.47656938963266));
#7963=CARTESIAN_POINT('Ctrl Pts',(-403.452672069199,-4.86516453977257,149.999640910396));
#7964=CARTESIAN_POINT('Ctrl Pts',(-402.30214486135,-4.87326518774437,149.999664829595));
#7965=CARTESIAN_POINT('Ctrl Pts',(-401.151638562027,-4.88036613931457,149.999674463944));
#7966=CARTESIAN_POINT('Ctrl Pts',(-383.031442804449,-4.9788914889897,149.999635350319));
#7967=CARTESIAN_POINT('Ctrl Pts',(-366.065217966532,-5.02387823807867,149.998075222517));
#7968=CARTESIAN_POINT('Ctrl Pts',(-330.977775301132,-5.15839468702524,149.996636206131));
#7969=CARTESIAN_POINT('Ctrl Pts',(-312.857721168114,-5.21995942302155,149.996165521464));
#7970=CARTESIAN_POINT('Ctrl Pts',(-258.496147405682,-5.38943480265169,149.995047225656));
#7971=CARTESIAN_POINT('Ctrl Pts',(-222.25323985943,-5.47855223568251,149.994640765852));
#7972=CARTESIAN_POINT('Ctrl Pts',(-149.766456885175,-5.60987902324491,149.994265434869));
#7973=CARTESIAN_POINT('Ctrl Pts',(-113.522489228886,-5.65205628304112,149.993989594229));
#7974=CARTESIAN_POINT('Ctrl Pts',(-59.1564971545904,-5.68163079639368,149.996702751467));
#7975=CARTESIAN_POINT('Ctrl Pts',(-41.0344965558343,-5.68588317113336,149.99966703318));
#7976=CARTESIAN_POINT('Ctrl Pts',(-15.2857341318958,-5.68421357647193,150.005821818991));
#7977=CARTESIAN_POINT('Ctrl Pts',(-7.65899626780964,-5.68275677139891,150.017021057103));
#7978=CARTESIAN_POINT('Ctrl Pts',(-0.0192884469012871,-5.68035785963815,
150.012859215909));
#7979=CARTESIAN_POINT('Ctrl Pts',(-0.00632175358992688,-5.68035378531877,
150.012852084259));
#7980=CARTESIAN_POINT('Ctrl Pts',(10.4890181791191,-5.6770538112368,150.007024490875));
#7981=CARTESIAN_POINT('Ctrl Pts',(20.9714758936635,-5.67198364105418,149.932694587654));
#7982=CARTESIAN_POINT('Ctrl Pts',(67.6906907883773,-5.64203641120068,149.107979735097));
#7983=CARTESIAN_POINT('Ctrl Pts',(103.921931296373,-5.59945095460131,147.290862615163));
#7984=CARTESIAN_POINT('Ctrl Pts',(176.042269864422,-5.48351984195085,139.98692454381));
#7985=CARTESIAN_POINT('Ctrl Pts',(211.975549923705,-5.40960190781927,134.572172223503));
#7986=CARTESIAN_POINT('Ctrl Pts',(264.789384606817,-5.28350982239417,121.631555399251));
#7987=CARTESIAN_POINT('Ctrl Pts',(282.212071004156,-5.23877354231984,116.504509324006));
#7988=CARTESIAN_POINT('Ctrl Pts',(316.14455285955,-5.14686911036045,103.706092637578));
#7989=CARTESIAN_POINT('Ctrl Pts',(332.717674392034,-5.09956918969778,96.0589768080338));
#7990=CARTESIAN_POINT('Ctrl Pts',(355.571182606589,-5.03201660884433,81.2556410163499));
#7991=CARTESIAN_POINT('Ctrl Pts',(362.837891190805,-5.01010904555439,75.749073211343));
#7992=CARTESIAN_POINT('Ctrl Pts',(376.048358216679,-4.96973628574794,63.2832794751084));
#7993=CARTESIAN_POINT('Ctrl Pts',(381.978570083974,-4.95126172679159,56.3054571753076));
#7994=CARTESIAN_POINT('Ctrl Pts',(391.559259715235,-4.92055446275796,40.8687114312386));
#7995=CARTESIAN_POINT('Ctrl Pts',(395.145074420925,-4.90802795186356,32.4140533934847));
#7996=CARTESIAN_POINT('Ctrl Pts',(399.246109483142,-4.89139632532721,15.8883533042611));
#7997=CARTESIAN_POINT('Ctrl Pts',(399.932444720778,-4.88360322658361,7.95382000535804));
#7998=CARTESIAN_POINT('Ctrl Pts',(400.028602435328,-4.88282055824553,-1.15199649851531));
#7999=CARTESIAN_POINT('Ctrl Pts',(400.030895137176,-4.88290190210506,-2.30926192541834));
#8000=CARTESIAN_POINT('Ctrl Pts',(400.025943462589,-4.88317888905415,-3.46731364929131));
#8001=CARTESIAN_POINT('Ctrl Pts',(-403.452672309684,-2.43012686574759,149.999676359639));
#8002=CARTESIAN_POINT('Ctrl Pts',(-402.302120882575,-2.43634867378283,149.999695133889));
#8003=CARTESIAN_POINT('Ctrl Pts',(-401.151574967953,-2.44145963007547,149.999703919363));
#8004=CARTESIAN_POINT('Ctrl Pts',(-383.030491139076,-2.50688780613305,149.999726304375));
#8005=CARTESIAN_POINT('Ctrl Pts',(-366.061119306784,-2.5113623546498,149.998932079175));
#8006=CARTESIAN_POINT('Ctrl Pts',(-330.97031489142,-2.57900441022338,149.998206010085));
#8007=CARTESIAN_POINT('Ctrl Pts',(-312.84910098677,-2.60915755598082,149.99795831441));
#8008=CARTESIAN_POINT('Ctrl Pts',(-258.484754271812,-2.6935397996131,149.99737576279));
#8009=CARTESIAN_POINT('Ctrl Pts',(-222.240920128869,-2.73795256664471,149.997162416832));
#8010=CARTESIAN_POINT('Ctrl Pts',(-149.752766379387,-2.8034590856363,149.996977423558));
#8011=CARTESIAN_POINT('Ctrl Pts',(-113.508401537178,-2.82452209302453,149.99691302964));
#8012=CARTESIAN_POINT('Ctrl Pts',(-59.1418353294234,-2.839320720389,149.998285978576));
#8013=CARTESIAN_POINT('Ctrl Pts',(-41.019645283984,-2.84145885616739,150.000835487752));
#8014=CARTESIAN_POINT('Ctrl Pts',(-15.2706395016713,-2.8406574157448,150.002320074308));
#8015=CARTESIAN_POINT('Ctrl Pts',(-7.64383606204553,-2.83994060635887,150.012103112514));
#8016=CARTESIAN_POINT('Ctrl Pts',(-0.00406599240026744,-2.83875532358525,
150.006861324374));
#8017=CARTESIAN_POINT('Ctrl Pts',(0.00890080655195329,-2.83875331049076,
150.006852359657));
#8018=CARTESIAN_POINT('Ctrl Pts',(10.5043262444126,-2.8371228095257,149.999540984287));
#8019=CARTESIAN_POINT('Ctrl Pts',(20.9868630443781,-2.83461182059665,149.922578711149));
#8020=CARTESIAN_POINT('Ctrl Pts',(67.7063555184963,-2.81975753278099,149.089902754515));
#8021=CARTESIAN_POINT('Ctrl Pts',(103.9377973987,-2.79857354237789,147.270596353065));
#8022=CARTESIAN_POINT('Ctrl Pts',(176.057426039298,-2.7408779815902,139.957011162074));
#8023=CARTESIAN_POINT('Ctrl Pts',(211.990459604107,-2.70409570408874,134.536069817211));
#8024=CARTESIAN_POINT('Ctrl Pts',(264.795565994438,-2.64140557149488,121.576699720541));
#8025=CARTESIAN_POINT('Ctrl Pts',(282.213835725039,-2.61918172253048,116.441440027145));
#8026=CARTESIAN_POINT('Ctrl Pts',(316.127882325743,-2.57359140466216,103.622131218031));
#8027=CARTESIAN_POINT('Ctrl Pts',(332.685841887625,-2.55015781195498,95.9612651545524));
#8028=CARTESIAN_POINT('Ctrl Pts',(355.506097767393,-2.51678486482421,81.146470527063));
#8029=CARTESIAN_POINT('Ctrl Pts',(362.759935590061,-2.5059728578525,75.638010280134));
#8030=CARTESIAN_POINT('Ctrl Pts',(375.949549267166,-2.48606866141176,63.1776496511769));
#8031=CARTESIAN_POINT('Ctrl Pts',(381.871380872577,-2.47692483259891,56.2074739122788));
#8032=CARTESIAN_POINT('Ctrl Pts',(391.45645190447,-2.46175205280506,40.794676837413));
#8033=CARTESIAN_POINT('Ctrl Pts',(395.052067563823,-2.45531077613481,32.3568029883525));
#8034=CARTESIAN_POINT('Ctrl Pts',(399.204791484303,-2.44718634216398,15.8618316913821));
#8035=CARTESIAN_POINT('Ctrl Pts',(399.916617432487,-2.44211859697922,7.94305554446607));
#8036=CARTESIAN_POINT('Ctrl Pts',(400.028898247212,-2.44252471285259,-1.15077892567164));
#8037=CARTESIAN_POINT('Ctrl Pts',(400.033183532175,-2.44272562539674,-2.30665418263982));
#8038=CARTESIAN_POINT('Ctrl Pts',(400.030183098263,-2.44309629633898,-3.46344690482847));
#8039=CARTESIAN_POINT('Ctrl Pts',(-403.451743465084,0.0900012460234791,
149.999975726611));
#8040=CARTESIAN_POINT('Ctrl Pts',(-402.301159750695,0.0855998756874781,
149.99999244418));
#8041=CARTESIAN_POINT('Ctrl Pts',(-401.150569077814,0.0823791309165888,
150.000002809195));
#8042=CARTESIAN_POINT('Ctrl Pts',(-383.028574236319,0.0478067484734741,
150.000110724564));
#8043=CARTESIAN_POINT('Ctrl Pts',(-366.056217094684,0.0832168211111336,
150.000032477554));
#8044=CARTESIAN_POINT('Ctrl Pts',(-330.961880903541,0.0836902731827127,
150.00006132745));
#8045=CARTESIAN_POINT('Ctrl Pts',(-312.839389817868,0.0855644144866176,
150.000066890652));
#8046=CARTESIAN_POINT('Ctrl Pts',(-258.471976487771,0.0882671679521024,
150.000086166164));
#8047=CARTESIAN_POINT('Ctrl Pts',(-222.227063723518,0.0897680674286783,
150.000093050616));
#8048=CARTESIAN_POINT('Ctrl Pts',(-149.737255353925,0.0919172607288071,
150.000099113553));
#8049=CARTESIAN_POINT('Ctrl Pts',(-113.492360724325,0.0926073724927952,
150.000231995865));
#8050=CARTESIAN_POINT('Ctrl Pts',(-59.1250191138763,0.0930924369902041,
149.999989883234));
#8051=CARTESIAN_POINT('Ctrl Pts',(-41.0025729842955,0.0931631227706553,
150.001657780385));
#8052=CARTESIAN_POINT('Ctrl Pts',(-15.2532300783793,0.0931360020070499,
149.998766054562));
#8053=CARTESIAN_POINT('Ctrl Pts',(-7.62633149419527,0.0931127856464379,
150.006840228013));
#8054=CARTESIAN_POINT('Ctrl Pts',(0.0135253985853802,0.0930739450710054,
149.999762734388));
#8055=CARTESIAN_POINT('Ctrl Pts',(0.0264923448766371,0.0930738790992193,
149.999750653719));
#8056=CARTESIAN_POINT('Ctrl Pts',(10.5220370208018,0.0930204422315107,149.989916999962));
#8057=CARTESIAN_POINT('Ctrl Pts',(21.0046764749288,0.0929380918546171,149.910396623508));
#8058=CARTESIAN_POINT('Ctrl Pts',(67.7245575984529,0.0924505452089444,149.068876641605));
#8059=CARTESIAN_POINT('Ctrl Pts',(103.956262293745,0.0917559900011425,147.246703196079));
#8060=CARTESIAN_POINT('Ctrl Pts',(176.074989006939,0.0898653533730696,139.921697109348));
#8061=CARTESIAN_POINT('Ctrl Pts',(212.007619258159,0.0886593240850972,134.493476366334));
#8062=CARTESIAN_POINT('Ctrl Pts',(264.802278117929,0.0866031442111047,121.512244080101));
#8063=CARTESIAN_POINT('Ctrl Pts',(282.215285063675,0.0858747189949163,116.367482625174));
#8064=CARTESIAN_POINT('Ctrl Pts',(316.107959844284,0.084380083782585,103.524163259564));
#8065=CARTESIAN_POINT('Ctrl Pts',(332.648707437518,0.0836142570732795,95.84764755427));
#8066=CARTESIAN_POINT('Ctrl Pts',(355.430713368542,0.0825168444945861,81.0186253213844));
#8067=CARTESIAN_POINT('Ctrl Pts',(362.669793916456,0.0821722078357211,75.5073910400249));
#8068=CARTESIAN_POINT('Ctrl Pts',(375.833487109809,0.081503116423297,63.0515835879049));
#8069=CARTESIAN_POINT('Ctrl Pts',(381.744315237358,0.081260467362099,56.0890980183631));
#8070=CARTESIAN_POINT('Ctrl Pts',(391.327792171598,0.0806573902780396,40.7038059044846));
#8071=CARTESIAN_POINT('Ctrl Pts',(394.934147035358,0.0807415639635762,32.2858099694188));
#8072=CARTESIAN_POINT('Ctrl Pts',(399.133085224712,0.0799078195169918,15.8287936200639));
#8073=CARTESIAN_POINT('Ctrl Pts',(399.877321528965,0.0819298788125699,7.92757635702983));
#8074=CARTESIAN_POINT('Ctrl Pts',(400.01729430931,0.0798121714189049,-1.15325200271542));
#8075=CARTESIAN_POINT('Ctrl Pts',(400.024922838621,0.0794248682143895,-2.30759631409327));
#8076=CARTESIAN_POINT('Ctrl Pts',(400.025076229893,0.0788949654431421,-3.4629768317394));
#8077=CARTESIAN_POINT('Ctrl Pts',(-403.451713030493,0.170010624626411,149.999985498271));
#8078=CARTESIAN_POINT('Ctrl Pts',(-402.301128284395,0.165666920858554,150.000002153657));
#8079=CARTESIAN_POINT('Ctrl Pts',(-401.150536187106,0.162506014689936,150.000012571189));
#8080=CARTESIAN_POINT('Ctrl Pts',(-383.028512430691,0.128909847580633,150.000123223835));
#8081=CARTESIAN_POINT('Ctrl Pts',(-366.056060771179,0.165584122190255,150.000067634955));
#8082=CARTESIAN_POINT('Ctrl Pts',(-330.961612397627,0.168218951368347,150.000120470165));
#8083=CARTESIAN_POINT('Ctrl Pts',(-312.8390806843,0.17110941179115,150.000134096993));
#8084=CARTESIAN_POINT('Ctrl Pts',(-258.471569791041,0.176575934827531,150.000172528356));
#8085=CARTESIAN_POINT('Ctrl Pts',(-222.226622658388,0.179534144339454,150.000186425771));
#8086=CARTESIAN_POINT('Ctrl Pts',(-149.736761512926,0.183830801792833,150.000198547857));
#8087=CARTESIAN_POINT('Ctrl Pts',(-113.49184994042,0.185211432921227,150.000337672189));
#8088=CARTESIAN_POINT('Ctrl Pts',(-59.1244835244797,0.186181717847677,150.000044045173));
#8089=CARTESIAN_POINT('Ctrl Pts',(-41.002029202439,0.18632255113299,150.001683525206));
#8090=CARTESIAN_POINT('Ctrl Pts',(-15.2526755052763,0.186269197322469,149.998653254642));
#8091=CARTESIAN_POINT('Ctrl Pts',(-7.62577387246,0.186222513198206,150.006672920516));
#8092=CARTESIAN_POINT('Ctrl Pts',(0.0140857999351655,0.186144841904312,
149.999536437103));
#8093=CARTESIAN_POINT('Ctrl Pts',(0.0270527509435448,0.186144709981782,
149.999524256305));
#8094=CARTESIAN_POINT('Ctrl Pts',(10.522601244221,0.186037856476365,149.989609549896));
#8095=CARTESIAN_POINT('Ctrl Pts',(21.0052439793533,0.185873229366828,149.910008084019));
#8096=CARTESIAN_POINT('Ctrl Pts',(67.7251375463833,0.184898895014502,149.068206696224));
#8097=CARTESIAN_POINT('Ctrl Pts',(103.956850641647,0.183510015878403,147.245941598383));
#8098=CARTESIAN_POINT('Ctrl Pts',(176.07554854454,0.179728334129553,139.920571425386));
#8099=CARTESIAN_POINT('Ctrl Pts',(212.008165836068,0.177316705450548,134.492118664964));
#8100=CARTESIAN_POINT('Ctrl Pts',(264.802491530442,0.173205849374585,121.510189742718));
#8101=CARTESIAN_POINT('Ctrl Pts',(282.215330671623,0.171749089904486,116.365125582692));
#8102=CARTESIAN_POINT('Ctrl Pts',(316.107324540312,0.16876046885539,103.521041439826));
#8103=CARTESIAN_POINT('Ctrl Pts',(332.647524086443,0.167226872011633,95.8440274037967));
#8104=CARTESIAN_POINT('Ctrl Pts',(355.428311641702,0.165036019062981,81.0145510467833));
#8105=CARTESIAN_POINT('Ctrl Pts',(362.666922160064,0.164337515436854,75.5032278681764));
#8106=CARTESIAN_POINT('Ctrl Pts',(375.829787968027,0.163015887148543,63.0475639269738));
#8107=CARTESIAN_POINT('Ctrl Pts',(381.740264336801,0.162475513045689,56.0853223275286));
#8108=CARTESIAN_POINT('Ctrl Pts',(391.323684550588,0.16137189062682,40.7009062505362));
#8109=CARTESIAN_POINT('Ctrl Pts',(394.930380714827,0.161254184450722,32.2835439913769));
#8110=CARTESIAN_POINT('Ctrl Pts',(399.130779417597,0.160135857253415,15.8277388372556));
#8111=CARTESIAN_POINT('Ctrl Pts',(399.876050778331,0.162060974456757,7.92708038425112));
#8112=CARTESIAN_POINT('Ctrl Pts',(400.016913616836,0.159888440323859,-1.15333436774997));
#8113=CARTESIAN_POINT('Ctrl Pts',(400.024649561226,0.159495156500849,-2.30762997411912));
#8114=CARTESIAN_POINT('Ctrl Pts',(400.024904213611,0.158960135951525,-3.4629655415406));
#8115=CARTESIAN_POINT('Ctrl Pts',(-403.451681632666,0.250025374863893,149.999995542427));
#8116=CARTESIAN_POINT('Ctrl Pts',(-402.301095848005,0.245739212932389,150.000012138779));
#8117=CARTESIAN_POINT('Ctrl Pts',(-401.1505023227,0.242637977417738,150.000022611216));
#8118=CARTESIAN_POINT('Ctrl Pts',(-383.028449657529,0.210014691161476,150.000136023136));
#8119=CARTESIAN_POINT('Ctrl Pts',(-366.055903744067,0.247951148534735,150.000103018035));
#8120=CARTESIAN_POINT('Ctrl Pts',(-330.961343130005,0.252746313797191,150.000179856817));
#8121=CARTESIAN_POINT('Ctrl Pts',(-312.838770707433,0.256652670617922,150.000201570715));
#8122=CARTESIAN_POINT('Ctrl Pts',(-258.471162042172,0.264882121093684,150.000259207564));
#8123=CARTESIAN_POINT('Ctrl Pts',(-222.22618041474,0.269297371954593,150.000280139297));
#8124=CARTESIAN_POINT('Ctrl Pts',(-149.736266245507,0.275741154257477,150.000298313701));
#8125=CARTESIAN_POINT('Ctrl Pts',(-113.49133760595,0.277812248314568,150.000443658627));
#8126=CARTESIAN_POINT('Ctrl Pts',(-59.1239461953583,0.279267777487328,150.000098273537));
#8127=CARTESIAN_POINT('Ctrl Pts',(-41.001483618199,0.279478784602131,150.00170890792));
#8128=CARTESIAN_POINT('Ctrl Pts',(-15.2521190411367,0.279399268654734,149.998540478682));
#8129=CARTESIAN_POINT('Ctrl Pts',(-7.62521433159276,0.279329142038156,150.006505379008));
#8130=CARTESIAN_POINT('Ctrl Pts',(0.0146481436482462,0.279212670542166,
149.999309192481));
#8131=CARTESIAN_POINT('Ctrl Pts',(0.0276150994130406,0.279212472720854,
149.999296910342));
#8132=CARTESIAN_POINT('Ctrl Pts',(10.5231674419312,0.279052244525998,149.989300171091));
#8133=CARTESIAN_POINT('Ctrl Pts',(21.005813480062,0.278805392462893,149.909617735705));
#8134=CARTESIAN_POINT('Ctrl Pts',(67.7257195952879,0.277344526511798,149.067534301357));
#8135=CARTESIAN_POINT('Ctrl Pts',(103.957441146377,0.275261558084088,147.245176914359));
#8136=CARTESIAN_POINT('Ctrl Pts',(176.076110058188,0.269589415478324,139.919441135649));
#8137=CARTESIAN_POINT('Ctrl Pts',(212.008714231244,0.265972568429596,134.490755431311));
#8138=CARTESIAN_POINT('Ctrl Pts',(264.802705257604,0.259807803731291,121.508127277669));
#8139=CARTESIAN_POINT('Ctrl Pts',(282.215375860364,0.25762302136726,116.362759352565));
#8140=CARTESIAN_POINT('Ctrl Pts',(316.106686376134,0.25314119382355,103.517907902267));
#8141=CARTESIAN_POINT('Ctrl Pts',(332.646336243919,0.250840295152385,95.8403940251986));
#8142=CARTESIAN_POINT('Ctrl Pts',(355.42590133877,0.247556862808824,81.0104610910379));
#8143=CARTESIAN_POINT('Ctrl Pts',(362.664040284898,0.246504805741456,75.4990481810127));
#8144=CARTESIAN_POINT('Ctrl Pts',(375.826074188755,0.244531226242021,63.0435267079508));
#8145=CARTESIAN_POINT('Ctrl Pts',(381.736196348062,0.243693386347721,56.081528909722));
#8146=CARTESIAN_POINT('Ctrl Pts',(391.319553686863,0.242089496791835,40.6979917148599));
#8147=CARTESIAN_POINT('Ctrl Pts',(394.926591486637,0.241769845875188,32.2812657518174));
#8148=CARTESIAN_POINT('Ctrl Pts',(399.128444001725,0.240366748868143,15.8266780369669));
#8149=CARTESIAN_POINT('Ctrl Pts',(399.87475650688,0.242194676826765,7.92657975947095));
#8150=CARTESIAN_POINT('Ctrl Pts',(400.016520348707,0.239966825366256,-1.15342067308742));
#8151=CARTESIAN_POINT('Ctrl Pts',(400.024364989518,0.239567497329742,-2.30766747106458));
#8152=CARTESIAN_POINT('Ctrl Pts',(400.024722044951,0.239027295946396,-3.46295796982112));
#8153=CARTESIAN_POINT('Ctrl Pts',(-400.,6.10622663543836E-15,150.000000000001));
#8154=CARTESIAN_POINT('Ctrl Pts',(-400.,-4.98134102054568,149.99939983664));
#8155=CARTESIAN_POINT('Ctrl Pts',(-400.,-9.36227667379208,149.999838103494));
#8156=CARTESIAN_POINT('Ctrl Pts',(-400.,-20.3414824354076,150.000153370823));
#8157=CARTESIAN_POINT('Ctrl Pts',(-400.000000000557,-25.0108740954759,150.000000021954));
#8158=CARTESIAN_POINT('Ctrl Pts',(-400.000000000557,-34.9893381952344,149.99999997805));
#8159=CARTESIAN_POINT('Ctrl Pts',(-400.,-39.6584556257568,150.000153298881));
#8160=CARTESIAN_POINT('Ctrl Pts',(-400.,-50.6382721260265,149.999838165544));
#8161=CARTESIAN_POINT('Ctrl Pts',(-400.,-55.0192056546268,149.999400006593));
#8162=CARTESIAN_POINT('Ctrl Pts',(-400.,-59.999999999899,149.999999999999));
#8163=CARTESIAN_POINT('Origin',(-400.,-40.3360422453491,73.6403587272537));
#8164=UNCERTAINTY_MEASURE_WITH_UNIT(LENGTH_MEASURE(0.01),#8168,
'DISTANCE_ACCURACY_VALUE',
'Maximum model space distance between geometric entities at asserted c
onnectivities');
#8165=UNCERTAINTY_MEASURE_WITH_UNIT(LENGTH_MEASURE(0.01),#8168,
'DISTANCE_ACCURACY_VALUE',
'Maximum model space distance between geometric entities at asserted c
onnectivities');
#8166=(
GEOMETRIC_REPRESENTATION_CONTEXT(3)
GLOBAL_UNCERTAINTY_ASSIGNED_CONTEXT((#8164))
GLOBAL_UNIT_ASSIGNED_CONTEXT((#8168,#8170,#8171))
REPRESENTATION_CONTEXT('','3D')
);
#8167=(
GEOMETRIC_REPRESENTATION_CONTEXT(3)
GLOBAL_UNCERTAINTY_ASSIGNED_CONTEXT((#8165))
GLOBAL_UNIT_ASSIGNED_CONTEXT((#8168,#8170,#8171))
REPRESENTATION_CONTEXT('','3D')
);
#8168=(
LENGTH_UNIT()
NAMED_UNIT(*)
SI_UNIT(.MILLI.,.METRE.)
);
#8169=(
LENGTH_UNIT()
NAMED_UNIT(*)
SI_UNIT($,.METRE.)
);
#8170=(
NAMED_UNIT(*)
PLANE_ANGLE_UNIT()
SI_UNIT($,.RADIAN.)
);
#8171=(
NAMED_UNIT(*)
SI_UNIT($,.STERADIAN.)
SOLID_ANGLE_UNIT()
);
#8172=SHAPE_DEFINITION_REPRESENTATION(#8173,#8174);
#8173=PRODUCT_DEFINITION_SHAPE('',$,#8176);
#8174=SHAPE_REPRESENTATION('',(#119),#8166);
#8175=PRODUCT_DEFINITION_CONTEXT('part definition',#8180,'design');
#8176=PRODUCT_DEFINITION('2026-10-07-23-42-44-235','scow bow hull',#8177,
#8175);
#8177=PRODUCT_DEFINITION_FORMATION('',$,#8182);
#8178=PRODUCT_RELATED_PRODUCT_CATEGORY('scow bow hull','scow bow hull',
(#8182));
#8179=APPLICATION_PROTOCOL_DEFINITION('international standard',
'automotive_design',2009,#8180);
#8180=APPLICATION_CONTEXT(
'Core Data for Automotive Mechanical Design Process');
#8181=PRODUCT_CONTEXT('part definition',#8180,'mechanical');
#8182=PRODUCT('2026-10-07-23-42-44-235','scow bow hull',$,(#8181));
#8183=PRESENTATION_STYLE_ASSIGNMENT((#8184));
#8184=SURFACE_STYLE_USAGE(.BOTH.,#8185);
#8185=SURFACE_SIDE_STYLE('',(#8186));
#8186=SURFACE_STYLE_FILL_AREA(#8187);
#8187=FILL_AREA_STYLE('Steel - Satin',(#8188));
#8188=FILL_AREA_STYLE_COLOUR('Steel - Satin',#8189);
#8189=COLOUR_RGB('Steel - Satin',0.627450980392157,0.627450980392157,0.627450980392157);
ENDSEC;
END-ISO-10303-21;
